# Rhino

mtllib trasformazioni_geometriche.mtl
usemtl diffuse_Black
v 3676.134521484375 0 -2349.031982421875
v 3676.134521484375 2 -2349.031982421875
v 3676.134521484375 0 -2149.031982421875
v 3676.134521484375 2 -2149.031982421875
v 3676.134521484375 0 -2149.031982421875
v 3676.134521484375 2 -2149.031982421875
v 3876.134521484375 0 -2149.031982421875
v 3876.134521484375 2 -2149.031982421875
v 3876.134521484375 0 -2149.031982421875
v 3876.134521484375 2 -2149.031982421875
v 3876.134521484375 0 -2349.031982421875
v 3876.134521484375 2 -2349.031982421875
v 3876.134521484375 0 -2349.031982421875
v 3876.134521484375 2 -2349.031982421875
v 3676.134521484375 0 -2349.031982421875
v 3676.134521484375 2 -2349.031982421875
v 3866.134521484375 0 -2249.031982421875
v 3866.134521484375 2 -2249.031982421875
v 3859.8154296875 0 -2215.903564453125
v 3859.8154296875 2 -2215.903564453125
v 3839.774169921875 0 -2185.392578125
v 3839.774169921875 2 -2185.392578125
v 3809.262939453125 0 -2165.35107421875
v 3809.262939453125 2 -2165.35107421875
v 3776.134521484375 0 -2159.031982421875
v 3776.134521484375 2 -2159.031982421875
v 3743.006103515625 0 -2165.35107421875
v 3743.006103515625 2 -2165.35107421875
v 3712.494873046875 0 -2185.392578125
v 3712.494873046875 2 -2185.392578125
v 3692.45361328125 0 -2215.903564453125
v 3692.45361328125 2 -2215.903564453125
v 3686.134521484375 0 -2249.031982421875
v 3686.134521484375 2 -2249.031982421875
v 3692.45361328125 0 -2282.16064453125
v 3692.45361328125 2 -2282.16064453125
v 3712.494873046875 0 -2312.671630859375
v 3712.494873046875 2 -2312.671630859375
v 3743.006103515625 0 -2332.713134765625
v 3743.006103515625 2 -2332.713134765625
v 3776.134521484375 0 -2339.031982421875
v 3776.134521484375 2 -2339.031982421875
v 3809.262939453125 0 -2332.713134765625
v 3809.262939453125 2 -2332.713134765625
v 3839.774169921875 0 -2312.671630859375
v 3839.774169921875 2 -2312.671630859375
v 3859.8154296875 0 -2282.16064453125
v 3859.8154296875 2 -2282.16064453125
v 3866.134521484375 0 -2249.031982421875
v 3866.134521484375 2 -2249.031982421875
v 3676.134521484375 0 -2349.031982421875
v 3676.134521484375 0 -2149.031982421875
v 3876.134521484375 0 -2149.031982421875
v 3876.134521484375 0 -2349.031982421875
v 3866.134521484375 0 -2249.031982421875
v 3859.8154296875 0 -2215.903564453125
v 3839.774169921875 0 -2185.392578125
v 3809.262939453125 0 -2165.35107421875
v 3776.134521484375 0 -2159.031982421875
v 3743.006103515625 0 -2165.35107421875
v 3712.494873046875 0 -2185.392578125
v 3692.45361328125 0 -2215.903564453125
v 3686.134521484375 0 -2249.031982421875
v 3692.45361328125 0 -2282.16064453125
v 3712.494873046875 0 -2312.671630859375
v 3743.006103515625 0 -2332.713134765625
v 3776.134521484375 0 -2339.031982421875
v 3809.262939453125 0 -2332.713134765625
v 3839.774169921875 0 -2312.671630859375
v 3859.8154296875 0 -2282.16064453125
v 3676.134521484375 2 -2349.031982421875
v 3676.134521484375 2 -2149.031982421875
v 3876.134521484375 2 -2149.031982421875
v 3876.134521484375 2 -2349.031982421875
v 3866.134521484375 2 -2249.031982421875
v 3859.8154296875 2 -2215.903564453125
v 3839.774169921875 2 -2185.392578125
v 3809.262939453125 2 -2165.35107421875
v 3776.134521484375 2 -2159.031982421875
v 3743.006103515625 2 -2165.35107421875
v 3712.494873046875 2 -2185.392578125
v 3692.45361328125 2 -2215.903564453125
v 3686.134521484375 2 -2249.031982421875
v 3692.45361328125 2 -2282.16064453125
v 3712.494873046875 2 -2312.671630859375
v 3743.006103515625 2 -2332.713134765625
v 3776.134521484375 2 -2339.031982421875
v 3809.262939453125 2 -2332.713134765625
v 3839.774169921875 2 -2312.671630859375
v 3859.8154296875 2 -2282.16064453125
vt 0 0
vt 0 0.50248730182647705
vt 0.0017559672705829144 0
vt 0.0017559672705829144 0.50248730182647705
vt 0.0017559672705829144 0
vt 0.0017559672705829144 0.50248730182647705
vt 0.0035119345411658287 0
vt 0.0035119345411658287 0.50248730182647705
vt 0.0035119345411658287 0
vt 0.0035119345411658287 0.50248730182647705
vt 0.0052679018117487431 0
vt 0.0052679018117487431 0.50248730182647705
vt 0.0052679018117487431 0
vt 0.0052679018117487431 0.50248730182647705
vt 0.0070238690823316574 0
vt 0.0070238690823316574 0.50248730182647705
vt 0.0070238690823316574 0
vt 0.0070238690823316574 0.50248730182647705
vt 0.069084875285625458 0
vt 0.069084875285625458 0.50248730182647705
vt 0.13114587962627411 0
vt 0.13114587962627411 0.50248730182647705
vt 0.19320689141750336 0
vt 0.19320689141750336 0.50248730182647705
vt 0.25526788830757141 0
vt 0.25526788830757141 0.50248730182647705
vt 0.31732890009880066 0
vt 0.31732890009880066 0.50248730182647705
vt 0.37938991189002991 0
vt 0.37938991189002991 0.50248730182647705
vt 0.44145092368125916 0
vt 0.44145092368125916 0.50248730182647705
vt 0.50351190567016602 0
vt 0.50351190567016602 0.50248730182647705
vt 0.56557291746139526 0
vt 0.56557291746139526 0.50248730182647705
vt 0.62763392925262451 0
vt 0.62763392925262451 0.50248730182647705
vt 0.68969494104385376 0
vt 0.68969494104385376 0.50248730182647705
vt 0.75175595283508301 0
vt 0.75175595283508301 0.50248730182647705
vt 0.81381696462631226 0
vt 0.81381696462631226 0.50248730182647705
vt 0.8758779764175415 0
vt 0.8758779764175415 0.50248730182647705
vt 0.93793898820877075 0
vt 0.93793898820877075 0.50248730182647705
vt 1 0
vt 1 0.50248730182647705
vt 0.14685983955860138 0.50248783826828003
vt 0 0.50248783826828003
vt 0 1
vt 0.14685983955860138 1
vt 0.07342991977930069 0.97512441873550415
vt 0.049103669822216034 0.95940536260604858
vt 0.026699405163526535 0.90955132246017456
vt 0.01198306679725647 0.83365315198898315
vt 0.0073429918847978115 0.75124388933181763
vt 0.01198306679725647 0.66883468627929688
vt 0.026699405163526535 0.59293651580810547
vt 0.049103669822216034 0.54308247566223145
vt 0.07342991977930069 0.52736341953277588
vt 0.097756169736385345 0.54308247566223145
vt 0.12016043066978455 0.59293651580810547
vt 0.13487677276134491 0.66883468627929688
vt 0.13951684534549713 0.75124388933181763
vt 0.13487677276134491 0.83365315198898315
vt 0.12016043066978455 0.90955132246017456
vt 0.097756169736385345 0.95940536260604858
vt 0.14685983955860138 1
vt 0 1
vt 0 0.50248783826828003
vt 0.14685983955860138 0.50248783826828003
vt 0.07342991977930069 0.52736341953277588
vt 0.049103669822216034 0.54308247566223145
vt 0.026699405163526535 0.59293651580810547
vt 0.01198306679725647 0.66883468627929688
vt 0.0073429918847978115 0.75124388933181763
vt 0.01198306679725647 0.83365315198898315
vt 0.026699405163526535 0.90955132246017456
vt 0.049103669822216034 0.95940536260604858
vt 0.07342991977930069 0.97512441873550415
vt 0.097756169736385345 0.95940536260604858
vt 0.12016043066978455 0.90955132246017456
vt 0.13487677276134491 0.83365315198898315
vt 0.13951684534549713 0.75124388933181763
vt 0.13487677276134491 0.66883468627929688
vt 0.12016043066978455 0.59293651580810547
vt 0.097756169736385345 0.54308247566223145
vn -1 0 0
vn -1 0 0
vn -1 0 0
vn -1 0 0
vn 0 0 1
vn 0 0 1
vn 0 0 1
vn 0 0 1
vn 1 0 0
vn 1 0 0
vn 1 0 0
vn 1 0 0
vn 0 0 -1
vn 0 0 -1
vn 0 0 -1
vn 0 0 -1
vn -1 0 0
vn -1 0 0
vn -0.92978829145431519 0 -0.36809471249580383
vn -0.92978829145431519 0 -0.36809471249580383
vn -0.70710676908493042 0 -0.70710676908493042
vn -0.70710676908493042 0 -0.70710676908493042
vn -0.36809471249580383 0 -0.92978829145431519
vn -0.36809471249580383 0 -0.92978829145431519
vn 0 0 -1
vn 0 0 -1
vn 0.36809471249580383 0 -0.92978829145431519
vn 0.36809471249580383 0 -0.92978829145431519
vn 0.70710676908493042 0 -0.70710676908493042
vn 0.70710676908493042 0 -0.70710676908493042
vn 0.92978829145431519 0 -0.36809471249580383
vn 0.92978829145431519 0 -0.36809471249580383
vn 1 0 0
vn 1 0 0
vn 0.92978829145431519 0 0.36809471249580383
vn 0.92978829145431519 0 0.36809471249580383
vn 0.70710676908493042 0 0.70710676908493042
vn 0.70710676908493042 0 0.70710676908493042
vn 0.36809471249580383 0 0.92978829145431519
vn 0.36809471249580383 0 0.92978829145431519
vn 0 0 1
vn 0 0 1
vn -0.36809471249580383 0 0.92978829145431519
vn -0.36809471249580383 0 0.92978829145431519
vn -0.70710676908493042 0 0.70710676908493042
vn -0.70710676908493042 0 0.70710676908493042
vn -0.92978829145431519 0 0.36809471249580383
vn -0.92978829145431519 0 0.36809471249580383
vn -1 0 0
vn -1 0 0
vn 0 -1 0
vn 0 -1 0
vn 0 -1 0
vn 0 -1 0
vn 0 -1 0
vn 0 -1 0
vn 0 -1 0
vn 0 -1 0
vn 0 -1 0
vn 0 -1 0
vn 0 -1 0
vn 0 -1 0
vn 0 -1 0
vn 0 -1 0
vn 0 -1 0
vn 0 -1 0
vn 0 -1 0
vn 0 -1 0
vn 0 -1 0
vn 0 -1 0
vn 0 1 0
vn 0 1 0
vn 0 1 0
vn 0 1 0
vn 0 1 0
vn 0 1 0
vn 0 1 0
vn 0 1 0
vn 0 1 0
vn 0 1 0
vn 0 1 0
vn 0 1 0
vn 0 1 0
vn 0 1 0
vn 0 1 0
vn 0 1 0
vn 0 1 0
vn 0 1 0
vn 0 1 0
vn 0 1 0
f 1/1/1 3/3/3 4/4/4 2/2/2
f 5/5/5 7/7/7 8/8/8 6/6/6
f 9/9/9 11/11/11 12/12/12 10/10/10
f 13/13/13 15/15/15 16/16/16 14/14/14
f 17/17/17 19/19/19 20/20/20 18/18/18
f 19/19/19 21/21/21 22/22/22 20/20/20
f 21/21/21 23/23/23 24/24/24 22/22/22
f 23/23/23 25/25/25 26/26/26 24/24/24
f 25/25/25 27/27/27 28/28/28 26/26/26
f 27/27/27 29/29/29 30/30/30 28/28/28
f 29/29/29 31/31/31 32/32/32 30/30/30
f 31/31/31 33/33/33 34/34/34 32/32/32
f 33/33/33 35/35/35 36/36/36 34/34/34
f 35/35/35 37/37/37 38/38/38 36/36/36
f 37/37/37 39/39/39 40/40/40 38/38/38
f 39/39/39 41/41/41 42/42/42 40/40/40
f 41/41/41 43/43/43 44/44/44 42/42/42
f 43/43/43 45/45/45 46/46/46 44/44/44
f 45/45/45 47/47/47 48/48/48 46/46/46
f 47/47/47 49/49/49 50/50/50 48/48/48
f 55/55/55 70/70/70 54/54/54
f 69/69/69 54/54/54 70/70/70
f 54/54/54 69/69/69 68/68/68
f 54/54/54 68/68/68 67/67/67
f 67/67/67 51/51/51 54/54/54
f 56/56/56 55/55/55 53/53/53
f 54/54/54 53/53/53 55/55/55
f 53/53/53 58/58/58 57/57/57
f 53/53/53 57/57/57 56/56/56
f 59/59/59 58/58/58 53/53/53
f 51/51/51 66/66/66 65/65/65
f 63/63/63 51/51/51 64/64/64
f 65/65/65 64/64/64 51/51/51
f 52/52/52 51/51/51 63/63/63
f 51/51/51 67/67/67 66/66/66
f 52/52/52 60/60/60 59/59/59
f 52/52/52 62/62/62 61/61/61
f 63/63/63 62/62/62 52/52/52
f 60/60/60 52/52/52 61/61/61
f 53/53/53 52/52/52 59/59/59
f 75/75/75 74/74/74 90/90/90
f 89/89/89 90/90/90 74/74/74
f 74/74/74 88/88/88 89/89/89
f 74/74/74 87/87/87 88/88/88
f 87/87/87 74/74/74 71/71/71
f 76/76/76 73/73/73 75/75/75
f 74/74/74 75/75/75 73/73/73
f 73/73/73 77/77/77 78/78/78
f 73/73/73 76/76/76 77/77/77
f 79/79/79 73/73/73 78/78/78
f 71/71/71 85/85/85 86/86/86
f 83/83/83 84/84/84 71/71/71
f 85/85/85 71/71/71 84/84/84
f 72/72/72 83/83/83 71/71/71
f 71/71/71 86/86/86 87/87/87
f 72/72/72 79/79/79 80/80/80
f 72/72/72 81/81/81 82/82/82
f 83/83/83 72/72/72 82/82/82
f 80/80/80 81/81/81 72/72/72
f 73/73/73 79/79/79 72/72/72
usemtl diffuse_Black
v 3676.134521484375 12 -2338.75390625
v 3676.134521484375 14 -2338.75390625
v 3686.41259765625 12 -2149.031982421875
v 3686.41259765625 14 -2149.031982421875
v 3686.41259765625 12 -2149.031982421875
v 3686.41259765625 14 -2149.031982421875
v 3876.134521484375 12 -2159.310302734375
v 3876.134521484375 14 -2159.310302734375
v 3876.134521484375 12 -2159.310302734375
v 3876.134521484375 14 -2159.310302734375
v 3865.856201171875 12 -2349.031982421875
v 3865.856201171875 14 -2349.031982421875
v 3865.856201171875 12 -2349.031982421875
v 3865.856201171875 14 -2349.031982421875
v 3676.134521484375 12 -2338.75390625
v 3676.134521484375 14 -2338.75390625
v 3861.134521484375 12 -2249.031982421875
v 3861.134521484375 14 -2249.031982421875
v 3855.16650390625 12 -2217.744140625
v 3855.16650390625 14 -2217.744140625
v 3836.238525390625 12 -2188.927978515625
v 3836.238525390625 14 -2188.927978515625
v 3807.422607421875 12 -2170
v 3807.422607421875 14 -2170
v 3776.134521484375 12 -2164.031982421875
v 3776.134521484375 14 -2164.031982421875
v 3744.846435546875 12 -2170
v 3744.846435546875 14 -2170
v 3716.030517578125 12 -2188.927978515625
v 3716.030517578125 14 -2188.927978515625
v 3697.1025390625 12 -2217.744140625
v 3697.1025390625 14 -2217.744140625
v 3691.134521484375 12 -2249.031982421875
v 3691.134521484375 14 -2249.031982421875
v 3697.1025390625 12 -2280.320068359375
v 3697.1025390625 14 -2280.320068359375
v 3716.030517578125 12 -2309.13623046875
v 3716.030517578125 14 -2309.13623046875
v 3744.846435546875 12 -2328.06396484375
v 3744.846435546875 14 -2328.06396484375
v 3776.134521484375 12 -2334.031982421875
v 3776.134521484375 14 -2334.031982421875
v 3807.422607421875 12 -2328.06396484375
v 3807.422607421875 14 -2328.06396484375
v 3836.238525390625 12 -2309.13623046875
v 3836.238525390625 14 -2309.13623046875
v 3855.16650390625 12 -2280.320068359375
v 3855.16650390625 14 -2280.320068359375
v 3861.134521484375 12 -2249.031982421875
v 3861.134521484375 14 -2249.031982421875
v 3676.134521484375 12 -2338.75390625
v 3686.41259765625 12 -2149.031982421875
v 3876.134521484375 12 -2159.310302734375
v 3865.856201171875 12 -2349.031982421875
v 3861.134521484375 12 -2249.031982421875
v 3855.16650390625 12 -2217.744140625
v 3836.238525390625 12 -2188.927978515625
v 3807.422607421875 12 -2170
v 3776.134521484375 12 -2164.031982421875
v 3744.846435546875 12 -2170
v 3716.030517578125 12 -2188.927978515625
v 3697.1025390625 12 -2217.744140625
v 3691.134521484375 12 -2249.031982421875
v 3697.1025390625 12 -2280.320068359375
v 3716.030517578125 12 -2309.13623046875
v 3744.846435546875 12 -2328.06396484375
v 3776.134521484375 12 -2334.031982421875
v 3807.422607421875 12 -2328.06396484375
v 3836.238525390625 12 -2309.13623046875
v 3855.16650390625 12 -2280.320068359375
v 3676.134521484375 14 -2338.75390625
v 3686.41259765625 14 -2149.031982421875
v 3876.134521484375 14 -2159.310302734375
v 3865.856201171875 14 -2349.031982421875
v 3861.134521484375 14 -2249.031982421875
v 3855.16650390625 14 -2217.744140625
v 3836.238525390625 14 -2188.927978515625
v 3807.422607421875 14 -2170
v 3776.134521484375 14 -2164.031982421875
v 3744.846435546875 14 -2170
v 3716.030517578125 14 -2188.927978515625
v 3697.1025390625 14 -2217.744140625
v 3691.134521484375 14 -2249.031982421875
v 3697.1025390625 14 -2280.320068359375
v 3716.030517578125 14 -2309.13623046875
v 3744.846435546875 14 -2328.06396484375
v 3776.134521484375 14 -2334.031982421875
v 3807.422607421875 14 -2328.06396484375
v 3836.238525390625 14 -2309.13623046875
v 3855.16650390625 14 -2280.320068359375
vt 0 0
vt 0 0.50261753797531128
vt 0.0018584916833788157 0
vt 0.0018584916833788157 0.50261753797531128
vt 0.0018584916833788157 0
vt 0.0018584916833788157 0.50261753797531128
vt 0.0037169833667576313 0
vt 0.0037169833667576313 0.50261753797531128
vt 0.0037169833667576313 0
vt 0.0037169833667576313 0.50261753797531128
vt 0.0055754748173058033 0
vt 0.0055754748173058033 0.50261753797531128
vt 0.0055754748173058033 0
vt 0.0055754748173058033 0.50261753797531128
vt 0.0074339667335152626 0
vt 0.0074339667335152626 0.50261753797531128
vt 0.0074339667335152626 0
vt 0.0074339667335152626 0.50261753797531128
vt 0.069469340145587921 0
vt 0.069469340145587921 0.50261753797531128
vt 0.13150471448898315 0
vt 0.13150471448898315 0.50261753797531128
vt 0.19354009628295898 0
vt 0.19354009628295898 0.50261753797531128
vt 0.25557547807693481 0
vt 0.25557547807693481 0.50261753797531128
vt 0.31761085987091064 0
vt 0.31761085987091064 0.50261753797531128
vt 0.37964624166488647 0
vt 0.37964624166488647 0.50261753797531128
vt 0.44168159365653992 0
vt 0.44168159365653992 0.50261753797531128
vt 0.50371700525283813 0
vt 0.50371700525283813 0.50261753797531128
vt 0.56575238704681396 0
vt 0.56575238704681396 0.50261753797531128
vt 0.62778770923614502 0
vt 0.62778770923614502 0.50261753797531128
vt 0.68982309103012085 0
vt 0.68982309103012085 0.50261753797531128
vt 0.75185847282409668 0
vt 0.75185847282409668 0.50261753797531128
vt 0.81389385461807251 0
vt 0.81389385461807251 0.50261753797531128
vt 0.87592923641204834 0
vt 0.87592923641204834 0.50261753797531128
vt 0.93796461820602417 0
vt 0.93796461820602417 0.50261753797531128
vt 1 0
vt 1 0.50261753797531128
vt 0.14721500873565674 1
vt 0.14721500873565674 0.50261807441711426
vt 0 0.50261807441711426
vt 0 1
vt 0.0078445933759212494 0.73927199840545654
vt 0.013773336075246334 0.65833121538162231
vt 0.029625324532389641 0.58568751811981201
vt 0.052713096141815186 0.54029124975204468
vt 0.077170222997665405 0.52912187576293945
vt 0.10112705826759338 0.54915279150009155
vt 0.12262813001871109 0.60271042585372925
vt 0.13606451451778412 0.68071496486663818
vt 0.13937042653560638 0.76334607601165771
vt 0.13344167172908783 0.84428679943084717
vt 0.11758968979120255 0.91693055629730225
vt 0.094501912593841553 0.96232682466506958
vt 0.07004479318857193 0.9734961986541748
vt 0.046087954193353653 0.95346528291702271
vt 0.024586884304881096 0.89990758895874023
vt 0.011150501668453217 0.8219030499458313
vt 0.14721500873565674 0.50261807441711426
vt 0.14721500873565674 1
vt 0 1
vt 0 0.50261807441711426
vt 0.0078445933759212494 0.76334607601165771
vt 0.013773336075246334 0.84428679943084717
vt 0.029625324532389641 0.91693055629730225
vt 0.052713096141815186 0.96232682466506958
vt 0.077170222997665405 0.9734961986541748
vt 0.10112705826759338 0.95346528291702271
vt 0.12262813001871109 0.89990758895874023
vt 0.13606451451778412 0.8219030499458313
vt 0.13937042653560638 0.73927199840545654
vt 0.13344167172908783 0.65833121538162231
vt 0.11758968979120255 0.58568751811981201
vt 0.094501912593841553 0.54029124975204468
vt 0.07004479318857193 0.52912187576293945
vt 0.046087954193353653 0.54915279150009155
vt 0.024586884304881096 0.60271042585372925
vt 0.011150501668453217 0.68071496486663818
vn -0.99853575229644775 0 0.054095830768346786
vn -0.99853575229644775 0 0.054095830768346786
vn -0.99853575229644775 0 0.054095830768346786
vn -0.99853575229644775 0 0.054095830768346786
vn 0.054095830768346786 0 0.99853575229644775
vn 0.054095830768346786 0 0.99853575229644775
vn 0.054095830768346786 0 0.99853575229644775
vn 0.054095830768346786 0 0.99853575229644775
vn 0.99853575229644775 0 -0.054095830768346786
vn 0.99853575229644775 0 -0.054095830768346786
vn 0.99853575229644775 0 -0.054095830768346786
vn 0.99853575229644775 0 -0.054095830768346786
vn -0.054095830768346786 0 -0.99853575229644775
vn -0.054095830768346786 0 -0.99853575229644775
vn -0.054095830768346786 0 -0.99853575229644775
vn -0.054095830768346786 0 -0.99853575229644775
vn -1 0 0
vn -1 0 0
vn -0.92978829145431519 0 -0.36809471249580383
vn -0.92978829145431519 0 -0.36809471249580383
vn -0.70710676908493042 0 -0.70710676908493042
vn -0.70710676908493042 0 -0.70710676908493042
vn -0.36809471249580383 0 -0.92978829145431519
vn -0.36809471249580383 0 -0.92978829145431519
vn 0 0 -1
vn 0 0 -1
vn 0.36809471249580383 0 -0.92978829145431519
vn 0.36809471249580383 0 -0.92978829145431519
vn 0.70710676908493042 0 -0.70710676908493042
vn 0.70710676908493042 0 -0.70710676908493042
vn 0.92978829145431519 0 -0.36809471249580383
vn 0.92978829145431519 0 -0.36809471249580383
vn 1 0 0
vn 1 0 0
vn 0.92978829145431519 0 0.36809471249580383
vn 0.92978829145431519 0 0.36809471249580383
vn 0.70710676908493042 0 0.70710676908493042
vn 0.70710676908493042 0 0.70710676908493042
vn 0.36809471249580383 0 0.92978829145431519
vn 0.36809471249580383 0 0.92978829145431519
vn 0 0 1
vn 0 0 1
vn -0.36809471249580383 0 0.92978829145431519
vn -0.36809471249580383 0 0.92978829145431519
vn -0.70710676908493042 0 0.70710676908493042
vn -0.70710676908493042 0 0.70710676908493042
vn -0.92978829145431519 0 0.36809471249580383
vn -0.92978829145431519 0 0.36809471249580383
vn -1 0 0
vn -1 0 0
vn 0 -1 0
vn 0 -1 0
vn 0 -1 0
vn 0 -1 0
vn 0 -1 0
vn 0 -1 0
vn 0 -1 0
vn 0 -1 0
vn 0 -1 0
vn 0 -1 0
vn 0 -1 0
vn 0 -1 0
vn 0 -1 0
vn 0 -1 0
vn 0 -1 0
vn 0 -1 0
vn 0 -1 0
vn 0 -1 0
vn 0 -1 0
vn 0 -1 0
vn 0 1 0
vn 0 1 0
vn 0 1 0
vn 0 1 0
vn 0 1 0
vn 0 1 0
vn 0 1 0
vn 0 1 0
vn 0 1 0
vn 0 1 0
vn 0 1 0
vn 0 1 0
vn 0 1 0
vn 0 1 0
vn 0 1 0
vn 0 1 0
vn 0 1 0
vn 0 1 0
vn 0 1 0
vn 0 1 0
f 91/91/91 93/93/93 94/94/94 92/92/92
f 95/95/95 97/97/97 98/98/98 96/96/96
f 99/99/99 101/101/101 102/102/102 100/100/100
f 103/103/103 105/105/105 106/106/106 104/104/104
f 107/107/107 109/109/109 110/110/110 108/108/108
f 109/109/109 111/111/111 112/112/112 110/110/110
f 111/111/111 113/113/113 114/114/114 112/112/112
f 113/113/113 115/115/115 116/116/116 114/114/114
f 115/115/115 117/117/117 118/118/118 116/116/116
f 117/117/117 119/119/119 120/120/120 118/118/118
f 119/119/119 121/121/121 122/122/122 120/120/120
f 121/121/121 123/123/123 124/124/124 122/122/122
f 123/123/123 125/125/125 126/126/126 124/124/124
f 125/125/125 127/127/127 128/128/128 126/126/126
f 127/127/127 129/129/129 130/130/130 128/128/128
f 129/129/129 131/131/131 132/132/132 130/130/130
f 131/131/131 133/133/133 134/134/134 132/132/132
f 133/133/133 135/135/135 136/136/136 134/134/134
f 135/135/135 137/137/137 138/138/138 136/136/136
f 137/137/137 139/139/139 140/140/140 138/138/138
f 145/145/145 160/160/160 144/144/144
f 159/159/159 144/144/144 160/160/160
f 144/144/144 159/159/159 158/158/158
f 144/144/144 158/158/158 157/157/157
f 157/157/157 141/141/141 144/144/144
f 146/146/146 145/145/145 143/143/143
f 144/144/144 143/143/143 145/145/145
f 143/143/143 148/148/148 147/147/147
f 143/143/143 147/147/147 146/146/146
f 149/149/149 148/148/148 143/143/143
f 141/141/141 156/156/156 155/155/155
f 153/153/153 141/141/141 154/154/154
f 155/155/155 154/154/154 141/141/141
f 142/142/142 141/141/141 153/153/153
f 141/141/141 157/157/157 156/156/156
f 142/142/142 150/150/150 149/149/149
f 142/142/142 152/152/152 151/151/151
f 153/153/153 152/152/152 142/142/142
f 150/150/150 142/142/142 151/151/151
f 143/143/143 142/142/142 149/149/149
f 165/165/165 164/164/164 180/180/180
f 179/179/179 180/180/180 164/164/164
f 164/164/164 178/178/178 179/179/179
f 164/164/164 177/177/177 178/178/178
f 177/177/177 164/164/164 161/161/161
f 166/166/166 163/163/163 165/165/165
f 164/164/164 165/165/165 163/163/163
f 163/163/163 167/167/167 168/168/168
f 163/163/163 166/166/166 167/167/167
f 169/169/169 163/163/163 168/168/168
f 161/161/161 175/175/175 176/176/176
f 173/173/173 174/174/174 161/161/161
f 175/175/175 161/161/161 174/174/174
f 162/162/162 173/173/173 161/161/161
f 161/161/161 176/176/176 177/177/177
f 162/162/162 169/169/169 170/170/170
f 162/162/162 171/171/171 172/172/172
f 173/173/173 162/162/162 172/172/172
f 170/170/170 171/171/171 162/162/162
f 163/163/163 169/169/169 162/162/162
usemtl diffuse_Black
v 3676.69140625 24 -2328.474365234375
v 3676.69140625 26 -2328.474365234375
v 3696.6923828125 24 -2149.5888671875
v 3696.6923828125 26 -2149.5888671875
v 3696.6923828125 24 -2149.5888671875
v 3696.6923828125 26 -2149.5888671875
v 3875.57763671875 24 -2169.58984375
v 3875.57763671875 26 -2169.58984375
v 3875.57763671875 24 -2169.58984375
v 3875.57763671875 26 -2169.58984375
v 3855.57666015625 24 -2348.47509765625
v 3855.57666015625 26 -2348.47509765625
v 3855.57666015625 24 -2348.47509765625
v 3855.57666015625 26 -2348.47509765625
v 3676.69140625 24 -2328.474365234375
v 3676.69140625 26 -2328.474365234375
v 3856.134521484375 24 -2249.031982421875
v 3856.134521484375 26 -2249.031982421875
v 3850.517578125 24 -2219.58447265625
v 3850.517578125 26 -2219.58447265625
v 3832.703125 24 -2192.463623046875
v 3832.703125 26 -2192.463623046875
v 3805.58203125 24 -2174.64892578125
v 3805.58203125 26 -2174.64892578125
v 3776.134521484375 24 -2169.031982421875
v 3776.134521484375 26 -2169.031982421875
v 3746.68701171875 24 -2174.64892578125
v 3746.68701171875 26 -2174.64892578125
v 3719.56591796875 24 -2192.463623046875
v 3719.56591796875 26 -2192.463623046875
v 3701.75146484375 24 -2219.58447265625
v 3701.75146484375 26 -2219.58447265625
v 3696.134521484375 24 -2249.031982421875
v 3696.134521484375 26 -2249.031982421875
v 3701.75146484375 24 -2278.479736328125
v 3701.75146484375 26 -2278.479736328125
v 3719.56591796875 24 -2305.6005859375
v 3719.56591796875 26 -2305.6005859375
v 3746.68701171875 24 -2323.4150390625
v 3746.68701171875 26 -2323.4150390625
v 3776.134521484375 24 -2329.031982421875
v 3776.134521484375 26 -2329.031982421875
v 3805.58203125 24 -2323.4150390625
v 3805.58203125 26 -2323.4150390625
v 3832.703125 24 -2305.6005859375
v 3832.703125 26 -2305.6005859375
v 3850.517578125 24 -2278.479736328125
v 3850.517578125 26 -2278.479736328125
v 3856.134521484375 24 -2249.031982421875
v 3856.134521484375 26 -2249.031982421875
v 3676.69140625 24 -2328.474365234375
v 3696.6923828125 24 -2149.5888671875
v 3875.57763671875 24 -2169.58984375
v 3855.57666015625 24 -2348.47509765625
v 3856.134521484375 24 -2249.031982421875
v 3850.517578125 24 -2219.58447265625
v 3832.703125 24 -2192.463623046875
v 3805.58203125 24 -2174.64892578125
v 3776.134521484375 24 -2169.031982421875
v 3746.68701171875 24 -2174.64892578125
v 3719.56591796875 24 -2192.463623046875
v 3701.75146484375 24 -2219.58447265625
v 3696.134521484375 24 -2249.031982421875
v 3701.75146484375 24 -2278.479736328125
v 3719.56591796875 24 -2305.6005859375
v 3746.68701171875 24 -2323.4150390625
v 3776.134521484375 24 -2329.031982421875
v 3805.58203125 24 -2323.4150390625
v 3832.703125 24 -2305.6005859375
v 3850.517578125 24 -2278.479736328125
v 3676.69140625 26 -2328.474365234375
v 3696.6923828125 26 -2149.5888671875
v 3875.57763671875 26 -2169.58984375
v 3855.57666015625 26 -2348.47509765625
v 3856.134521484375 26 -2249.031982421875
v 3850.517578125 26 -2219.58447265625
v 3832.703125 26 -2192.463623046875
v 3805.58203125 26 -2174.64892578125
v 3776.134521484375 26 -2169.031982421875
v 3746.68701171875 26 -2174.64892578125
v 3719.56591796875 26 -2192.463623046875
v 3701.75146484375 26 -2219.58447265625
v 3696.134521484375 26 -2249.031982421875
v 3701.75146484375 26 -2278.479736328125
v 3719.56591796875 26 -2305.6005859375
v 3746.68701171875 26 -2323.4150390625
v 3776.134521484375 26 -2329.031982421875
v 3805.58203125 26 -2323.4150390625
v 3832.703125 26 -2305.6005859375
v 3850.517578125 26 -2278.479736328125
vt 0 0
vt 0 0.50276219844818115
vt 0.0019737302791327238 0
vt 0.0019737302791327238 0.50276219844818115
vt 0.0019737302791327238 0
vt 0.0019737302791327238 0.50276219844818115
vt 0.0039474605582654476 0
vt 0.0039474605582654476 0.50276219844818115
vt 0.0039474605582654476 0
vt 0.0039474605582654476 0.50276219844818115
vt 0.0059211910702288151 0
vt 0.0059211910702288151 0.50276219844818115
vt 0.0059211910702288151 0
vt 0.0059211910702288151 0.50276219844818115
vt 0.0078949211165308952 0
vt 0.0078949211165308952 0.50276219844818115
vt 0.0078949211165308952 0
vt 0.0078949211165308952 0.50276219844818115
vt 0.069901488721370697 0
vt 0.069901488721370697 0.50276219844818115
vt 0.13190805912017822 0
vt 0.13190805912017822 0.50276219844818115
vt 0.19391462206840515 0
vt 0.19391462206840515 0.50276219844818115
vt 0.25592118501663208 0
vt 0.25592118501663208 0.50276219844818115
vt 0.31792774796485901 0
vt 0.31792774796485901 0.50276219844818115
vt 0.37993434071540833 0
vt 0.37993434071540833 0.50276219844818115
vt 0.44194090366363525 0
vt 0.44194090366363525 0.50276219844818115
vt 0.50394743680953979 0
vt 0.50394743680953979 0.50276219844818115
vt 0.56595402956008911 0
vt 0.56595402956008911 0.50276219844818115
vt 0.62796062231063843 0
vt 0.62796062231063843 0.50276219844818115
vt 0.68996715545654297 0
vt 0.68996715545654297 0.50276219844818115
vt 0.75197374820709229 0
vt 0.75197374820709229 0.50276219844818115
vt 0.81398028135299683 0
vt 0.81398028135299683 0.50276219844818115
vt 0.87598687410354614 0
vt 0.87598687410354614 0.50276219844818115
vt 0.93799340724945068 0
vt 0.93799340724945068 0.50276219844818115
vt 1 0
vt 1 0.50276219844818115
vt 0 1
vt 0.14761167764663696 1
vt 0.14761167764663696 0.50276267528533936
vt 0 0.50276267528533936
vt 0.0810956209897995 0.53175550699234009
vt 0.10458316653966904 0.55621474981307983
vt 0.12506309151649475 0.61344611644744873
vt 0.13711036741733551 0.69337010383605957
vt 0.13900476694107056 0.77593731880187988
vt 0.13174369931221008 0.85505634546279907
vt 0.11475378274917603 0.92404395341873169
vt 0.091027259826660156 0.96462583541870117
vt 0.066516056656837463 0.97100716829299927
vt 0.043028503656387329 0.94654792547225952
vt 0.022548580542206764 0.88931655883789063
vt 0.010501309297978878 0.80939257144927979
vt 0.0086069116368889809 0.72682535648345947
vt 0.015867969021201134 0.64770632982254028
vt 0.032857887446880341 0.57871872186660767
vt 0.05658441036939621 0.53813683986663818
vt 0 0.50276267528533936
vt 0.14761167764663696 0.50276267528533936
vt 0.14761167764663696 1
vt 0 1
vt 0.0810956209897995 0.97100716829299927
vt 0.10458316653966904 0.94654792547225952
vt 0.12506309151649475 0.88931655883789063
vt 0.13711036741733551 0.80939257144927979
vt 0.13900476694107056 0.72682535648345947
vt 0.13174369931221008 0.64770632982254028
vt 0.11475378274917603 0.57871872186660767
vt 0.091027259826660156 0.53813683986663818
vt 0.066516056656837463 0.53175550699234009
vt 0.043028503656387329 0.55621474981307983
vt 0.022548580542206764 0.61344611644744873
vt 0.010501309297978878 0.69337010383605957
vt 0.0086069116368889809 0.77593731880187988
vt 0.015867969021201134 0.85505634546279907
vt 0.032857887446880341 0.92404395341873169
vt 0.05658441036939621 0.96462583541870117
vn -0.99380743503570557 0 0.11111591756343842
vn -0.99380743503570557 0 0.11111591756343842
vn -0.99380743503570557 0 0.11111591756343842
vn -0.99380743503570557 0 0.11111591756343842
vn 0.11111591756343842 0 0.99380743503570557
vn 0.11111591756343842 0 0.99380743503570557
vn 0.11111591756343842 0 0.99380743503570557
vn 0.11111591756343842 0 0.99380743503570557
vn 0.99380743503570557 0 -0.11111591756343842
vn 0.99380743503570557 0 -0.11111591756343842
vn 0.99380743503570557 0 -0.11111591756343842
vn 0.99380743503570557 0 -0.11111591756343842
vn -0.11111591756343842 0 -0.99380743503570557
vn -0.11111591756343842 0 -0.99380743503570557
vn -0.11111591756343842 0 -0.99380743503570557
vn -0.11111591756343842 0 -0.99380743503570557
vn -1 0 0
vn -1 0 0
vn -0.92978829145431519 0 -0.36809471249580383
vn -0.92978829145431519 0 -0.36809471249580383
vn -0.70710676908493042 0 -0.70710676908493042
vn -0.70710676908493042 0 -0.70710676908493042
vn -0.36809471249580383 0 -0.92978829145431519
vn -0.36809471249580383 0 -0.92978829145431519
vn 0 0 -1
vn 0 0 -1
vn 0.36809471249580383 0 -0.92978829145431519
vn 0.36809471249580383 0 -0.92978829145431519
vn 0.70710676908493042 0 -0.70710676908493042
vn 0.70710676908493042 0 -0.70710676908493042
vn 0.92978829145431519 0 -0.36809471249580383
vn 0.92978829145431519 0 -0.36809471249580383
vn 1 0 0
vn 1 0 0
vn 0.92978829145431519 0 0.36809471249580383
vn 0.92978829145431519 0 0.36809471249580383
vn 0.70710676908493042 0 0.70710676908493042
vn 0.70710676908493042 0 0.70710676908493042
vn 0.36809471249580383 0 0.92978829145431519
vn 0.36809471249580383 0 0.92978829145431519
vn 0 0 1
vn 0 0 1
vn -0.36809471249580383 0 0.92978829145431519
vn -0.36809471249580383 0 0.92978829145431519
vn -0.70710676908493042 0 0.70710676908493042
vn -0.70710676908493042 0 0.70710676908493042
vn -0.92978829145431519 0 0.36809471249580383
vn -0.92978829145431519 0 0.36809471249580383
vn -1 0 0
vn -1 0 0
vn 0 -1 0
vn 0 -1 0
vn 0 -1 0
vn 0 -1 0
vn 0 -1 0
vn 0 -1 0
vn 0 -1 0
vn 0 -1 0
vn 0 -1 0
vn 0 -1 0
vn 0 -1 0
vn 0 -1 0
vn 0 -1 0
vn 0 -1 0
vn 0 -1 0
vn 0 -1 0
vn 0 -1 0
vn 0 -1 0
vn 0 -1 0
vn 0 -1 0
vn 0 1 0
vn 0 1 0
vn 0 1 0
vn 0 1 0
vn 0 1 0
vn 0 1 0
vn 0 1 0
vn 0 1 0
vn 0 1 0
vn 0 1 0
vn 0 1 0
vn 0 1 0
vn 0 1 0
vn 0 1 0
vn 0 1 0
vn 0 1 0
vn 0 1 0
vn 0 1 0
vn 0 1 0
vn 0 1 0
f 181/181/181 183/183/183 184/184/184 182/182/182
f 185/185/185 187/187/187 188/188/188 186/186/186
f 189/189/189 191/191/191 192/192/192 190/190/190
f 193/193/193 195/195/195 196/196/196 194/194/194
f 197/197/197 199/199/199 200/200/200 198/198/198
f 199/199/199 201/201/201 202/202/202 200/200/200
f 201/201/201 203/203/203 204/204/204 202/202/202
f 203/203/203 205/205/205 206/206/206 204/204/204
f 205/205/205 207/207/207 208/208/208 206/206/206
f 207/207/207 209/209/209 210/210/210 208/208/208
f 209/209/209 211/211/211 212/212/212 210/210/210
f 211/211/211 213/213/213 214/214/214 212/212/212
f 213/213/213 215/215/215 216/216/216 214/214/214
f 215/215/215 217/217/217 218/218/218 216/216/216
f 217/217/217 219/219/219 220/220/220 218/218/218
f 219/219/219 221/221/221 222/222/222 220/220/220
f 221/221/221 223/223/223 224/224/224 222/222/222
f 223/223/223 225/225/225 226/226/226 224/224/224
f 225/225/225 227/227/227 228/228/228 226/226/226
f 227/227/227 229/229/229 230/230/230 228/228/228
f 247/247/247 246/246/246 231/231/231
f 245/245/245 231/231/231 246/246/246
f 231/231/231 245/245/245 244/244/244
f 231/231/231 244/244/244 243/243/243
f 243/243/243 232/232/232 231/231/231
f 248/248/248 247/247/247 234/234/234
f 231/231/231 234/234/234 247/247/247
f 234/234/234 250/250/250 249/249/249
f 234/234/234 249/249/249 248/248/248
f 235/235/235 250/250/250 234/234/234
f 232/232/232 242/242/242 241/241/241
f 239/239/239 232/232/232 240/240/240
f 241/241/241 240/240/240 232/232/232
f 233/233/233 232/232/232 239/239/239
f 232/232/232 243/243/243 242/242/242
f 233/233/233 236/236/236 235/235/235
f 233/233/233 238/238/238 237/237/237
f 239/239/239 238/238/238 233/233/233
f 236/236/236 233/233/233 237/237/237
f 234/234/234 233/233/233 235/235/235
f 267/267/267 251/251/251 266/266/266
f 265/265/265 266/266/266 251/251/251
f 251/251/251 264/264/264 265/265/265
f 251/251/251 263/263/263 264/264/264
f 263/263/263 251/251/251 252/252/252
f 268/268/268 254/254/254 267/267/267
f 251/251/251 267/267/267 254/254/254
f 254/254/254 269/269/269 270/270/270
f 254/254/254 268/268/268 269/269/269
f 255/255/255 254/254/254 270/270/270
f 252/252/252 261/261/261 262/262/262
f 259/259/259 260/260/260 252/252/252
f 261/261/261 252/252/252 260/260/260
f 253/253/253 259/259/259 252/252/252
f 252/252/252 262/262/262 263/263/263
f 253/253/253 255/255/255 256/256/256
f 253/253/253 257/257/257 258/258/258
f 259/259/259 253/253/253 258/258/258
f 256/256/256 257/257/257 253/253/253
f 254/254/254 255/255/255 253/253/253
usemtl diffuse_Black
v 3677.83740234375 36 -2318.22509765625
v 3677.83740234375 38 -2318.22509765625
v 3706.94140625 36 -2150.73486328125
v 3706.94140625 38 -2150.73486328125
v 3706.94140625 36 -2150.73486328125
v 3706.94140625 38 -2150.73486328125
v 3874.431640625 36 -2179.839111328125
v 3874.431640625 38 -2179.839111328125
v 3874.431640625 36 -2179.839111328125
v 3874.431640625 38 -2179.839111328125
v 3845.327392578125 36 -2347.329345703125
v 3845.327392578125 38 -2347.329345703125
v 3845.327392578125 36 -2347.329345703125
v 3845.327392578125 38 -2347.329345703125
v 3677.83740234375 36 -2318.22509765625
v 3677.83740234375 38 -2318.22509765625
v 3851.134521484375 36 -2249.031982421875
v 3851.134521484375 38 -2249.031982421875
v 3845.86865234375 36 -2221.425048828125
v 3845.86865234375 38 -2221.425048828125
v 3829.16748046875 36 -2195.9990234375
v 3829.16748046875 38 -2195.9990234375
v 3803.74169921875 36 -2179.2978515625
v 3803.74169921875 38 -2179.2978515625
v 3776.134521484375 36 -2174.031982421875
v 3776.134521484375 38 -2174.031982421875
v 3748.52734375 36 -2179.2978515625
v 3748.52734375 38 -2179.2978515625
v 3723.1015625 36 -2195.9990234375
v 3723.1015625 38 -2195.9990234375
v 3706.400390625 36 -2221.425048828125
v 3706.400390625 38 -2221.425048828125
v 3701.134521484375 36 -2249.031982421875
v 3701.134521484375 38 -2249.031982421875
v 3706.400390625 36 -2276.63916015625
v 3706.400390625 38 -2276.63916015625
v 3723.1015625 36 -2302.065185546875
v 3723.1015625 38 -2302.065185546875
v 3748.52734375 36 -2318.76611328125
v 3748.52734375 38 -2318.76611328125
v 3776.134521484375 36 -2324.031982421875
v 3776.134521484375 38 -2324.031982421875
v 3803.74169921875 36 -2318.76611328125
v 3803.74169921875 38 -2318.76611328125
v 3829.16748046875 36 -2302.065185546875
v 3829.16748046875 38 -2302.065185546875
v 3845.86865234375 36 -2276.63916015625
v 3845.86865234375 38 -2276.63916015625
v 3851.134521484375 36 -2249.031982421875
v 3851.134521484375 38 -2249.031982421875
v 3677.83740234375 36 -2318.22509765625
v 3706.94140625 36 -2150.73486328125
v 3874.431640625 36 -2179.839111328125
v 3845.327392578125 36 -2347.329345703125
v 3851.134521484375 36 -2249.031982421875
v 3845.86865234375 36 -2221.425048828125
v 3829.16748046875 36 -2195.9990234375
v 3803.74169921875 36 -2179.2978515625
v 3776.134521484375 36 -2174.031982421875
v 3748.52734375 36 -2179.2978515625
v 3723.1015625 36 -2195.9990234375
v 3706.400390625 36 -2221.425048828125
v 3701.134521484375 36 -2249.031982421875
v 3706.400390625 36 -2276.63916015625
v 3723.1015625 36 -2302.065185546875
v 3748.52734375 36 -2318.76611328125
v 3776.134521484375 36 -2324.031982421875
v 3803.74169921875 36 -2318.76611328125
v 3829.16748046875 36 -2302.065185546875
v 3845.86865234375 36 -2276.63916015625
v 3677.83740234375 38 -2318.22509765625
v 3706.94140625 38 -2150.73486328125
v 3874.431640625 38 -2179.839111328125
v 3845.327392578125 38 -2347.329345703125
v 3851.134521484375 38 -2249.031982421875
v 3845.86865234375 38 -2221.425048828125
v 3829.16748046875 38 -2195.9990234375
v 3803.74169921875 38 -2179.2978515625
v 3776.134521484375 38 -2174.031982421875
v 3748.52734375 38 -2179.2978515625
v 3723.1015625 38 -2195.9990234375
v 3706.400390625 38 -2221.425048828125
v 3701.134521484375 38 -2249.031982421875
v 3706.400390625 38 -2276.63916015625
v 3723.1015625 38 -2302.065185546875
v 3748.52734375 38 -2318.76611328125
v 3776.134521484375 38 -2324.031982421875
v 3803.74169921875 38 -2318.76611328125
v 3829.16748046875 38 -2302.065185546875
v 3845.86865234375 38 -2276.63916015625
vt 0 0
vt 0 0.50292372703552246
vt 0.0021042048465460539 0
vt 0.0021042048465460539 0.50292372703552246
vt 0.0021042048465460539 0
vt 0.0021042048465460539 0.50292372703552246
vt 0.0042084096930921078 0
vt 0.0042084096930921078 0.50292372703552246
vt 0.0042084096930921078 0
vt 0.0042084096930921078 0.50292372703552246
vt 0.0063126147724688053 0
vt 0.0063126147724688053 0.50292372703552246
vt 0.0063126147724688053 0
vt 0.0063126147724688053 0.50292372703552246
vt 0.0084168193861842155 0
vt 0.0084168193861842155 0.50292372703552246
vt 0.0084168193861842155 0
vt 0.0084168193861842155 0.50292372703552246
vt 0.070390768349170685 0
vt 0.070390768349170685 0.50292372703552246
vt 0.13236472010612488 0
vt 0.13236472010612488 0.50292372703552246
vt 0.19433866441249847 0
vt 0.19433866441249847 0.50292372703552246
vt 0.25631260871887207 0
vt 0.25631260871887207 0.50292372703552246
vt 0.31828656792640686 0
vt 0.31828656792640686 0.50292372703552246
vt 0.38026049733161926 0
vt 0.38026049733161926 0.50292372703552246
vt 0.44223445653915405 0
vt 0.44223445653915405 0.50292372703552246
vt 0.50420838594436646 0
vt 0.50420838594436646 0.50292372703552246
vt 0.56618237495422363 0
vt 0.56618237495422363 0.50292372703552246
vt 0.62815630435943604 0
vt 0.62815630435943604 0.50292372703552246
vt 0.69013023376464844 0
vt 0.69013023376464844 0.50292372703552246
vt 0.75210422277450562 0
vt 0.75210422277450562 0.50292372703552246
vt 0.81407815217971802 0
vt 0.81407815217971802 0.50292372703552246
vt 0.87605208158493042 0
vt 0.87605208158493042 0.50292372703552246
vt 0.9380260705947876 0
vt 0.9380260705947876 0.50292372703552246
vt 1 0
vt 1 0.50292372703552246
vt 0.14805753529071808 0.50292420387268066
vt 0 0.50292420387268066
vt 0 1
vt 0.14805753529071808 1
vt 0.062846004962921143 0.96752256155014038
vt 0.039942383766174316 0.93853282928466797
vt 0.020615411922335625 0.87769228219985962
vt 0.010075803846120834 0.79608482122421265
vt 0.0096736354753375053 0.71391808986663818
vt 0.018308434635400772 0.63702338933944702
vt 0.036430224776268005 0.57213664054870605
vt 0.060737583786249161 0.53675186634063721
vt 0.085211530327796936 0.53540164232254028
vt 0.10811515152454376 0.56439143419265747
vt 0.1274421215057373 0.62523198127746582
vt 0.13798172771930695 0.70683944225311279
vt 0.1383838951587677 0.78900617361068726
vt 0.1297491043806076 0.86590081453323364
vt 0.11162731051445007 0.93078756332397461
vt 0.087319955229759216 0.96617233753204346
vt 0.14805753529071808 1
vt 0 1
vt 0 0.50292420387268066
vt 0.14805753529071808 0.50292420387268066
vt 0.062846004962921143 0.53540164232254028
vt 0.039942383766174316 0.56439143419265747
vt 0.020615411922335625 0.62523198127746582
vt 0.010075803846120834 0.70683944225311279
vt 0.0096736354753375053 0.78900617361068726
vt 0.018308434635400772 0.86590081453323364
vt 0.036430224776268005 0.93078756332397461
vt 0.060737583786249161 0.96617233753204346
vt 0.085211530327796936 0.96752256155014038
vt 0.10811515152454376 0.93853282928466797
vt 0.1274421215057373 0.87769228219985962
vt 0.13798172771930695 0.79608482122421265
vt 0.1383838951587677 0.71391808986663818
vt 0.1297491043806076 0.63702338933944702
vt 0.11162731051445007 0.57213664054870605
vt 0.087319955229759216 0.53675186634063721
vn -0.98523610830307007 0 0.1712009608745575
vn -0.98523610830307007 0 0.1712009608745575
vn -0.98523610830307007 0 0.1712009608745575
vn -0.98523610830307007 0 0.1712009608745575
vn 0.1712009608745575 0 0.98523610830307007
vn 0.1712009608745575 0 0.98523610830307007
vn 0.1712009608745575 0 0.98523610830307007
vn 0.1712009608745575 0 0.98523610830307007
vn 0.98523610830307007 0 -0.1712009608745575
vn 0.98523610830307007 0 -0.1712009608745575
vn 0.98523610830307007 0 -0.1712009608745575
vn 0.98523610830307007 0 -0.1712009608745575
vn -0.1712009608745575 0 -0.98523610830307007
vn -0.1712009608745575 0 -0.98523610830307007
vn -0.1712009608745575 0 -0.98523610830307007
vn -0.1712009608745575 0 -0.98523610830307007
vn -1 0 0
vn -1 0 0
vn -0.92978829145431519 0 -0.36809471249580383
vn -0.92978829145431519 0 -0.36809471249580383
vn -0.70710676908493042 0 -0.70710676908493042
vn -0.70710676908493042 0 -0.70710676908493042
vn -0.36809471249580383 0 -0.92978829145431519
vn -0.36809471249580383 0 -0.92978829145431519
vn 0 0 -1
vn 0 0 -1
vn 0.36809471249580383 0 -0.92978829145431519
vn 0.36809471249580383 0 -0.92978829145431519
vn 0.70710676908493042 0 -0.70710676908493042
vn 0.70710676908493042 0 -0.70710676908493042
vn 0.92978829145431519 0 -0.36809471249580383
vn 0.92978829145431519 0 -0.36809471249580383
vn 1 0 0
vn 1 0 0
vn 0.92978829145431519 0 0.36809471249580383
vn 0.92978829145431519 0 0.36809471249580383
vn 0.70710676908493042 0 0.70710676908493042
vn 0.70710676908493042 0 0.70710676908493042
vn 0.36809471249580383 0 0.92978829145431519
vn 0.36809471249580383 0 0.92978829145431519
vn 0 0 1
vn 0 0 1
vn -0.36809471249580383 0 0.92978829145431519
vn -0.36809471249580383 0 0.92978829145431519
vn -0.70710676908493042 0 0.70710676908493042
vn -0.70710676908493042 0 0.70710676908493042
vn -0.92978829145431519 0 0.36809471249580383
vn -0.92978829145431519 0 0.36809471249580383
vn -1 0 0
vn -1 0 0
vn 0 -1 0
vn 0 -1 0
vn 0 -1 0
vn 0 -1 0
vn 0 -1 0
vn 0 -1 0
vn 0 -1 0
vn 0 -1 0
vn 0 -1 0
vn 0 -1 0
vn 0 -1 0
vn 0 -1 0
vn 0 -1 0
vn 0 -1 0
vn 0 -1 0
vn 0 -1 0
vn 0 -1 0
vn 0 -1 0
vn 0 -1 0
vn 0 -1 0
vn 0 1 0
vn 0 1 0
vn 0 1 0
vn 0 1 0
vn 0 1 0
vn 0 1 0
vn 0 1 0
vn 0 1 0
vn 0 1 0
vn 0 1 0
vn 0 1 0
vn 0 1 0
vn 0 1 0
vn 0 1 0
vn 0 1 0
vn 0 1 0
vn 0 1 0
vn 0 1 0
vn 0 1 0
vn 0 1 0
f 271/271/271 273/273/273 274/274/274 272/272/272
f 275/275/275 277/277/277 278/278/278 276/276/276
f 279/279/279 281/281/281 282/282/282 280/280/280
f 283/283/283 285/285/285 286/286/286 284/284/284
f 287/287/287 289/289/289 290/290/290 288/288/288
f 289/289/289 291/291/291 292/292/292 290/290/290
f 291/291/291 293/293/293 294/294/294 292/292/292
f 293/293/293 295/295/295 296/296/296 294/294/294
f 295/295/295 297/297/297 298/298/298 296/296/296
f 297/297/297 299/299/299 300/300/300 298/298/298
f 299/299/299 301/301/301 302/302/302 300/300/300
f 301/301/301 303/303/303 304/304/304 302/302/302
f 303/303/303 305/305/305 306/306/306 304/304/304
f 305/305/305 307/307/307 308/308/308 306/306/306
f 307/307/307 309/309/309 310/310/310 308/308/308
f 309/309/309 311/311/311 312/312/312 310/310/310
f 311/311/311 313/313/313 314/314/314 312/312/312
f 313/313/313 315/315/315 316/316/316 314/314/314
f 315/315/315 317/317/317 318/318/318 316/316/316
f 317/317/317 319/319/319 320/320/320 318/318/318
f 329/329/329 328/328/328 323/323/323
f 327/327/327 323/323/323 328/328/328
f 323/323/323 327/327/327 326/326/326
f 323/323/323 326/326/326 325/325/325
f 325/325/325 324/324/324 323/323/323
f 330/330/330 329/329/329 322/322/322
f 323/323/323 322/322/322 329/329/329
f 322/322/322 332/332/332 331/331/331
f 322/322/322 331/331/331 330/330/330
f 333/333/333 332/332/332 322/322/322
f 324/324/324 340/340/340 339/339/339
f 337/337/337 324/324/324 338/338/338
f 339/339/339 338/338/338 324/324/324
f 321/321/321 324/324/324 337/337/337
f 324/324/324 325/325/325 340/340/340
f 321/321/321 334/334/334 333/333/333
f 321/321/321 336/336/336 335/335/335
f 337/337/337 336/336/336 321/321/321
f 334/334/334 321/321/321 335/335/335
f 322/322/322 321/321/321 333/333/333
f 349/349/349 343/343/343 348/348/348
f 347/347/347 348/348/348 343/343/343
f 343/343/343 346/346/346 347/347/347
f 343/343/343 345/345/345 346/346/346
f 345/345/345 343/343/343 344/344/344
f 350/350/350 342/342/342 349/349/349
f 343/343/343 349/349/349 342/342/342
f 342/342/342 351/351/351 352/352/352
f 342/342/342 350/350/350 351/351/351
f 353/353/353 342/342/342 352/352/352
f 344/344/344 359/359/359 360/360/360
f 357/357/357 358/358/358 344/344/344
f 359/359/359 344/344/344 358/358/358
f 341/341/341 357/357/357 344/344/344
f 344/344/344 360/360/360 345/345/345
f 341/341/341 353/353/353 354/354/354
f 341/341/341 355/355/355 356/356/356
f 357/357/357 341/341/341 356/356/356
f 354/354/354 355/355/355 341/341/341
f 342/342/342 353/353/353 341/341/341
usemtl diffuse_Black
v 3679.6064453125 48 -2308.04345703125
v 3679.6064453125 50 -2308.04345703125
v 3717.123046875 48 -2152.504150390625
v 3717.123046875 50 -2152.504150390625
v 3717.123046875 48 -2152.504150390625
v 3717.123046875 50 -2152.504150390625
v 3872.662353515625 48 -2190.0205078125
v 3872.662353515625 50 -2190.0205078125
v 3872.662353515625 48 -2190.0205078125
v 3872.662353515625 50 -2190.0205078125
v 3835.14599609375 48 -2345.56005859375
v 3835.14599609375 50 -2345.56005859375
v 3835.14599609375 48 -2345.56005859375
v 3835.14599609375 50 -2345.56005859375
v 3679.6064453125 48 -2308.04345703125
v 3679.6064453125 50 -2308.04345703125
v 3846.134521484375 48 -2249.031982421875
v 3846.134521484375 50 -2249.031982421875
v 3841.2197265625 48 -2223.265380859375
v 3841.2197265625 50 -2223.265380859375
v 3825.632080078125 48 -2199.53466796875
v 3825.632080078125 50 -2199.53466796875
v 3801.901123046875 48 -2183.94677734375
v 3801.901123046875 50 -2183.94677734375
v 3776.134521484375 48 -2179.031982421875
v 3776.134521484375 50 -2179.031982421875
v 3750.367919921875 48 -2183.94677734375
v 3750.367919921875 50 -2183.94677734375
v 3726.636962890625 48 -2199.53466796875
v 3726.636962890625 50 -2199.53466796875
v 3711.04931640625 48 -2223.265380859375
v 3711.04931640625 50 -2223.265380859375
v 3706.134521484375 48 -2249.031982421875
v 3706.134521484375 50 -2249.031982421875
v 3711.04931640625 48 -2274.798583984375
v 3711.04931640625 50 -2274.798583984375
v 3726.636962890625 48 -2298.529541015625
v 3726.636962890625 50 -2298.529541015625
v 3750.367919921875 48 -2314.1171875
v 3750.367919921875 50 -2314.1171875
v 3776.134521484375 48 -2319.031982421875
v 3776.134521484375 50 -2319.031982421875
v 3801.901123046875 48 -2314.1171875
v 3801.901123046875 50 -2314.1171875
v 3825.632080078125 48 -2298.529541015625
v 3825.632080078125 50 -2298.529541015625
v 3841.2197265625 48 -2274.798583984375
v 3841.2197265625 50 -2274.798583984375
v 3846.134521484375 48 -2249.031982421875
v 3846.134521484375 50 -2249.031982421875
v 3679.6064453125 48 -2308.04345703125
v 3717.123046875 48 -2152.504150390625
v 3872.662353515625 48 -2190.0205078125
v 3835.14599609375 48 -2345.56005859375
v 3846.134521484375 48 -2249.031982421875
v 3841.2197265625 48 -2223.265380859375
v 3825.632080078125 48 -2199.53466796875
v 3801.901123046875 48 -2183.94677734375
v 3776.134521484375 48 -2179.031982421875
v 3750.367919921875 48 -2183.94677734375
v 3726.636962890625 48 -2199.53466796875
v 3711.04931640625 48 -2223.265380859375
v 3706.134521484375 48 -2249.031982421875
v 3711.04931640625 48 -2274.798583984375
v 3726.636962890625 48 -2298.529541015625
v 3750.367919921875 48 -2314.1171875
v 3776.134521484375 48 -2319.031982421875
v 3801.901123046875 48 -2314.1171875
v 3825.632080078125 48 -2298.529541015625
v 3841.2197265625 48 -2274.798583984375
v 3679.6064453125 50 -2308.04345703125
v 3717.123046875 50 -2152.504150390625
v 3872.662353515625 50 -2190.0205078125
v 3835.14599609375 50 -2345.56005859375
v 3846.134521484375 50 -2249.031982421875
v 3841.2197265625 50 -2223.265380859375
v 3825.632080078125 50 -2199.53466796875
v 3801.901123046875 50 -2183.94677734375
v 3776.134521484375 50 -2179.031982421875
v 3750.367919921875 50 -2183.94677734375
v 3726.636962890625 50 -2199.53466796875
v 3711.04931640625 50 -2223.265380859375
v 3706.134521484375 50 -2249.031982421875
v 3711.04931640625 50 -2274.798583984375
v 3726.636962890625 50 -2298.529541015625
v 3750.367919921875 50 -2314.1171875
v 3776.134521484375 50 -2319.031982421875
v 3801.901123046875 50 -2314.1171875
v 3825.632080078125 50 -2298.529541015625
v 3841.2197265625 50 -2274.798583984375
vt 0 0
vt 0 0.50310534238815308
vt 0.0022531505674123764 0
vt 0.0022531505674123764 0.50310534238815308
vt 0.0022531505674123764 0
vt 0.0022531505674123764 0.50310534238815308
vt 0.0045063011348247528 0
vt 0.0045063011348247528 0.50310534238815308
vt 0.0045063011348247528 0
vt 0.0045063011348247528 0.50310534238815308
vt 0.0067594517022371292 0
vt 0.0067594517022371292 0.50310534238815308
vt 0.0067594517022371292 0
vt 0.0067594517022371292 0.50310534238815308
vt 0.0090126022696495056 0
vt 0.0090126022696495056 0.50310534238815308
vt 0.0090126022696495056 0
vt 0.0090126022696495056 0.50310534238815308
vt 0.070949316024780273 0
vt 0.070949316024780273 0.50310534238815308
vt 0.13288602232933044 0
vt 0.13288602232933044 0.50310534238815308
vt 0.19482274353504181 0
vt 0.19482274353504181 0.50310534238815308
vt 0.25675946474075317 0
vt 0.25675946474075317 0.50310534238815308
vt 0.31869617104530334 0
vt 0.31869617104530334 0.50310534238815308
vt 0.38063287734985352 0
vt 0.38063287734985352 0.50310534238815308
vt 0.44256958365440369 0
vt 0.44256958365440369 0.50310534238815308
vt 0.50450628995895386 0
vt 0.50450628995895386 0.50310534238815308
vt 0.56644302606582642 0
vt 0.56644302606582642 0.50310534238815308
vt 0.6283797025680542 0
vt 0.6283797025680542 0.50310534238815308
vt 0.69031643867492676 0
vt 0.69031643867492676 0.50310534238815308
vt 0.75225317478179932 0
vt 0.75225317478179932 0.50310534238815308
vt 0.8141898512840271 0
vt 0.8141898512840271 0.50310534238815308
vt 0.87612658739089966 0
vt 0.87612658739089966 0.50310534238815308
vt 0.93806326389312744 0
vt 0.93806326389312744 0.50310534238815308
vt 1 0
vt 1 0.50310534238815308
vt 0 0.50310581922531128
vt 0 1
vt 0.14856235682964325 1
vt 0.14856235682964325 0.50310581922531128
vt 0.1374652236700058 0.80252635478973389
vt 0.12741914391517639 0.87673711776733398
vt 0.1081826388835907 0.93702989816665649
vt 0.083368793129920959 0.9668087363243103
vt 0.05904104933142662 0.9628835916519165
vt 0.036853373050689697 0.92928260564804077
vt 0.018826916813850403 0.86494261026382446
vt 0.0099235894158482552 0.78194808959960938
vt 0.011097143404185772 0.70057946443557739
vt 0.021143214777112007 0.62636870145797729
vt 0.04037972167134285 0.56607592105865479
vt 0.065193571150302887 0.53629708290100098
vt 0.089521318674087524 0.54022228717803955
vt 0.11170899122953415 0.57382321357727051
vt 0.12973544001579285 0.63816326856613159
vt 0.13863877952098846 0.7211577296257019
vt 0 1
vt 0 0.50310581922531128
vt 0.14856235682964325 0.50310581922531128
vt 0.14856235682964325 1
vt 0.1374652236700058 0.70057946443557739
vt 0.12741914391517639 0.62636870145797729
vt 0.1081826388835907 0.56607592105865479
vt 0.083368793129920959 0.53629708290100098
vt 0.05904104933142662 0.54022228717803955
vt 0.036853373050689697 0.57382321357727051
vt 0.018826916813850403 0.63816326856613159
vt 0.0099235894158482552 0.7211577296257019
vt 0.011097143404185772 0.80252635478973389
vt 0.021143214777112007 0.87673711776733398
vt 0.04037972167134285 0.93702989816665649
vt 0.065193571150302887 0.9668087363243103
vt 0.089521318674087524 0.9628835916519165
vt 0.11170899122953415 0.92928260564804077
vt 0.12973544001579285 0.86494261026382446
vt 0.13863877952098846 0.78194808959960938
vn -0.9721214771270752 0 0.23447790741920471
vn -0.9721214771270752 0 0.23447790741920471
vn -0.9721214771270752 0 0.23447790741920471
vn -0.9721214771270752 0 0.23447790741920471
vn 0.23447790741920471 0 0.9721214771270752
vn 0.23447790741920471 0 0.9721214771270752
vn 0.23447790741920471 0 0.9721214771270752
vn 0.23447790741920471 0 0.9721214771270752
vn 0.9721214771270752 0 -0.23447790741920471
vn 0.9721214771270752 0 -0.23447790741920471
vn 0.9721214771270752 0 -0.23447790741920471
vn 0.9721214771270752 0 -0.23447790741920471
vn -0.23447790741920471 0 -0.9721214771270752
vn -0.23447790741920471 0 -0.9721214771270752
vn -0.23447790741920471 0 -0.9721214771270752
vn -0.23447790741920471 0 -0.9721214771270752
vn -1 0 0
vn -1 0 0
vn -0.92978829145431519 0 -0.36809471249580383
vn -0.92978829145431519 0 -0.36809471249580383
vn -0.70710676908493042 0 -0.70710676908493042
vn -0.70710676908493042 0 -0.70710676908493042
vn -0.36809471249580383 0 -0.92978829145431519
vn -0.36809471249580383 0 -0.92978829145431519
vn 0 0 -1
vn 0 0 -1
vn 0.36809471249580383 0 -0.92978829145431519
vn 0.36809471249580383 0 -0.92978829145431519
vn 0.70710676908493042 0 -0.70710676908493042
vn 0.70710676908493042 0 -0.70710676908493042
vn 0.92978829145431519 0 -0.36809471249580383
vn 0.92978829145431519 0 -0.36809471249580383
vn 1 0 0
vn 1 0 0
vn 0.92978829145431519 0 0.36809471249580383
vn 0.92978829145431519 0 0.36809471249580383
vn 0.70710676908493042 0 0.70710676908493042
vn 0.70710676908493042 0 0.70710676908493042
vn 0.36809471249580383 0 0.92978829145431519
vn 0.36809471249580383 0 0.92978829145431519
vn 0 0 1
vn 0 0 1
vn -0.36809471249580383 0 0.92978829145431519
vn -0.36809471249580383 0 0.92978829145431519
vn -0.70710676908493042 0 0.70710676908493042
vn -0.70710676908493042 0 0.70710676908493042
vn -0.92978829145431519 0 0.36809471249580383
vn -0.92978829145431519 0 0.36809471249580383
vn -1 0 0
vn -1 0 0
vn 0 -1 0
vn 0 -1 0
vn 0 -1 0
vn 0 -1 0
vn 0 -1 0
vn 0 -1 0
vn 0 -1 0
vn 0 -1 0
vn 0 -1 0
vn 0 -1 0
vn 0 -1 0
vn 0 -1 0
vn 0 -1 0
vn 0 -1 0
vn 0 -1 0
vn 0 -1 0
vn 0 -1 0
vn 0 -1 0
vn 0 -1 0
vn 0 -1 0
vn 0 1 0
vn 0 1 0
vn 0 1 0
vn 0 1 0
vn 0 1 0
vn 0 1 0
vn 0 1 0
vn 0 1 0
vn 0 1 0
vn 0 1 0
vn 0 1 0
vn 0 1 0
vn 0 1 0
vn 0 1 0
vn 0 1 0
vn 0 1 0
vn 0 1 0
vn 0 1 0
vn 0 1 0
vn 0 1 0
f 361/361/361 363/363/363 364/364/364 362/362/362
f 365/365/365 367/367/367 368/368/368 366/366/366
f 369/369/369 371/371/371 372/372/372 370/370/370
f 373/373/373 375/375/375 376/376/376 374/374/374
f 377/377/377 379/379/379 380/380/380 378/378/378
f 379/379/379 381/381/381 382/382/382 380/380/380
f 381/381/381 383/383/383 384/384/384 382/382/382
f 383/383/383 385/385/385 386/386/386 384/384/384
f 385/385/385 387/387/387 388/388/388 386/386/386
f 387/387/387 389/389/389 390/390/390 388/388/388
f 389/389/389 391/391/391 392/392/392 390/390/390
f 391/391/391 393/393/393 394/394/394 392/392/392
f 393/393/393 395/395/395 396/396/396 394/394/394
f 395/395/395 397/397/397 398/398/398 396/396/396
f 397/397/397 399/399/399 400/400/400 398/398/398
f 399/399/399 401/401/401 402/402/402 400/400/400
f 401/401/401 403/403/403 404/404/404 402/402/402
f 403/403/403 405/405/405 406/406/406 404/404/404
f 405/405/405 407/407/407 408/408/408 406/406/406
f 407/407/407 409/409/409 410/410/410 408/408/408
f 411/411/411 422/422/422 412/412/412
f 421/421/421 412/412/412 422/422/422
f 412/412/412 421/421/421 420/420/420
f 412/412/412 420/420/420 419/419/419
f 419/419/419 418/418/418 412/412/412
f 424/424/424 423/423/423 411/411/411
f 422/422/422 411/411/411 423/423/423
f 411/411/411 426/426/426 425/425/425
f 411/411/411 425/425/425 424/424/424
f 414/414/414 426/426/426 411/411/411
f 413/413/413 418/418/418 417/417/417
f 415/415/415 413/413/413 416/416/416
f 417/417/417 416/416/416 413/413/413
f 430/430/430 413/413/413 415/415/415
f 413/413/413 412/412/412 418/418/418
f 414/414/414 428/428/428 427/427/427
f 414/414/414 430/430/430 429/429/429
f 413/413/413 430/430/430 414/414/414
f 428/428/428 414/414/414 429/429/429
f 426/426/426 414/414/414 427/427/427
f 431/431/431 432/432/432 442/442/442
f 441/441/441 442/442/442 432/432/432
f 432/432/432 440/440/440 441/441/441
f 432/432/432 439/439/439 440/440/440
f 439/439/439 432/432/432 438/438/438
f 444/444/444 431/431/431 443/443/443
f 442/442/442 443/443/443 431/431/431
f 431/431/431 445/445/445 446/446/446
f 431/431/431 444/444/444 445/445/445
f 434/434/434 431/431/431 446/446/446
f 433/433/433 437/437/437 438/438/438
f 435/435/435 436/436/436 433/433/433
f 437/437/437 433/433/433 436/436/436
f 450/450/450 435/435/435 433/433/433
f 433/433/433 438/438/438 432/432/432
f 434/434/434 447/447/447 448/448/448
f 434/434/434 449/449/449 450/450/450
f 433/433/433 434/434/434 450/450/450
f 448/448/448 449/449/449 434/434/434
f 446/446/446 447/447/447 434/434/434
usemtl diffuse_Black
v 3682.035400390625 60 -2297.974365234375
v 3682.035400390625 62 -2297.974365234375
v 3727.1923828125 60 -2154.932861328125
v 3727.1923828125 62 -2154.932861328125
v 3727.1923828125 60 -2154.932861328125
v 3727.1923828125 62 -2154.932861328125
v 3870.233642578125 60 -2200.08984375
v 3870.233642578125 62 -2200.08984375
v 3870.233642578125 60 -2200.08984375
v 3870.233642578125 62 -2200.08984375
v 3825.07666015625 60 -2343.13134765625
v 3825.07666015625 62 -2343.13134765625
v 3825.07666015625 60 -2343.13134765625
v 3825.07666015625 62 -2343.13134765625
v 3682.035400390625 60 -2297.974365234375
v 3682.035400390625 62 -2297.974365234375
v 3841.134521484375 60 -2249.031982421875
v 3841.134521484375 62 -2249.031982421875
v 3836.57080078125 60 -2225.10595703125
v 3836.57080078125 62 -2225.10595703125
v 3822.096435546875 60 -2203.070068359375
v 3822.096435546875 62 -2203.070068359375
v 3800.060546875 60 -2188.595947265625
v 3800.060546875 62 -2188.595947265625
v 3776.134521484375 60 -2184.031982421875
v 3776.134521484375 62 -2184.031982421875
v 3752.208251953125 60 -2188.595947265625
v 3752.208251953125 62 -2188.595947265625
v 3730.172607421875 60 -2203.070068359375
v 3730.172607421875 62 -2203.070068359375
v 3715.6982421875 60 -2225.10595703125
v 3715.6982421875 62 -2225.10595703125
v 3711.134521484375 60 -2249.031982421875
v 3711.134521484375 62 -2249.031982421875
v 3715.6982421875 60 -2272.958251953125
v 3715.6982421875 62 -2272.958251953125
v 3730.172607421875 60 -2294.993896484375
v 3730.172607421875 62 -2294.993896484375
v 3752.208251953125 60 -2309.46826171875
v 3752.208251953125 62 -2309.46826171875
v 3776.134521484375 60 -2314.031982421875
v 3776.134521484375 62 -2314.031982421875
v 3800.060546875 60 -2309.46826171875
v 3800.060546875 62 -2309.46826171875
v 3822.096435546875 60 -2294.993896484375
v 3822.096435546875 62 -2294.993896484375
v 3836.57080078125 60 -2272.958251953125
v 3836.57080078125 62 -2272.958251953125
v 3841.134521484375 60 -2249.031982421875
v 3841.134521484375 62 -2249.031982421875
v 3682.035400390625 60 -2297.974365234375
v 3727.1923828125 60 -2154.932861328125
v 3870.233642578125 60 -2200.08984375
v 3825.07666015625 60 -2343.13134765625
v 3841.134521484375 60 -2249.031982421875
v 3836.57080078125 60 -2225.10595703125
v 3822.096435546875 60 -2203.070068359375
v 3800.060546875 60 -2188.595947265625
v 3776.134521484375 60 -2184.031982421875
v 3752.208251953125 60 -2188.595947265625
v 3730.172607421875 60 -2203.070068359375
v 3715.6982421875 60 -2225.10595703125
v 3711.134521484375 60 -2249.031982421875
v 3715.6982421875 60 -2272.958251953125
v 3730.172607421875 60 -2294.993896484375
v 3752.208251953125 60 -2309.46826171875
v 3776.134521484375 60 -2314.031982421875
v 3800.060546875 60 -2309.46826171875
v 3822.096435546875 60 -2294.993896484375
v 3836.57080078125 60 -2272.958251953125
v 3682.035400390625 62 -2297.974365234375
v 3727.1923828125 62 -2154.932861328125
v 3870.233642578125 62 -2200.08984375
v 3825.07666015625 62 -2343.13134765625
v 3841.134521484375 62 -2249.031982421875
v 3836.57080078125 62 -2225.10595703125
v 3822.096435546875 62 -2203.070068359375
v 3800.060546875 62 -2188.595947265625
v 3776.134521484375 62 -2184.031982421875
v 3752.208251953125 62 -2188.595947265625
v 3730.172607421875 62 -2203.070068359375
v 3715.6982421875 62 -2225.10595703125
v 3711.134521484375 62 -2249.031982421875
v 3715.6982421875 62 -2272.958251953125
v 3730.172607421875 62 -2294.993896484375
v 3752.208251953125 62 -2309.46826171875
v 3776.134521484375 62 -2314.031982421875
v 3800.060546875 62 -2309.46826171875
v 3822.096435546875 62 -2294.993896484375
v 3836.57080078125 62 -2272.958251953125
vt 0 0
vt 0 0.50331097841262817
vt 0.0024247888941317797 0
vt 0.0024247888941317797 0.50331097841262817
vt 0.0024247888941317797 0
vt 0.0024247888941317797 0.50331097841262817
vt 0.0048495777882635593 0
vt 0.0048495777882635593 0.50331097841262817
vt 0.0048495777882635593 0
vt 0.0048495777882635593 0.50331097841262817
vt 0.0072743664495646954 0
vt 0.0072743664495646954 0.50331097841262817
vt 0.0072743664495646954 0
vt 0.0072743664495646954 0.50331097841262817
vt 0.0096991555765271187 0
vt 0.0096991555765271187 0.50331097841262817
vt 0.0096991555765271187 0
vt 0.0096991555765271187 0.50331097841262817
vt 0.071592956781387329 0
vt 0.071592956781387329 0.50331097841262817
vt 0.13348676264286041 0
vt 0.13348676264286041 0.50331097841262817
vt 0.1953805685043335 0
vt 0.1953805685043335 0.50331097841262817
vt 0.25727435946464539 0
vt 0.25727435946464539 0.50331097841262817
vt 0.31916818022727966 0
vt 0.31916818022727966 0.50331097841262817
vt 0.38106197118759155 0
vt 0.38106197118759155 0.50331097841262817
vt 0.44295576214790344 0
vt 0.44295576214790344 0.50331097841262817
vt 0.50484955310821533 0
vt 0.50484955310821533 0.50331097841262817
vt 0.56674337387084961 0
vt 0.56674337387084961 0.50331097841262817
vt 0.62863719463348389 0
vt 0.62863719463348389 0.50331097841262817
vt 0.69053101539611816 0
vt 0.69053101539611816 0.50331097841262817
vt 0.75242477655410767 0
vt 0.75242477655410767 0.50331097841262817
vt 0.81431859731674194 0
vt 0.81431859731674194 0.50331097841262817
vt 0.87621241807937622 0
vt 0.87621241807937622 0.50331097841262817
vt 0.93810617923736572 0
vt 0.93810617923736572 0.50331097841262817
vt 1 0
vt 1 0.50331097841262817
vt 0.1491386741399765 0.50331151485443115
vt 0 0.50331151485443115
vt 0 1
vt 0.1491386741399765 1
vt 0.055113658308982849 0.95690268278121948
vt 0.033794485032558441 0.91864132881164551
vt 0.017234034836292267 0.85097038745880127
vt 0.010106177069246769 0.76696062088012695
vt 0.012940655462443829 0.68686091899871826
vt 0.024429243057966232 0.6158599853515625
vt 0.044748522341251373 0.56070739030838013
vt 0.069973811507225037 0.53696894645690918
vt 0.094025015830993652 0.54640883207321167
vt 0.11534419655799866 0.58467018604278564
vt 0.13190464675426483 0.65234106779098511
vt 0.13903249800205231 0.7363508939743042
vt 0.13619802892208099 0.81645053625106812
vt 0.12470943480730057 0.88745152950286865
vt 0.10439015924930573 0.94260412454605103
vt 0.079164870083332062 0.96634256839752197
vt 0.1491386741399765 1
vt 0 1
vt 0 0.50331151485443115
vt 0.1491386741399765 0.50331151485443115
vt 0.055113658308982849 0.54640883207321167
vt 0.033794485032558441 0.58467018604278564
vt 0.017234034836292267 0.65234106779098511
vt 0.010106177069246769 0.7363508939743042
vt 0.012940655462443829 0.81645053625106812
vt 0.024429243057966232 0.88745152950286865
vt 0.044748522341251373 0.94260412454605103
vt 0.069973811507225037 0.96634256839752197
vt 0.094025015830993652 0.95690268278121948
vt 0.11534419655799866 0.91864132881164551
vt 0.13190464675426483 0.85097038745880127
vt 0.13903249800205231 0.76696062088012695
vt 0.13619802892208099 0.68686091899871826
vt 0.12470943480730057 0.6158599853515625
vt 0.10439015924930573 0.56070739030838013
vt 0.079164870083332062 0.53696894645690918
vn -0.95360934734344482 0 0.30104678869247437
vn -0.95360934734344482 0 0.30104678869247437
vn -0.95360934734344482 0 0.30104678869247437
vn -0.95360934734344482 0 0.30104678869247437
vn 0.30104678869247437 0 0.95360934734344482
vn 0.30104678869247437 0 0.95360934734344482
vn 0.30104678869247437 0 0.95360934734344482
vn 0.30104678869247437 0 0.95360934734344482
vn 0.95360934734344482 0 -0.30104678869247437
vn 0.95360934734344482 0 -0.30104678869247437
vn 0.95360934734344482 0 -0.30104678869247437
vn 0.95360934734344482 0 -0.30104678869247437
vn -0.30104678869247437 0 -0.95360934734344482
vn -0.30104678869247437 0 -0.95360934734344482
vn -0.30104678869247437 0 -0.95360934734344482
vn -0.30104678869247437 0 -0.95360934734344482
vn -1 0 0
vn -1 0 0
vn -0.92978829145431519 0 -0.36809471249580383
vn -0.92978829145431519 0 -0.36809471249580383
vn -0.70710676908493042 0 -0.70710676908493042
vn -0.70710676908493042 0 -0.70710676908493042
vn -0.36809471249580383 0 -0.92978829145431519
vn -0.36809471249580383 0 -0.92978829145431519
vn 0 0 -1
vn 0 0 -1
vn 0.36809471249580383 0 -0.92978829145431519
vn 0.36809471249580383 0 -0.92978829145431519
vn 0.70710676908493042 0 -0.70710676908493042
vn 0.70710676908493042 0 -0.70710676908493042
vn 0.92978829145431519 0 -0.36809471249580383
vn 0.92978829145431519 0 -0.36809471249580383
vn 1 0 0
vn 1 0 0
vn 0.92978829145431519 0 0.36809471249580383
vn 0.92978829145431519 0 0.36809471249580383
vn 0.70710676908493042 0 0.70710676908493042
vn 0.70710676908493042 0 0.70710676908493042
vn 0.36809471249580383 0 0.92978829145431519
vn 0.36809471249580383 0 0.92978829145431519
vn 0 0 1
vn 0 0 1
vn -0.36809471249580383 0 0.92978829145431519
vn -0.36809471249580383 0 0.92978829145431519
vn -0.70710676908493042 0 0.70710676908493042
vn -0.70710676908493042 0 0.70710676908493042
vn -0.92978829145431519 0 0.36809471249580383
vn -0.92978829145431519 0 0.36809471249580383
vn -1 0 0
vn -1 0 0
vn 0 -1 0
vn 0 -1 0
vn 0 -1 0
vn 0 -1 0
vn 0 -1 0
vn 0 -1 0
vn 0 -1 0
vn 0 -1 0
vn 0 -1 0
vn 0 -1 0
vn 0 -1 0
vn 0 -1 0
vn 0 -1 0
vn 0 -1 0
vn 0 -1 0
vn 0 -1 0
vn 0 -1 0
vn 0 -1 0
vn 0 -1 0
vn 0 -1 0
vn 0 1 0
vn 0 1 0
vn 0 1 0
vn 0 1 0
vn 0 1 0
vn 0 1 0
vn 0 1 0
vn 0 1 0
vn 0 1 0
vn 0 1 0
vn 0 1 0
vn 0 1 0
vn 0 1 0
vn 0 1 0
vn 0 1 0
vn 0 1 0
vn 0 1 0
vn 0 1 0
vn 0 1 0
vn 0 1 0
f 451/451/451 453/453/453 454/454/454 452/452/452
f 455/455/455 457/457/457 458/458/458 456/456/456
f 459/459/459 461/461/461 462/462/462 460/460/460
f 463/463/463 465/465/465 466/466/466 464/464/464
f 467/467/467 469/469/469 470/470/470 468/468/468
f 469/469/469 471/471/471 472/472/472 470/470/470
f 471/471/471 473/473/473 474/474/474 472/472/472
f 473/473/473 475/475/475 476/476/476 474/474/474
f 475/475/475 477/477/477 478/478/478 476/476/476
f 477/477/477 479/479/479 480/480/480 478/478/478
f 479/479/479 481/481/481 482/482/482 480/480/480
f 481/481/481 483/483/483 484/484/484 482/482/482
f 483/483/483 485/485/485 486/486/486 484/484/484
f 485/485/485 487/487/487 488/488/488 486/486/486
f 487/487/487 489/489/489 490/490/490 488/488/488
f 489/489/489 491/491/491 492/492/492 490/490/490
f 491/491/491 493/493/493 494/494/494 492/492/492
f 493/493/493 495/495/495 496/496/496 494/494/494
f 495/495/495 497/497/497 498/498/498 496/496/496
f 497/497/497 499/499/499 500/500/500 498/498/498
f 502/502/502 508/508/508 503/503/503
f 507/507/507 503/503/503 508/508/508
f 503/503/503 507/507/507 506/506/506
f 503/503/503 506/506/506 505/505/505
f 505/505/505 520/520/520 503/503/503
f 510/510/510 509/509/509 502/502/502
f 508/508/508 502/502/502 509/509/509
f 502/502/502 512/512/512 511/511/511
f 502/502/502 511/511/511 510/510/510
f 501/501/501 512/512/512 502/502/502
f 504/504/504 520/520/520 519/519/519
f 517/517/517 504/504/504 518/518/518
f 519/519/519 518/518/518 504/504/504
f 516/516/516 504/504/504 517/517/517
f 504/504/504 503/503/503 520/520/520
f 501/501/501 514/514/514 513/513/513
f 501/501/501 516/516/516 515/515/515
f 504/504/504 516/516/516 501/501/501
f 514/514/514 501/501/501 515/515/515
f 512/512/512 501/501/501 513/513/513
f 522/522/522 523/523/523 528/528/528
f 527/527/527 528/528/528 523/523/523
f 523/523/523 526/526/526 527/527/527
f 523/523/523 525/525/525 526/526/526
f 525/525/525 523/523/523 540/540/540
f 530/530/530 522/522/522 529/529/529
f 528/528/528 529/529/529 522/522/522
f 522/522/522 531/531/531 532/532/532
f 522/522/522 530/530/530 531/531/531
f 521/521/521 522/522/522 532/532/532
f 524/524/524 539/539/539 540/540/540
f 537/537/537 538/538/538 524/524/524
f 539/539/539 524/524/524 538/538/538
f 536/536/536 537/537/537 524/524/524
f 524/524/524 540/540/540 523/523/523
f 521/521/521 533/533/533 534/534/534
f 521/521/521 535/535/535 536/536/536
f 524/524/524 521/521/521 536/536/536
f 534/534/534 535/535/535 521/521/521
f 532/532/532 533/533/533 521/521/521
usemtl diffuse_Black
v 3685.161865234375 72 -2288.0703125
v 3685.161865234375 74 -2288.0703125
v 3737.09619140625 72 -2158.0595703125
v 3737.09619140625 74 -2158.0595703125
v 3737.09619140625 72 -2158.0595703125
v 3737.09619140625 74 -2158.0595703125
v 3867.107177734375 72 -2209.993896484375
v 3867.107177734375 74 -2209.993896484375
v 3867.107177734375 72 -2209.993896484375
v 3867.107177734375 74 -2209.993896484375
v 3815.1728515625 72 -2340.004638671875
v 3815.1728515625 74 -2340.004638671875
v 3815.1728515625 72 -2340.004638671875
v 3815.1728515625 74 -2340.004638671875
v 3685.161865234375 72 -2288.0703125
v 3685.161865234375 74 -2288.0703125
v 3836.134521484375 72 -2249.031982421875
v 3836.134521484375 74 -2249.031982421875
v 3831.921875 72 -2226.9462890625
v 3831.921875 74 -2226.9462890625
v 3818.56103515625 72 -2206.605712890625
v 3818.56103515625 74 -2206.605712890625
v 3798.22021484375 72 -2193.244873046875
v 3798.22021484375 74 -2193.244873046875
v 3776.134521484375 72 -2189.031982421875
v 3776.134521484375 74 -2189.031982421875
v 3754.048828125 72 -2193.244873046875
v 3754.048828125 74 -2193.244873046875
v 3733.7080078125 72 -2206.605712890625
v 3733.7080078125 74 -2206.605712890625
v 3720.34716796875 72 -2226.9462890625
v 3720.34716796875 74 -2226.9462890625
v 3716.134521484375 72 -2249.031982421875
v 3716.134521484375 74 -2249.031982421875
v 3720.34716796875 72 -2271.11767578125
v 3720.34716796875 74 -2271.11767578125
v 3733.7080078125 72 -2291.45849609375
v 3733.7080078125 74 -2291.45849609375
v 3754.048828125 72 -2304.8193359375
v 3754.048828125 74 -2304.8193359375
v 3776.134521484375 72 -2309.031982421875
v 3776.134521484375 74 -2309.031982421875
v 3798.22021484375 72 -2304.8193359375
v 3798.22021484375 74 -2304.8193359375
v 3818.56103515625 72 -2291.45849609375
v 3818.56103515625 74 -2291.45849609375
v 3831.921875 72 -2271.11767578125
v 3831.921875 74 -2271.11767578125
v 3836.134521484375 72 -2249.031982421875
v 3836.134521484375 74 -2249.031982421875
v 3685.161865234375 72 -2288.0703125
v 3737.09619140625 72 -2158.0595703125
v 3867.107177734375 72 -2209.993896484375
v 3815.1728515625 72 -2340.004638671875
v 3836.134521484375 72 -2249.031982421875
v 3831.921875 72 -2226.9462890625
v 3818.56103515625 72 -2206.605712890625
v 3798.22021484375 72 -2193.244873046875
v 3776.134521484375 72 -2189.031982421875
v 3754.048828125 72 -2193.244873046875
v 3733.7080078125 72 -2206.605712890625
v 3720.34716796875 72 -2226.9462890625
v 3716.134521484375 72 -2249.031982421875
v 3720.34716796875 72 -2271.11767578125
v 3733.7080078125 72 -2291.45849609375
v 3754.048828125 72 -2304.8193359375
v 3776.134521484375 72 -2309.031982421875
v 3798.22021484375 72 -2304.8193359375
v 3818.56103515625 72 -2291.45849609375
v 3831.921875 72 -2271.11767578125
v 3685.161865234375 74 -2288.0703125
v 3737.09619140625 74 -2158.0595703125
v 3867.107177734375 74 -2209.993896484375
v 3815.1728515625 74 -2340.004638671875
v 3836.134521484375 74 -2249.031982421875
v 3831.921875 74 -2226.9462890625
v 3818.56103515625 74 -2206.605712890625
v 3798.22021484375 74 -2193.244873046875
v 3776.134521484375 74 -2189.031982421875
v 3754.048828125 74 -2193.244873046875
v 3733.7080078125 74 -2206.605712890625
v 3720.34716796875 74 -2226.9462890625
v 3716.134521484375 74 -2249.031982421875
v 3720.34716796875 74 -2271.11767578125
v 3733.7080078125 74 -2291.45849609375
v 3754.048828125 74 -2304.8193359375
v 3776.134521484375 74 -2309.031982421875
v 3798.22021484375 74 -2304.8193359375
v 3818.56103515625 74 -2291.45849609375
v 3831.921875 74 -2271.11767578125
vt 0 0
vt 0 0.50354582071304321
vt 0.0026247331406921148 0
vt 0.0026247331406921148 0.50354582071304321
vt 0.0026247331406921148 0
vt 0.0026247331406921148 0.50354582071304321
vt 0.0052494662813842297 0
vt 0.0052494662813842297 0.50354582071304321
vt 0.0052494662813842297 0
vt 0.0052494662813842297 0.50354582071304321
vt 0.0078741991892457008 0
vt 0.0078741991892457008 0.50354582071304321
vt 0.0078741991892457008 0
vt 0.0078741991892457008 0.50354582071304321
vt 0.010498932562768459 0
vt 0.010498932562768459 0.50354582071304321
vt 0.010498932562768459 0
vt 0.010498932562768459 0.50354582071304321
vt 0.072342745959758759 0
vt 0.072342745959758759 0.50354582071304321
vt 0.13418656587600708 0
vt 0.13418656587600708 0.50354582071304321
vt 0.1960303783416748 0
vt 0.1960303783416748 0.50354582071304321
vt 0.25787419080734253 0
vt 0.25787419080734253 0.50354582071304321
vt 0.31971800327301025 0
vt 0.31971800327301025 0.50354582071304321
vt 0.38156184554100037 0
vt 0.38156184554100037 0.50354582071304321
vt 0.44340565800666809 0
vt 0.44340565800666809 0.50354582071304321
vt 0.50524944067001343 0
vt 0.50524944067001343 0.50354582071304321
vt 0.56709325313568115 0
vt 0.56709325313568115 0.50354582071304321
vt 0.62893712520599365 0
vt 0.62893712520599365 0.50354582071304321
vt 0.69078093767166138 0
vt 0.69078093767166138 0.50354582071304321
vt 0.7526247501373291 0
vt 0.7526247501373291 0.50354582071304321
vt 0.81446856260299683 0
vt 0.81446856260299683 0.50354582071304321
vt 0.87631237506866455 0
vt 0.87631237506866455 0.50354582071304321
vt 0.93815618753433228 0
vt 0.93815618753433228 0.50354582071304321
vt 1 0
vt 1 0.50354582071304321
vt 0.14980281889438629 1
vt 0.14980281889438629 0.50354635715484619
vt 0 0.50354635715484619
vt 0 1
vt 0.015281028114259243 0.67284560203552246
vt 0.028233647346496582 0.60565733909606934
vt 0.049583941698074341 0.55624938011169434
vt 0.075099371373653412 0.53900831937789917
vt 0.098717480897903442 0.55418837070465088
vt 0.11899126321077347 0.5971139669418335
vt 0.13389989733695984 0.66786986589431763
vt 0.13910232484340668 0.75242918729782104
vt 0.13452179729938507 0.83070075511932373
vt 0.12156917899847031 0.89788901805877686
vt 0.10021888464689255 0.94729691743850708
vt 0.074703454971313477 0.96453803777694702
vt 0.051085341721773148 0.94935792684555054
vt 0.030811559408903122 0.90643233060836792
vt 0.01590292900800705 0.83567649126052856
vt 0.010700507089495659 0.75111711025238037
vt 0.14980281889438629 0.50354635715484619
vt 0.14980281889438629 1
vt 0 1
vt 0 0.50354635715484619
vt 0.015281028114259243 0.83070075511932373
vt 0.028233647346496582 0.89788901805877686
vt 0.049583941698074341 0.94729691743850708
vt 0.075099371373653412 0.96453803777694702
vt 0.098717480897903442 0.94935792684555054
vt 0.11899126321077347 0.90643233060836792
vt 0.13389989733695984 0.83567649126052856
vt 0.13910232484340668 0.75111711025238037
vt 0.13452179729938507 0.67284560203552246
vt 0.12156917899847031 0.60565733909606934
vt 0.10021888464689255 0.55624938011169434
vt 0.074703454971313477 0.53900831937789917
vt 0.051085341721773148 0.55418837070465088
vt 0.030811559408903122 0.5971139669418335
vt 0.01590292900800705 0.66786986589431763
vt 0.010700507089495659 0.75242918729782104
vn -0.92864888906478882 0 0.37095984816551208
vn -0.92864888906478882 0 0.37095984816551208
vn -0.92864888906478882 0 0.37095984816551208
vn -0.92864888906478882 0 0.37095984816551208
vn 0.37095984816551208 0 0.92864888906478882
vn 0.37095984816551208 0 0.92864888906478882
vn 0.37095984816551208 0 0.92864888906478882
vn 0.37095984816551208 0 0.92864888906478882
vn 0.92864888906478882 0 -0.37095984816551208
vn 0.92864888906478882 0 -0.37095984816551208
vn 0.92864888906478882 0 -0.37095984816551208
vn 0.92864888906478882 0 -0.37095984816551208
vn -0.37095984816551208 0 -0.92864888906478882
vn -0.37095984816551208 0 -0.92864888906478882
vn -0.37095984816551208 0 -0.92864888906478882
vn -0.37095984816551208 0 -0.92864888906478882
vn -1 0 0
vn -1 0 0
vn -0.92978829145431519 0 -0.36809471249580383
vn -0.92978829145431519 0 -0.36809471249580383
vn -0.70710676908493042 0 -0.70710676908493042
vn -0.70710676908493042 0 -0.70710676908493042
vn -0.36809471249580383 0 -0.92978829145431519
vn -0.36809471249580383 0 -0.92978829145431519
vn 0 0 -1
vn 0 0 -1
vn 0.36809471249580383 0 -0.92978829145431519
vn 0.36809471249580383 0 -0.92978829145431519
vn 0.70710676908493042 0 -0.70710676908493042
vn 0.70710676908493042 0 -0.70710676908493042
vn 0.92978829145431519 0 -0.36809471249580383
vn 0.92978829145431519 0 -0.36809471249580383
vn 1 0 0
vn 1 0 0
vn 0.92978829145431519 0 0.36809471249580383
vn 0.92978829145431519 0 0.36809471249580383
vn 0.70710676908493042 0 0.70710676908493042
vn 0.70710676908493042 0 0.70710676908493042
vn 0.36809471249580383 0 0.92978829145431519
vn 0.36809471249580383 0 0.92978829145431519
vn 0 0 1
vn 0 0 1
vn -0.36809471249580383 0 0.92978829145431519
vn -0.36809471249580383 0 0.92978829145431519
vn -0.70710676908493042 0 0.70710676908493042
vn -0.70710676908493042 0 0.70710676908493042
vn -0.92978829145431519 0 0.36809471249580383
vn -0.92978829145431519 0 0.36809471249580383
vn -1 0 0
vn -1 0 0
vn 0 -1 0
vn 0 -1 0
vn 0 -1 0
vn 0 -1 0
vn 0 -1 0
vn 0 -1 0
vn 0 -1 0
vn 0 -1 0
vn 0 -1 0
vn 0 -1 0
vn 0 -1 0
vn 0 -1 0
vn 0 -1 0
vn 0 -1 0
vn 0 -1 0
vn 0 -1 0
vn 0 -1 0
vn 0 -1 0
vn 0 -1 0
vn 0 -1 0
vn 0 1 0
vn 0 1 0
vn 0 1 0
vn 0 1 0
vn 0 1 0
vn 0 1 0
vn 0 1 0
vn 0 1 0
vn 0 1 0
vn 0 1 0
vn 0 1 0
vn 0 1 0
vn 0 1 0
vn 0 1 0
vn 0 1 0
vn 0 1 0
vn 0 1 0
vn 0 1 0
vn 0 1 0
vn 0 1 0
f 541/541/541 543/543/543 544/544/544 542/542/542
f 545/545/545 547/547/547 548/548/548 546/546/546
f 549/549/549 551/551/551 552/552/552 550/550/550
f 553/553/553 555/555/555 556/556/556 554/554/554
f 557/557/557 559/559/559 560/560/560 558/558/558
f 559/559/559 561/561/561 562/562/562 560/560/560
f 561/561/561 563/563/563 564/564/564 562/562/562
f 563/563/563 565/565/565 566/566/566 564/564/564
f 565/565/565 567/567/567 568/568/568 566/566/566
f 567/567/567 569/569/569 570/570/570 568/568/568
f 569/569/569 571/571/571 572/572/572 570/570/570
f 571/571/571 573/573/573 574/574/574 572/572/572
f 573/573/573 575/575/575 576/576/576 574/574/574
f 575/575/575 577/577/577 578/578/578 576/576/576
f 577/577/577 579/579/579 580/580/580 578/578/578
f 579/579/579 581/581/581 582/582/582 580/580/580
f 581/581/581 583/583/583 584/584/584 582/582/582
f 583/583/583 585/585/585 586/586/586 584/584/584
f 585/585/585 587/587/587 588/588/588 586/586/586
f 587/587/587 589/589/589 590/590/590 588/588/588
f 610/610/610 609/609/609 594/594/594
f 608/608/608 594/594/594 609/609/609
f 594/594/594 608/608/608 607/607/607
f 594/594/594 607/607/607 606/606/606
f 606/606/606 591/591/591 594/594/594
f 595/595/595 610/610/610 593/593/593
f 594/594/594 593/593/593 610/610/610
f 593/593/593 597/597/597 596/596/596
f 593/593/593 596/596/596 595/595/595
f 598/598/598 597/597/597 593/593/593
f 591/591/591 605/605/605 604/604/604
f 602/602/602 591/591/591 603/603/603
f 604/604/604 603/603/603 591/591/591
f 592/592/592 591/591/591 602/602/602
f 591/591/591 606/606/606 605/605/605
f 592/592/592 599/599/599 598/598/598
f 592/592/592 601/601/601 600/600/600
f 602/602/602 601/601/601 592/592/592
f 599/599/599 592/592/592 600/600/600
f 593/593/593 592/592/592 598/598/598
f 630/630/630 614/614/614 629/629/629
f 628/628/628 629/629/629 614/614/614
f 614/614/614 627/627/627 628/628/628
f 614/614/614 626/626/626 627/627/627
f 626/626/626 614/614/614 611/611/611
f 615/615/615 613/613/613 630/630/630
f 614/614/614 630/630/630 613/613/613
f 613/613/613 616/616/616 617/617/617
f 613/613/613 615/615/615 616/616/616
f 618/618/618 613/613/613 617/617/617
f 611/611/611 624/624/624 625/625/625
f 622/622/622 623/623/623 611/611/611
f 624/624/624 611/611/611 623/623/623
f 612/612/612 622/622/622 611/611/611
f 611/611/611 625/625/625 626/626/626
f 612/612/612 618/618/618 619/619/619
f 612/612/612 620/620/620 621/621/621
f 622/622/622 612/612/612 621/621/621
f 619/619/619 620/620/620 612/612/612
f 613/613/613 618/618/618 612/612/612
usemtl diffuse_Black
v 3689.026611328125 84 -2278.3955078125
v 3689.026611328125 86 -2278.3955078125
v 3746.77099609375 84 -2161.924072265625
v 3746.77099609375 86 -2161.924072265625
v 3746.77099609375 84 -2161.924072265625
v 3746.77099609375 86 -2161.924072265625
v 3863.242431640625 84 -2219.668701171875
v 3863.242431640625 86 -2219.668701171875
v 3863.242431640625 84 -2219.668701171875
v 3863.242431640625 86 -2219.668701171875
v 3805.498046875 84 -2336.139892578125
v 3805.498046875 86 -2336.139892578125
v 3805.498046875 84 -2336.139892578125
v 3805.498046875 86 -2336.139892578125
v 3689.026611328125 84 -2278.3955078125
v 3689.026611328125 86 -2278.3955078125
v 3831.134521484375 84 -2249.031982421875
v 3831.134521484375 86 -2249.031982421875
v 3827.27294921875 84 -2228.786865234375
v 3827.27294921875 86 -2228.786865234375
v 3815.025390625 84 -2210.14111328125
v 3815.025390625 86 -2210.14111328125
v 3796.379638671875 84 -2197.893798828125
v 3796.379638671875 86 -2197.893798828125
v 3776.134521484375 84 -2194.031982421875
v 3776.134521484375 86 -2194.031982421875
v 3755.889404296875 84 -2197.893798828125
v 3755.889404296875 86 -2197.893798828125
v 3737.24365234375 84 -2210.14111328125
v 3737.24365234375 86 -2210.14111328125
v 3724.99609375 84 -2228.786865234375
v 3724.99609375 86 -2228.786865234375
v 3721.134521484375 84 -2249.031982421875
v 3721.134521484375 86 -2249.031982421875
v 3724.99609375 84 -2269.27734375
v 3724.99609375 86 -2269.27734375
v 3737.24365234375 84 -2287.9228515625
v 3737.24365234375 86 -2287.9228515625
v 3755.889404296875 84 -2300.17041015625
v 3755.889404296875 86 -2300.17041015625
v 3776.134521484375 84 -2304.031982421875
v 3776.134521484375 86 -2304.031982421875
v 3796.379638671875 84 -2300.17041015625
v 3796.379638671875 86 -2300.17041015625
v 3815.025390625 84 -2287.9228515625
v 3815.025390625 86 -2287.9228515625
v 3827.27294921875 84 -2269.27734375
v 3827.27294921875 86 -2269.27734375
v 3831.134521484375 84 -2249.031982421875
v 3831.134521484375 86 -2249.031982421875
v 3689.026611328125 84 -2278.3955078125
v 3746.77099609375 84 -2161.924072265625
v 3863.242431640625 84 -2219.668701171875
v 3805.498046875 84 -2336.139892578125
v 3831.134521484375 84 -2249.031982421875
v 3827.27294921875 84 -2228.786865234375
v 3815.025390625 84 -2210.14111328125
v 3796.379638671875 84 -2197.893798828125
v 3776.134521484375 84 -2194.031982421875
v 3755.889404296875 84 -2197.893798828125
v 3737.24365234375 84 -2210.14111328125
v 3724.99609375 84 -2228.786865234375
v 3721.134521484375 84 -2249.031982421875
v 3724.99609375 84 -2269.27734375
v 3737.24365234375 84 -2287.9228515625
v 3755.889404296875 84 -2300.17041015625
v 3776.134521484375 84 -2304.031982421875
v 3796.379638671875 84 -2300.17041015625
v 3815.025390625 84 -2287.9228515625
v 3827.27294921875 84 -2269.27734375
v 3689.026611328125 86 -2278.3955078125
v 3746.77099609375 86 -2161.924072265625
v 3863.242431640625 86 -2219.668701171875
v 3805.498046875 86 -2336.139892578125
v 3831.134521484375 86 -2249.031982421875
v 3827.27294921875 86 -2228.786865234375
v 3815.025390625 86 -2210.14111328125
v 3796.379638671875 86 -2197.893798828125
v 3776.134521484375 86 -2194.031982421875
v 3755.889404296875 86 -2197.893798828125
v 3737.24365234375 86 -2210.14111328125
v 3724.99609375 86 -2228.786865234375
v 3721.134521484375 86 -2249.031982421875
v 3724.99609375 86 -2269.27734375
v 3737.24365234375 86 -2287.9228515625
v 3755.889404296875 86 -2300.17041015625
v 3776.134521484375 86 -2304.031982421875
v 3796.379638671875 86 -2300.17041015625
v 3815.025390625 86 -2287.9228515625
v 3827.27294921875 86 -2269.27734375
vt 0 0
vt 0 0.50381654500961304
vt 0.0028606147971004248 0
vt 0.0028606147971004248 0.50381654500961304
vt 0.0028606147971004248 0
vt 0.0028606147971004248 0.50381654500961304
vt 0.0057212295942008495 0
vt 0.0057212295942008495 0.50381654500961304
vt 0.0057212295942008495 0
vt 0.0057212295942008495 0.50381654500961304
vt 0.0085818450897932053 0
vt 0.0085818450897932053 0.50381654500961304
vt 0.0085818450897932053 0
vt 0.0085818450897932053 0.50381654500961304
vt 0.011442459188401699 0
vt 0.011442459188401699 0.50381654500961304
vt 0.011442459188401699 0
vt 0.011442459188401699 0.50381654500961304
vt 0.073227308690547943 0
vt 0.073227308690547943 0.50381654500961304
vt 0.13501214981079102 0
vt 0.13501214981079102 0.50381654500961304
vt 0.19679699838161469 0
vt 0.19679699838161469 0.50381654500961304
vt 0.25858184695243835 0
vt 0.25858184695243835 0.50381654500961304
vt 0.32036668062210083 0
vt 0.32036668062210083 0.50381654500961304
vt 0.38215154409408569 0
vt 0.38215154409408569 0.50381654500961304
vt 0.44393637776374817 0
vt 0.44393637776374817 0.50381654500961304
vt 0.50572121143341064 0
vt 0.50572121143341064 0.50381654500961304
vt 0.56750607490539551 0
vt 0.56750607490539551 0.50381654500961304
vt 0.62929093837738037 0
vt 0.62929093837738037 0.50381654500961304
vt 0.69107574224472046 0
vt 0.69107574224472046 0.50381654500961304
vt 0.75286060571670532 0
vt 0.75286060571670532 0.50381654500961304
vt 0.81464546918869019 0
vt 0.81464546918869019 0.50381654500961304
vt 0.87643033266067505 0
vt 0.87643033266067505 0.50381654500961304
vt 0.93821513652801514 0
vt 0.93821513652801514 0.50381654500961304
vt 1 0
vt 1 0.50381654500961304
vt 0.15057653188705444 0.50381702184677124
vt 0 0.50381702184677124
vt 0 1
vt 0.15057653188705444 1
vt 0.046991061419248581 0.93998610973358154
vt 0.027968535199761391 0.89245766401290894
vt 0.01492039579898119 0.81896489858627319
vt 0.011803751811385155 0.73444026708602905
vt 0.018212411552667618 0.65866297483444214
vt 0.032635856419801712 0.59597957134246826
vt 0.05493868887424469 0.55298304557800293
vt 0.080589354038238525 0.5427129864692688
vt 0.10358547419309616 0.56383097171783447
vt 0.1226079985499382 0.61135941743850708
vt 0.13565613329410553 0.68485218286514282
vt 0.13877278566360474 0.76937675476074219
vt 0.13236412405967712 0.8451540470123291
vt 0.11794067919254303 0.90783751010894775
vt 0.095637843012809753 0.95083397626876831
vt 0.069987177848815918 0.96110403537750244
vt 0.15057653188705444 1
vt 0 1
vt 0 0.50381702184677124
vt 0.15057653188705444 0.50381702184677124
vt 0.046991061419248581 0.56383097171783447
vt 0.027968535199761391 0.61135941743850708
vt 0.01492039579898119 0.68485218286514282
vt 0.011803751811385155 0.76937675476074219
vt 0.018212411552667618 0.8451540470123291
vt 0.032635856419801712 0.90783751010894775
vt 0.05493868887424469 0.95083397626876831
vt 0.080589354038238525 0.96110403537750244
vt 0.10358547419309616 0.93998610973358154
vt 0.1226079985499382 0.89245766401290894
vt 0.13565613329410553 0.81896489858627319
vt 0.13877278566360474 0.73444026708602905
vt 0.13236412405967712 0.65866297483444214
vt 0.11794067919254303 0.59597957134246826
vt 0.095637843012809753 0.55298304557800293
vt 0.069987177848815918 0.5427129864692688
vn -0.89593356847763062 0 0.44418808817863464
vn -0.89593356847763062 0 0.44418808817863464
vn -0.89593356847763062 0 0.44418808817863464
vn -0.89593356847763062 0 0.44418808817863464
vn 0.44418808817863464 0 0.89593356847763062
vn 0.44418808817863464 0 0.89593356847763062
vn 0.44418808817863464 0 0.89593356847763062
vn 0.44418808817863464 0 0.89593356847763062
vn 0.89593356847763062 0 -0.44418808817863464
vn 0.89593356847763062 0 -0.44418808817863464
vn 0.89593356847763062 0 -0.44418808817863464
vn 0.89593356847763062 0 -0.44418808817863464
vn -0.44418808817863464 0 -0.89593356847763062
vn -0.44418808817863464 0 -0.89593356847763062
vn -0.44418808817863464 0 -0.89593356847763062
vn -0.44418808817863464 0 -0.89593356847763062
vn -1 0 0
vn -1 0 0
vn -0.92978829145431519 0 -0.36809471249580383
vn -0.92978829145431519 0 -0.36809471249580383
vn -0.70710676908493042 0 -0.70710676908493042
vn -0.70710676908493042 0 -0.70710676908493042
vn -0.36809471249580383 0 -0.92978829145431519
vn -0.36809471249580383 0 -0.92978829145431519
vn 0 0 -1
vn 0 0 -1
vn 0.36809471249580383 0 -0.92978829145431519
vn 0.36809471249580383 0 -0.92978829145431519
vn 0.70710676908493042 0 -0.70710676908493042
vn 0.70710676908493042 0 -0.70710676908493042
vn 0.92978829145431519 0 -0.36809471249580383
vn 0.92978829145431519 0 -0.36809471249580383
vn 1 0 0
vn 1 0 0
vn 0.92978829145431519 0 0.36809471249580383
vn 0.92978829145431519 0 0.36809471249580383
vn 0.70710676908493042 0 0.70710676908493042
vn 0.70710676908493042 0 0.70710676908493042
vn 0.36809471249580383 0 0.92978829145431519
vn 0.36809471249580383 0 0.92978829145431519
vn 0 0 1
vn 0 0 1
vn -0.36809471249580383 0 0.92978829145431519
vn -0.36809471249580383 0 0.92978829145431519
vn -0.70710676908493042 0 0.70710676908493042
vn -0.70710676908493042 0 0.70710676908493042
vn -0.92978829145431519 0 0.36809471249580383
vn -0.92978829145431519 0 0.36809471249580383
vn -1 0 0
vn -1 0 0
vn 0 -1 0
vn 0 -1 0
vn 0 -1 0
vn 0 -1 0
vn 0 -1 0
vn 0 -1 0
vn 0 -1 0
vn 0 -1 0
vn 0 -1 0
vn 0 -1 0
vn 0 -1 0
vn 0 -1 0
vn 0 -1 0
vn 0 -1 0
vn 0 -1 0
vn 0 -1 0
vn 0 -1 0
vn 0 -1 0
vn 0 -1 0
vn 0 -1 0
vn 0 1 0
vn 0 1 0
vn 0 1 0
vn 0 1 0
vn 0 1 0
vn 0 1 0
vn 0 1 0
vn 0 1 0
vn 0 1 0
vn 0 1 0
vn 0 1 0
vn 0 1 0
vn 0 1 0
vn 0 1 0
vn 0 1 0
vn 0 1 0
vn 0 1 0
vn 0 1 0
vn 0 1 0
vn 0 1 0
f 631/631/631 633/633/633 634/634/634 632/632/632
f 635/635/635 637/637/637 638/638/638 636/636/636
f 639/639/639 641/641/641 642/642/642 640/640/640
f 643/643/643 645/645/645 646/646/646 644/644/644
f 647/647/647 649/649/649 650/650/650 648/648/648
f 649/649/649 651/651/651 652/652/652 650/650/650
f 651/651/651 653/653/653 654/654/654 652/652/652
f 653/653/653 655/655/655 656/656/656 654/654/654
f 655/655/655 657/657/657 658/658/658 656/656/656
f 657/657/657 659/659/659 660/660/660 658/658/658
f 659/659/659 661/661/661 662/662/662 660/660/660
f 661/661/661 663/663/663 664/664/664 662/662/662
f 663/663/663 665/665/665 666/666/666 664/664/664
f 665/665/665 667/667/667 668/668/668 666/666/666
f 667/667/667 669/669/669 670/670/670 668/668/668
f 669/669/669 671/671/671 672/672/672 670/670/670
f 671/671/671 673/673/673 674/674/674 672/672/672
f 673/673/673 675/675/675 676/676/676 674/674/674
f 675/675/675 677/677/677 678/678/678 676/676/676
f 677/677/677 679/679/679 680/680/680 678/678/678
f 688/688/688 687/687/687 683/683/683
f 686/686/686 683/683/683 687/687/687
f 683/683/683 686/686/686 685/685/685
f 683/683/683 685/685/685 700/700/700
f 700/700/700 684/684/684 683/683/683
f 689/689/689 688/688/688 682/682/682
f 683/683/683 682/682/682 688/688/688
f 682/682/682 691/691/691 690/690/690
f 682/682/682 690/690/690 689/689/689
f 692/692/692 691/691/691 682/682/682
f 684/684/684 699/699/699 698/698/698
f 696/696/696 684/684/684 697/697/697
f 698/698/698 697/697/697 684/684/684
f 681/681/681 684/684/684 696/696/696
f 684/684/684 700/700/700 699/699/699
f 681/681/681 693/693/693 692/692/692
f 681/681/681 695/695/695 694/694/694
f 696/696/696 695/695/695 681/681/681
f 693/693/693 681/681/681 694/694/694
f 682/682/682 681/681/681 692/692/692
f 708/708/708 703/703/703 707/707/707
f 706/706/706 707/707/707 703/703/703
f 703/703/703 705/705/705 706/706/706
f 703/703/703 720/720/720 705/705/705
f 720/720/720 703/703/703 704/704/704
f 709/709/709 702/702/702 708/708/708
f 703/703/703 708/708/708 702/702/702
f 702/702/702 710/710/710 711/711/711
f 702/702/702 709/709/709 710/710/710
f 712/712/712 702/702/702 711/711/711
f 704/704/704 718/718/718 719/719/719
f 716/716/716 717/717/717 704/704/704
f 718/718/718 704/704/704 717/717/717
f 701/701/701 716/716/716 704/704/704
f 704/704/704 719/719/719 720/720/720
f 701/701/701 712/712/712 713/713/713
f 701/701/701 714/714/714 715/715/715
f 716/716/716 701/701/701 715/715/715
f 713/713/713 714/714/714 701/701/701
f 702/702/702 712/712/712 701/701/701
usemtl diffuse_Black
v 3699.138427734375 108 -2260.06005859375
v 3699.138427734375 110 -2260.06005859375
v 3765.106689453125 108 -2172.0361328125
v 3765.106689453125 110 -2172.0361328125
v 3765.106689453125 108 -2172.0361328125
v 3765.106689453125 110 -2172.0361328125
v 3853.130615234375 108 -2238.004150390625
v 3853.130615234375 110 -2238.004150390625
v 3853.130615234375 108 -2238.004150390625
v 3853.130615234375 110 -2238.004150390625
v 3787.162353515625 108 -2326.028076171875
v 3787.162353515625 110 -2326.028076171875
v 3787.162353515625 108 -2326.028076171875
v 3787.162353515625 110 -2326.028076171875
v 3699.138427734375 108 -2260.06005859375
v 3699.138427734375 110 -2260.06005859375
v 3821.134521484375 108 -2249.031982421875
v 3821.134521484375 110 -2249.031982421875
v 3817.97509765625 108 -2232.4677734375
v 3817.97509765625 110 -2232.4677734375
v 3807.954345703125 108 -2217.212158203125
v 3807.954345703125 110 -2217.212158203125
v 3792.69873046875 108 -2207.191650390625
v 3792.69873046875 110 -2207.191650390625
v 3776.134521484375 108 -2204.031982421875
v 3776.134521484375 110 -2204.031982421875
v 3759.5703125 108 -2207.191650390625
v 3759.5703125 110 -2207.191650390625
v 3744.314697265625 108 -2217.212158203125
v 3744.314697265625 110 -2217.212158203125
v 3734.2939453125 108 -2232.4677734375
v 3734.2939453125 110 -2232.4677734375
v 3731.134521484375 108 -2249.031982421875
v 3731.134521484375 110 -2249.031982421875
v 3734.2939453125 108 -2265.596435546875
v 3734.2939453125 110 -2265.596435546875
v 3744.314697265625 108 -2280.851806640625
v 3744.314697265625 110 -2280.851806640625
v 3759.5703125 108 -2290.87255859375
v 3759.5703125 110 -2290.87255859375
v 3776.134521484375 108 -2294.031982421875
v 3776.134521484375 110 -2294.031982421875
v 3792.69873046875 108 -2290.87255859375
v 3792.69873046875 110 -2290.87255859375
v 3807.954345703125 108 -2280.851806640625
v 3807.954345703125 110 -2280.851806640625
v 3817.97509765625 108 -2265.596435546875
v 3817.97509765625 110 -2265.596435546875
v 3821.134521484375 108 -2249.031982421875
v 3821.134521484375 110 -2249.031982421875
v 3699.138427734375 108 -2260.06005859375
v 3765.106689453125 108 -2172.0361328125
v 3853.130615234375 108 -2238.004150390625
v 3787.162353515625 108 -2326.028076171875
v 3821.134521484375 108 -2249.031982421875
v 3817.97509765625 108 -2232.4677734375
v 3807.954345703125 108 -2217.212158203125
v 3792.69873046875 108 -2207.191650390625
v 3776.134521484375 108 -2204.031982421875
v 3759.5703125 108 -2207.191650390625
v 3744.314697265625 108 -2217.212158203125
v 3734.2939453125 108 -2232.4677734375
v 3731.134521484375 108 -2249.031982421875
v 3734.2939453125 108 -2265.596435546875
v 3744.314697265625 108 -2280.851806640625
v 3759.5703125 108 -2290.87255859375
v 3776.134521484375 108 -2294.031982421875
v 3792.69873046875 108 -2290.87255859375
v 3807.954345703125 108 -2280.851806640625
v 3817.97509765625 108 -2265.596435546875
v 3699.138427734375 110 -2260.06005859375
v 3765.106689453125 110 -2172.0361328125
v 3853.130615234375 110 -2238.004150390625
v 3787.162353515625 110 -2326.028076171875
v 3821.134521484375 110 -2249.031982421875
v 3817.97509765625 110 -2232.4677734375
v 3807.954345703125 110 -2217.212158203125
v 3792.69873046875 110 -2207.191650390625
v 3776.134521484375 110 -2204.031982421875
v 3759.5703125 110 -2207.191650390625
v 3744.314697265625 110 -2217.212158203125
v 3734.2939453125 110 -2232.4677734375
v 3731.134521484375 110 -2249.031982421875
v 3734.2939453125 110 -2265.596435546875
v 3744.314697265625 110 -2280.851806640625
v 3759.5703125 110 -2290.87255859375
v 3776.134521484375 110 -2294.031982421875
v 3792.69873046875 110 -2290.87255859375
v 3807.954345703125 110 -2280.851806640625
v 3817.97509765625 110 -2265.596435546875
vt 0 0
vt 0 0.50450426340103149
vt 0.0034874393604695797 0
vt 0.0034874393604695797 0.50450426340103149
vt 0.0034874393604695797 0
vt 0.0034874393604695797 0.50450426340103149
vt 0.0069748787209391594 0
vt 0.0069748787209391594 0.50450426340103149
vt 0.0069748787209391594 0
vt 0.0069748787209391594 0.50450426340103149
vt 0.010462317615747452 0
vt 0.010462317615747452 0.50450426340103149
vt 0.010462317615747452 0
vt 0.010462317615747452 0.50450426340103149
vt 0.013949757441878319 0
vt 0.013949757441878319 0.50450426340103149
vt 0.013949757441878319 0
vt 0.013949757441878319 0.50450426340103149
vt 0.075577899813652039 0
vt 0.075577899813652039 0.50450426340103149
vt 0.13720603287220001 0
vt 0.13720603287220001 0.50450426340103149
vt 0.19883418083190918 0
vt 0.19883418083190918 0.50450426340103149
vt 0.26046231389045715 0
vt 0.26046231389045715 0.50450426340103149
vt 0.32209044694900513 0
vt 0.32209044694900513 0.50450426340103149
vt 0.38371860980987549 0
vt 0.38371860980987549 0.50450426340103149
vt 0.44534674286842346 0
vt 0.44534674286842346 0.50450426340103149
vt 0.50697487592697144 0
vt 0.50697487592697144 0.50450426340103149
vt 0.5686030387878418 0
vt 0.5686030387878418 0.50450426340103149
vt 0.63023114204406738 0
vt 0.63023114204406738 0.50450426340103149
vt 0.69185930490493774 0
vt 0.69185930490493774 0.50450426340103149
vt 0.75348746776580811 0
vt 0.75348746776580811 0.50450426340103149
vt 0.81511557102203369 0
vt 0.81511557102203369 0.50450426340103149
vt 0.87674373388290405 0
vt 0.87674373388290405 0.50450426340103149
vt 0.93837183713912964 0
vt 0.93837183713912964 0.50450426340103149
vt 1 0
vt 1 0.50450426340103149
vt 0 0.5045047402381897
vt 0 1
vt 0.15258252620697021 1
vt 0.15258252620697021 0.5045047402381897
vt 0.12624092400074005 0.87381517887115479
vt 0.10895463079214096 0.92498725652694702
vt 0.085141196846961975 0.95290732383728027
vt 0.059871800243854523 0.94781637191772461
vt 0.038857288658618927 0.9144585132598877
vt 0.023099383339285851 0.85832315683364868
vt 0.014501695521175861 0.78099161386489868
vt 0.016069395467638969 0.69893193244934082
vt 0.026341591030359268 0.63068962097167969
vt 0.043627887964248657 0.57951748371124268
vt 0.06744132936000824 0.55159741640090942
vt 0.092710718512535095 0.55668836832046509
vt 0.11372523009777069 0.590046226978302
vt 0.12948313355445862 0.64618158340454102
vt 0.13808082044124603 0.72351318597793579
vt 0.1365131288766861 0.80557280778884888
vt 0 1
vt 0 0.5045047402381897
vt 0.15258252620697021 0.5045047402381897
vt 0.15258252620697021 1
vt 0.12624092400074005 0.63068962097167969
vt 0.10895463079214096 0.57951748371124268
vt 0.085141196846961975 0.55159741640090942
vt 0.059871800243854523 0.55668836832046509
vt 0.038857288658618927 0.590046226978302
vt 0.023099383339285851 0.64618158340454102
vt 0.014501695521175861 0.72351318597793579
vt 0.016069395467638969 0.80557280778884888
vt 0.026341591030359268 0.87381517887115479
vt 0.043627887964248657 0.92498725652694702
vt 0.06744132936000824 0.95290732383728027
vt 0.092710718512535095 0.94781637191772461
vt 0.11372523009777069 0.9144585132598877
vt 0.12948313355445862 0.85832315683364868
vt 0.13808082044124603 0.78099161386489868
vt 0.1365131288766861 0.69893193244934082
vn -0.80021744966506958 0 0.59970998764038086
vn -0.80021744966506958 0 0.59970998764038086
vn -0.80021744966506958 0 0.59970998764038086
vn -0.80021744966506958 0 0.59970998764038086
vn 0.59970998764038086 0 0.80021744966506958
vn 0.59970998764038086 0 0.80021744966506958
vn 0.59970998764038086 0 0.80021744966506958
vn 0.59970998764038086 0 0.80021744966506958
vn 0.80021744966506958 0 -0.59970998764038086
vn 0.80021744966506958 0 -0.59970998764038086
vn 0.80021744966506958 0 -0.59970998764038086
vn 0.80021744966506958 0 -0.59970998764038086
vn -0.59970998764038086 0 -0.80021744966506958
vn -0.59970998764038086 0 -0.80021744966506958
vn -0.59970998764038086 0 -0.80021744966506958
vn -0.59970998764038086 0 -0.80021744966506958
vn -1 0 0
vn -1 0 0
vn -0.92978829145431519 0 -0.36809471249580383
vn -0.92978829145431519 0 -0.36809471249580383
vn -0.70710676908493042 0 -0.70710676908493042
vn -0.70710676908493042 0 -0.70710676908493042
vn -0.36809471249580383 0 -0.92978829145431519
vn -0.36809471249580383 0 -0.92978829145431519
vn 0 0 -1
vn 0 0 -1
vn 0.36809471249580383 0 -0.92978829145431519
vn 0.36809471249580383 0 -0.92978829145431519
vn 0.70710676908493042 0 -0.70710676908493042
vn 0.70710676908493042 0 -0.70710676908493042
vn 0.92978829145431519 0 -0.36809471249580383
vn 0.92978829145431519 0 -0.36809471249580383
vn 1 0 0
vn 1 0 0
vn 0.92978829145431519 0 0.36809471249580383
vn 0.92978829145431519 0 0.36809471249580383
vn 0.70710676908493042 0 0.70710676908493042
vn 0.70710676908493042 0 0.70710676908493042
vn 0.36809471249580383 0 0.92978829145431519
vn 0.36809471249580383 0 0.92978829145431519
vn 0 0 1
vn 0 0 1
vn -0.36809471249580383 0 0.92978829145431519
vn -0.36809471249580383 0 0.92978829145431519
vn -0.70710676908493042 0 0.70710676908493042
vn -0.70710676908493042 0 0.70710676908493042
vn -0.92978829145431519 0 0.36809471249580383
vn -0.92978829145431519 0 0.36809471249580383
vn -1 0 0
vn -1 0 0
vn 0 -1 0
vn 0 -1 0
vn 0 -1 0
vn 0 -1 0
vn 0 -1 0
vn 0 -1 0
vn 0 -1 0
vn 0 -1 0
vn 0 -1 0
vn 0 -1 0
vn 0 -1 0
vn 0 -1 0
vn 0 -1 0
vn 0 -1 0
vn 0 -1 0
vn 0 -1 0
vn 0 -1 0
vn 0 -1 0
vn 0 -1 0
vn 0 -1 0
vn 0 1 0
vn 0 1 0
vn 0 1 0
vn 0 1 0
vn 0 1 0
vn 0 1 0
vn 0 1 0
vn 0 1 0
vn 0 1 0
vn 0 1 0
vn 0 1 0
vn 0 1 0
vn 0 1 0
vn 0 1 0
vn 0 1 0
vn 0 1 0
vn 0 1 0
vn 0 1 0
vn 0 1 0
vn 0 1 0
f 721/721/721 723/723/723 724/724/724 722/722/722
f 725/725/725 727/727/727 728/728/728 726/726/726
f 729/729/729 731/731/731 732/732/732 730/730/730
f 733/733/733 735/735/735 736/736/736 734/734/734
f 737/737/737 739/739/739 740/740/740 738/738/738
f 739/739/739 741/741/741 742/742/742 740/740/740
f 741/741/741 743/743/743 744/744/744 742/742/742
f 743/743/743 745/745/745 746/746/746 744/744/744
f 745/745/745 747/747/747 748/748/748 746/746/746
f 747/747/747 749/749/749 750/750/750 748/748/748
f 749/749/749 751/751/751 752/752/752 750/750/750
f 751/751/751 753/753/753 754/754/754 752/752/752
f 753/753/753 755/755/755 756/756/756 754/754/754
f 755/755/755 757/757/757 758/758/758 756/756/756
f 757/757/757 759/759/759 760/760/760 758/758/758
f 759/759/759 761/761/761 762/762/762 760/760/760
f 761/761/761 763/763/763 764/764/764 762/762/762
f 763/763/763 765/765/765 766/766/766 764/764/764
f 765/765/765 767/767/767 768/768/768 766/766/766
f 767/767/767 769/769/769 770/770/770 768/768/768
f 771/771/771 781/781/781 772/772/772
f 780/780/780 772/772/772 781/781/781
f 772/772/772 780/780/780 779/779/779
f 772/772/772 779/779/779 778/778/778
f 778/778/778 777/777/777 772/772/772
f 783/783/783 782/782/782 771/771/771
f 781/781/781 771/771/771 782/782/782
f 771/771/771 785/785/785 784/784/784
f 771/771/771 784/784/784 783/783/783
f 774/774/774 785/785/785 771/771/771
f 773/773/773 777/777/777 776/776/776
f 790/790/790 773/773/773 775/775/775
f 776/776/776 775/775/775 773/773/773
f 789/789/789 773/773/773 790/790/790
f 773/773/773 772/772/772 777/777/777
f 774/774/774 787/787/787 786/786/786
f 774/774/774 789/789/789 788/788/788
f 773/773/773 789/789/789 774/774/774
f 787/787/787 774/774/774 788/788/788
f 785/785/785 774/774/774 786/786/786
f 791/791/791 792/792/792 801/801/801
f 800/800/800 801/801/801 792/792/792
f 792/792/792 799/799/799 800/800/800
f 792/792/792 798/798/798 799/799/799
f 798/798/798 792/792/792 797/797/797
f 803/803/803 791/791/791 802/802/802
f 801/801/801 802/802/802 791/791/791
f 791/791/791 804/804/804 805/805/805
f 791/791/791 803/803/803 804/804/804
f 794/794/794 791/791/791 805/805/805
f 793/793/793 796/796/796 797/797/797
f 810/810/810 795/795/795 793/793/793
f 796/796/796 793/793/793 795/795/795
f 809/809/809 810/810/810 793/793/793
f 793/793/793 797/797/797 792/792/792
f 794/794/794 806/806/806 807/807/807
f 794/794/794 808/808/808 809/809/809
f 793/793/793 794/794/794 809/809/809
f 807/807/807 808/808/808 794/794/794
f 805/805/805 806/806/806 794/794/794
usemtl diffuse_Black
v 3693.671142578125 96 -2269.02734375
v 3693.671142578125 98 -2269.02734375
v 3756.139404296875 96 -2166.56884765625
v 3756.139404296875 98 -2166.56884765625
v 3756.139404296875 96 -2166.56884765625
v 3756.139404296875 98 -2166.56884765625
v 3858.597900390625 96 -2229.036865234375
v 3858.597900390625 98 -2229.036865234375
v 3858.597900390625 96 -2229.036865234375
v 3858.597900390625 98 -2229.036865234375
v 3796.129638671875 96 -2331.495361328125
v 3796.129638671875 98 -2331.495361328125
v 3796.129638671875 96 -2331.495361328125
v 3796.129638671875 98 -2331.495361328125
v 3693.671142578125 96 -2269.02734375
v 3693.671142578125 98 -2269.02734375
v 3826.134521484375 96 -2249.031982421875
v 3826.134521484375 98 -2249.031982421875
v 3822.6240234375 96 -2230.62744140625
v 3822.6240234375 98 -2230.62744140625
v 3811.48974609375 96 -2213.6767578125
v 3811.48974609375 98 -2213.6767578125
v 3794.539306640625 96 -2202.542724609375
v 3794.539306640625 98 -2202.542724609375
v 3776.134521484375 96 -2199.031982421875
v 3776.134521484375 98 -2199.031982421875
v 3757.729736328125 96 -2202.542724609375
v 3757.729736328125 98 -2202.542724609375
v 3740.779052734375 96 -2213.6767578125
v 3740.779052734375 98 -2213.6767578125
v 3729.64501953125 96 -2230.62744140625
v 3729.64501953125 98 -2230.62744140625
v 3726.134521484375 96 -2249.031982421875
v 3726.134521484375 98 -2249.031982421875
v 3729.64501953125 96 -2267.436767578125
v 3729.64501953125 98 -2267.436767578125
v 3740.779052734375 96 -2284.387451171875
v 3740.779052734375 98 -2284.387451171875
v 3757.729736328125 96 -2295.521484375
v 3757.729736328125 98 -2295.521484375
v 3776.134521484375 96 -2299.031982421875
v 3776.134521484375 98 -2299.031982421875
v 3794.539306640625 96 -2295.521484375
v 3794.539306640625 98 -2295.521484375
v 3811.48974609375 96 -2284.387451171875
v 3811.48974609375 98 -2284.387451171875
v 3822.6240234375 96 -2267.436767578125
v 3822.6240234375 98 -2267.436767578125
v 3826.134521484375 96 -2249.031982421875
v 3826.134521484375 98 -2249.031982421875
v 3693.671142578125 96 -2269.02734375
v 3756.139404296875 96 -2166.56884765625
v 3858.597900390625 96 -2229.036865234375
v 3796.129638671875 96 -2331.495361328125
v 3826.134521484375 96 -2249.031982421875
v 3822.6240234375 96 -2230.62744140625
v 3811.48974609375 96 -2213.6767578125
v 3794.539306640625 96 -2202.542724609375
v 3776.134521484375 96 -2199.031982421875
v 3757.729736328125 96 -2202.542724609375
v 3740.779052734375 96 -2213.6767578125
v 3729.64501953125 96 -2230.62744140625
v 3726.134521484375 96 -2249.031982421875
v 3729.64501953125 96 -2267.436767578125
v 3740.779052734375 96 -2284.387451171875
v 3757.729736328125 96 -2295.521484375
v 3776.134521484375 96 -2299.031982421875
v 3794.539306640625 96 -2295.521484375
v 3811.48974609375 96 -2284.387451171875
v 3822.6240234375 96 -2267.436767578125
v 3693.671142578125 98 -2269.02734375
v 3756.139404296875 98 -2166.56884765625
v 3858.597900390625 98 -2229.036865234375
v 3796.129638671875 98 -2331.495361328125
v 3826.134521484375 98 -2249.031982421875
v 3822.6240234375 98 -2230.62744140625
v 3811.48974609375 98 -2213.6767578125
v 3794.539306640625 98 -2202.542724609375
v 3776.134521484375 98 -2199.031982421875
v 3757.729736328125 98 -2202.542724609375
v 3740.779052734375 98 -2213.6767578125
v 3729.64501953125 98 -2230.62744140625
v 3726.134521484375 98 -2249.031982421875
v 3729.64501953125 98 -2267.436767578125
v 3740.779052734375 98 -2284.387451171875
v 3757.729736328125 98 -2295.521484375
v 3776.134521484375 98 -2299.031982421875
v 3794.539306640625 98 -2295.521484375
v 3811.48974609375 98 -2284.387451171875
v 3822.6240234375 98 -2267.436767578125
vt 0 0
vt 0 0.5041319727897644
vt 0.003143079811707139 0
vt 0.003143079811707139 0.5041319727897644
vt 0.003143079811707139 0
vt 0.003143079811707139 0.5041319727897644
vt 0.006286159623414278 0
vt 0.006286159623414278 0.5041319727897644
vt 0.006286159623414278 0
vt 0.006286159623414278 0.5041319727897644
vt 0.0094292396679520607 0
vt 0.0094292396679520607 0.5041319727897644
vt 0.0094292396679520607 0
vt 0.0094292396679520607 0.5041319727897644
vt 0.012572319246828556 0
vt 0.012572319246828556 0.5041319727897644
vt 0.012572319246828556 0
vt 0.012572319246828556 0.5041319727897644
vt 0.074286550283432007 0
vt 0.074286550283432007 0.5041319727897644
vt 0.13600078225135803 0
vt 0.13600078225135803 0.5041319727897644
vt 0.19771501421928406 0
vt 0.19771501421928406 0.5041319727897644
vt 0.25942924618721008 0
vt 0.25942924618721008 0.5041319727897644
vt 0.32114347815513611 0
vt 0.32114347815513611 0.5041319727897644
vt 0.38285771012306213 0
vt 0.38285771012306213 0.5041319727897644
vt 0.44457194209098816 0
vt 0.44457194209098816 0.5041319727897644
vt 0.5062861442565918 0
vt 0.5062861442565918 0.5041319727897644
vt 0.56800037622451782 0
vt 0.56800037622451782 0.5041319727897644
vt 0.62971460819244385 0
vt 0.62971460819244385 0.5041319727897644
vt 0.69142884016036987 0
vt 0.69142884016036987 0.5041319727897644
vt 0.7531430721282959 0
vt 0.7531430721282959 0.5041319727897644
vt 0.81485730409622192 0
vt 0.81485730409622192 0.5041319727897644
vt 0.87657153606414795 0
vt 0.87657153606414795 0.5041319727897644
vt 0.93828576803207397 0
vt 0.93828576803207397 0.5041319727897644
vt 1 0
vt 1 0.5041319727897644
vt 0.15148936212062836 1
vt 0.15148936212062836 0.50413250923156738
vt 0 0.50413250923156738
vt 0 1
vt 0.02185104601085186 0.64451104402542114
vt 0.037730053067207336 0.58712738752365112
vt 0.06087060272693634 0.5512731671333313
vt 0.086458183825016022 0.54845261573791504
vt 0.10860319435596466 0.57565712928771973
vt 0.12613409757614136 0.62763363122940063
vt 0.13708771765232086 0.70337921380996704
vt 0.1379493921995163 0.78713458776473999
vt 0.12963831424713135 0.85962146520614624
vt 0.11375930160284042 0.91700506210327148
vt 0.09061875194311142 0.95285934209823608
vt 0.065031178295612335 0.95567989349365234
vt 0.042886164039373398 0.92847532033920288
vt 0.025355253368616104 0.87649887800216675
vt 0.01440164539963007 0.80075329542160034
vt 0.013539963401854038 0.71699792146682739
vt 0.15148936212062836 0.50413250923156738
vt 0.15148936212062836 1
vt 0 1
vt 0 0.50413250923156738
vt 0.02185104601085186 0.85962146520614624
vt 0.037730053067207336 0.91700506210327148
vt 0.06087060272693634 0.95285934209823608
vt 0.086458183825016022 0.95567989349365234
vt 0.10860319435596466 0.92847532033920288
vt 0.12613409757614136 0.87649887800216675
vt 0.13708771765232086 0.80075329542160034
vt 0.1379493921995163 0.71699792146682739
vt 0.12963831424713135 0.64451104402542114
vt 0.11375930160284042 0.58712738752365112
vt 0.09061875194311142 0.5512731671333313
vt 0.065031178295612335 0.54845261573791504
vt 0.042886164039373398 0.57565712928771973
vt 0.025355253368616104 0.62763363122940063
vt 0.01440164539963007 0.70337921380996704
vt 0.013539963401854038 0.78713458776473999
vn -0.85382050275802612 0 0.52056753635406494
vn -0.85382050275802612 0 0.52056753635406494
vn -0.85382050275802612 0 0.52056753635406494
vn -0.85382050275802612 0 0.52056753635406494
vn 0.52056753635406494 0 0.85382050275802612
vn 0.52056753635406494 0 0.85382050275802612
vn 0.52056753635406494 0 0.85382050275802612
vn 0.52056753635406494 0 0.85382050275802612
vn 0.85382050275802612 0 -0.52056753635406494
vn 0.85382050275802612 0 -0.52056753635406494
vn 0.85382050275802612 0 -0.52056753635406494
vn 0.85382050275802612 0 -0.52056753635406494
vn -0.52056753635406494 0 -0.85382050275802612
vn -0.52056753635406494 0 -0.85382050275802612
vn -0.52056753635406494 0 -0.85382050275802612
vn -0.52056753635406494 0 -0.85382050275802612
vn -1 0 0
vn -1 0 0
vn -0.92978829145431519 0 -0.36809471249580383
vn -0.92978829145431519 0 -0.36809471249580383
vn -0.70710676908493042 0 -0.70710676908493042
vn -0.70710676908493042 0 -0.70710676908493042
vn -0.36809471249580383 0 -0.92978829145431519
vn -0.36809471249580383 0 -0.92978829145431519
vn 0 0 -1
vn 0 0 -1
vn 0.36809471249580383 0 -0.92978829145431519
vn 0.36809471249580383 0 -0.92978829145431519
vn 0.70710676908493042 0 -0.70710676908493042
vn 0.70710676908493042 0 -0.70710676908493042
vn 0.92978829145431519 0 -0.36809471249580383
vn 0.92978829145431519 0 -0.36809471249580383
vn 1 0 0
vn 1 0 0
vn 0.92978829145431519 0 0.36809471249580383
vn 0.92978829145431519 0 0.36809471249580383
vn 0.70710676908493042 0 0.70710676908493042
vn 0.70710676908493042 0 0.70710676908493042
vn 0.36809471249580383 0 0.92978829145431519
vn 0.36809471249580383 0 0.92978829145431519
vn 0 0 1
vn 0 0 1
vn -0.36809471249580383 0 0.92978829145431519
vn -0.36809471249580383 0 0.92978829145431519
vn -0.70710676908493042 0 0.70710676908493042
vn -0.70710676908493042 0 0.70710676908493042
vn -0.92978829145431519 0 0.36809471249580383
vn -0.92978829145431519 0 0.36809471249580383
vn -1 0 0
vn -1 0 0
vn 0 -1 0
vn 0 -1 0
vn 0 -1 0
vn 0 -1 0
vn 0 -1 0
vn 0 -1 0
vn 0 -1 0
vn 0 -1 0
vn 0 -1 0
vn 0 -1 0
vn 0 -1 0
vn 0 -1 0
vn 0 -1 0
vn 0 -1 0
vn 0 -1 0
vn 0 -1 0
vn 0 -1 0
vn 0 -1 0
vn 0 -1 0
vn 0 -1 0
vn 0 1 0
vn 0 1 0
vn 0 1 0
vn 0 1 0
vn 0 1 0
vn 0 1 0
vn 0 1 0
vn 0 1 0
vn 0 1 0
vn 0 1 0
vn 0 1 0
vn 0 1 0
vn 0 1 0
vn 0 1 0
vn 0 1 0
vn 0 1 0
vn 0 1 0
vn 0 1 0
vn 0 1 0
vn 0 1 0
f 811/811/811 813/813/813 814/814/814 812/812/812
f 815/815/815 817/817/817 818/818/818 816/816/816
f 819/819/819 821/821/821 822/822/822 820/820/820
f 823/823/823 825/825/825 826/826/826 824/824/824
f 827/827/827 829/829/829 830/830/830 828/828/828
f 829/829/829 831/831/831 832/832/832 830/830/830
f 831/831/831 833/833/833 834/834/834 832/832/832
f 833/833/833 835/835/835 836/836/836 834/834/834
f 835/835/835 837/837/837 838/838/838 836/836/836
f 837/837/837 839/839/839 840/840/840 838/838/838
f 839/839/839 841/841/841 842/842/842 840/840/840
f 841/841/841 843/843/843 844/844/844 842/842/842
f 843/843/843 845/845/845 846/846/846 844/844/844
f 845/845/845 847/847/847 848/848/848 846/846/846
f 847/847/847 849/849/849 850/850/850 848/848/848
f 849/849/849 851/851/851 852/852/852 850/850/850
f 851/851/851 853/853/853 854/854/854 852/852/852
f 853/853/853 855/855/855 856/856/856 854/854/854
f 855/855/855 857/857/857 858/858/858 856/856/856
f 857/857/857 859/859/859 860/860/860 858/858/858
f 880/880/880 879/879/879 864/864/864
f 878/878/878 864/864/864 879/879/879
f 864/864/864 878/878/878 877/877/877
f 864/864/864 877/877/877 876/876/876
f 876/876/876 861/861/861 864/864/864
f 865/865/865 880/880/880 863/863/863
f 864/864/864 863/863/863 880/880/880
f 863/863/863 867/867/867 866/866/866
f 863/863/863 866/866/866 865/865/865
f 868/868/868 867/867/867 863/863/863
f 861/861/861 875/875/875 874/874/874
f 872/872/872 861/861/861 873/873/873
f 874/874/874 873/873/873 861/861/861
f 862/862/862 861/861/861 872/872/872
f 861/861/861 876/876/876 875/875/875
f 862/862/862 869/869/869 868/868/868
f 862/862/862 871/871/871 870/870/870
f 872/872/872 871/871/871 862/862/862
f 869/869/869 862/862/862 870/870/870
f 863/863/863 862/862/862 868/868/868
f 900/900/900 884/884/884 899/899/899
f 898/898/898 899/899/899 884/884/884
f 884/884/884 897/897/897 898/898/898
f 884/884/884 896/896/896 897/897/897
f 896/896/896 884/884/884 881/881/881
f 885/885/885 883/883/883 900/900/900
f 884/884/884 900/900/900 883/883/883
f 883/883/883 886/886/886 887/887/887
f 883/883/883 885/885/885 886/886/886
f 888/888/888 883/883/883 887/887/887
f 881/881/881 894/894/894 895/895/895
f 892/892/892 893/893/893 881/881/881
f 894/894/894 881/881/881 893/893/893
f 882/882/882 892/892/892 881/881/881
f 881/881/881 895/895/895 896/896/896
f 882/882/882 888/888/888 889/889/889
f 882/882/882 890/890/890 891/891/891
f 892/892/892 882/882/882 891/891/891
f 889/889/889 890/890/890 882/882/882
f 883/883/883 888/888/888 882/882/882
usemtl diffuse_Black
v 3705.470947265625 120 -2251.6103515625
v 3705.470947265625 122 -2251.6103515625
v 3773.55615234375 120 -2178.368408203125
v 3773.55615234375 122 -2178.368408203125
v 3773.55615234375 120 -2178.368408203125
v 3773.55615234375 122 -2178.368408203125
v 3846.798095703125 120 -2246.45361328125
v 3846.798095703125 122 -2246.45361328125
v 3846.798095703125 120 -2246.45361328125
v 3846.798095703125 122 -2246.45361328125
v 3778.712890625 120 -2319.69580078125
v 3778.712890625 122 -2319.69580078125
v 3778.712890625 120 -2319.69580078125
v 3778.712890625 122 -2319.69580078125
v 3705.470947265625 120 -2251.6103515625
v 3705.470947265625 122 -2251.6103515625
v 3816.134521484375 120 -2249.031982421875
v 3816.134521484375 122 -2249.031982421875
v 3813.325927734375 120 -2234.308349609375
v 3813.325927734375 122 -2234.308349609375
v 3804.418701171875 120 -2220.747802734375
v 3804.418701171875 122 -2220.747802734375
v 3790.8583984375 120 -2211.840576171875
v 3790.8583984375 122 -2211.840576171875
v 3776.134521484375 120 -2209.031982421875
v 3776.134521484375 122 -2209.031982421875
v 3761.41064453125 120 -2211.840576171875
v 3761.41064453125 122 -2211.840576171875
v 3747.850341796875 120 -2220.747802734375
v 3747.850341796875 122 -2220.747802734375
v 3738.94287109375 120 -2234.308349609375
v 3738.94287109375 122 -2234.308349609375
v 3736.134521484375 120 -2249.031982421875
v 3736.134521484375 122 -2249.031982421875
v 3738.94287109375 120 -2263.755859375
v 3738.94287109375 122 -2263.755859375
v 3747.850341796875 120 -2277.31640625
v 3747.850341796875 122 -2277.31640625
v 3761.41064453125 120 -2286.2236328125
v 3761.41064453125 122 -2286.2236328125
v 3776.134521484375 120 -2289.031982421875
v 3776.134521484375 122 -2289.031982421875
v 3790.8583984375 120 -2286.2236328125
v 3790.8583984375 122 -2286.2236328125
v 3804.418701171875 120 -2277.31640625
v 3804.418701171875 122 -2277.31640625
v 3813.325927734375 120 -2263.755859375
v 3813.325927734375 122 -2263.755859375
v 3816.134521484375 120 -2249.031982421875
v 3816.134521484375 122 -2249.031982421875
v 3705.470947265625 120 -2251.6103515625
v 3773.55615234375 120 -2178.368408203125
v 3846.798095703125 120 -2246.45361328125
v 3778.712890625 120 -2319.69580078125
v 3816.134521484375 120 -2249.031982421875
v 3813.325927734375 120 -2234.308349609375
v 3804.418701171875 120 -2220.747802734375
v 3790.8583984375 120 -2211.840576171875
v 3776.134521484375 120 -2209.031982421875
v 3761.41064453125 120 -2211.840576171875
v 3747.850341796875 120 -2220.747802734375
v 3738.94287109375 120 -2234.308349609375
v 3736.134521484375 120 -2249.031982421875
v 3738.94287109375 120 -2263.755859375
v 3747.850341796875 120 -2277.31640625
v 3761.41064453125 120 -2286.2236328125
v 3776.134521484375 120 -2289.031982421875
v 3790.8583984375 120 -2286.2236328125
v 3804.418701171875 120 -2277.31640625
v 3813.325927734375 120 -2263.755859375
v 3705.470947265625 122 -2251.6103515625
v 3773.55615234375 122 -2178.368408203125
v 3846.798095703125 122 -2246.45361328125
v 3778.712890625 122 -2319.69580078125
v 3816.134521484375 122 -2249.031982421875
v 3813.325927734375 122 -2234.308349609375
v 3804.418701171875 122 -2220.747802734375
v 3790.8583984375 122 -2211.840576171875
v 3776.134521484375 122 -2209.031982421875
v 3761.41064453125 122 -2211.840576171875
v 3747.850341796875 122 -2220.747802734375
v 3738.94287109375 122 -2234.308349609375
v 3736.134521484375 122 -2249.031982421875
v 3738.94287109375 122 -2263.755859375
v 3747.850341796875 122 -2277.31640625
v 3761.41064453125 122 -2286.2236328125
v 3776.134521484375 122 -2289.031982421875
v 3790.8583984375 122 -2286.2236328125
v 3804.418701171875 122 -2277.31640625
v 3813.325927734375 122 -2263.755859375
vt 0 0
vt 0 0.50495022535324097
vt 0.0039165397174656391 0
vt 0.0039165397174656391 0.50495022535324097
vt 0.0039165397174656391 0
vt 0.0039165397174656391 0.50495022535324097
vt 0.0078330794349312782 0
vt 0.0078330794349312782 0.50495022535324097
vt 0.0078330794349312782 0
vt 0.0078330794349312782 0.50495022535324097
vt 0.011749619618058205 0
vt 0.011749619618058205 0.50495022535324097
vt 0.011749619618058205 0
vt 0.011749619618058205 0.50495022535324097
vt 0.015666158869862556 0
vt 0.015666158869862556 0.50495022535324097
vt 0.015666158869862556 0
vt 0.015666158869862556 0.50495022535324097
vt 0.077187024056911469 0
vt 0.077187024056911469 0.50495022535324097
vt 0.13870789110660553 0
vt 0.13870789110660553 0.50495022535324097
vt 0.20022875070571899 0
vt 0.20022875070571899 0.50495022535324097
vt 0.26174962520599365 0
vt 0.26174962520599365 0.50495022535324097
vt 0.32327046990394592 0
vt 0.32327046990394592 0.50495022535324097
vt 0.38479134440422058 0
vt 0.38479134440422058 0.50495022535324097
vt 0.44631221890449524 0
vt 0.44631221890449524 0.50495022535324097
vt 0.50783306360244751 0
vt 0.50783306360244751 0.50495022535324097
vt 0.56935393810272217 0
vt 0.56935393810272217 0.50495022535324097
vt 0.63087481260299683 0
vt 0.63087481260299683 0.50495022535324097
vt 0.69239568710327148 0
vt 0.69239568710327148 0.50495022535324097
vt 0.75391656160354614 0
vt 0.75391656160354614 0.50495022535324097
vt 0.81543737649917603 0
vt 0.81543737649917603 0.50495022535324097
vt 0.87695825099945068 0
vt 0.87695825099945068 0.50495022535324097
vt 0.93847912549972534 0
vt 0.93847912549972534 0.50495022535324097
vt 1 0
vt 1 0.50495022535324097
vt 0 0.50495076179504395
vt 0 1
vt 0.15391533076763153 1
vt 0.15391533076763153 0.50495076179504395
vt 0.1220499575138092 0.88729763031005859
vt 0.1034543514251709 0.93121761083602905
vt 0.079202607274055481 0.9503633975982666
vt 0.054581530392169952 0.93695336580276489
vt 0.035040199756622314 0.89750903844833374
vt 0.021385062485933304 0.83769863843917847
vt 0.015432476066052914 0.75969594717025757
vt 0.019601780921220779 0.68050539493560791
vt 0.031865369528532028 0.61765313148498535
vt 0.050460971891880035 0.57373309135437012
vt 0.074712716042995453 0.55458736419677734
vt 0.099333792924880981 0.56799739599227905
vt 0.11887512356042862 0.60744172334671021
vt 0.13253025710582733 0.66725212335586548
vt 0.13848285377025604 0.74525481462478638
vt 0.13431353867053986 0.82444536685943604
vt 0 1
vt 0 0.50495076179504395
vt 0.15391533076763153 0.50495076179504395
vt 0.15391533076763153 1
vt 0.1220499575138092 0.61765313148498535
vt 0.1034543514251709 0.57373309135437012
vt 0.079202607274055481 0.55458736419677734
vt 0.054581530392169952 0.56799739599227905
vt 0.035040199756622314 0.60744172334671021
vt 0.021385062485933304 0.66725212335586548
vt 0.015432476066052914 0.74525481462478638
vt 0.019601780921220779 0.82444536685943604
vt 0.031865369528532028 0.88729763031005859
vt 0.050460971891880035 0.93121761083602905
vt 0.074712716042995453 0.9503633975982666
vt 0.099333792924880981 0.93695336580276489
vt 0.11887512356042862 0.89750903844833374
vt 0.13253025710582733 0.83769863843917847
vt 0.13848285377025604 0.75969594717025757
vt 0.13431353867053986 0.68050539493560791
vn -0.73242044448852539 0 0.68085265159606934
vn -0.73242044448852539 0 0.68085265159606934
vn -0.73242044448852539 0 0.68085265159606934
vn -0.73242044448852539 0 0.68085265159606934
vn 0.68085265159606934 0 0.73242044448852539
vn 0.68085265159606934 0 0.73242044448852539
vn 0.68085265159606934 0 0.73242044448852539
vn 0.68085265159606934 0 0.73242044448852539
vn 0.73242044448852539 0 -0.68085265159606934
vn 0.73242044448852539 0 -0.68085265159606934
vn 0.73242044448852539 0 -0.68085265159606934
vn 0.73242044448852539 0 -0.68085265159606934
vn -0.68085265159606934 0 -0.73242044448852539
vn -0.68085265159606934 0 -0.73242044448852539
vn -0.68085265159606934 0 -0.73242044448852539
vn -0.68085265159606934 0 -0.73242044448852539
vn -1 0 0
vn -1 0 0
vn -0.92978829145431519 0 -0.36809471249580383
vn -0.92978829145431519 0 -0.36809471249580383
vn -0.70710676908493042 0 -0.70710676908493042
vn -0.70710676908493042 0 -0.70710676908493042
vn -0.36809471249580383 0 -0.92978829145431519
vn -0.36809471249580383 0 -0.92978829145431519
vn 0 0 -1
vn 0 0 -1
vn 0.36809471249580383 0 -0.92978829145431519
vn 0.36809471249580383 0 -0.92978829145431519
vn 0.70710676908493042 0 -0.70710676908493042
vn 0.70710676908493042 0 -0.70710676908493042
vn 0.92978829145431519 0 -0.36809471249580383
vn 0.92978829145431519 0 -0.36809471249580383
vn 1 0 0
vn 1 0 0
vn 0.92978829145431519 0 0.36809471249580383
vn 0.92978829145431519 0 0.36809471249580383
vn 0.70710676908493042 0 0.70710676908493042
vn 0.70710676908493042 0 0.70710676908493042
vn 0.36809471249580383 0 0.92978829145431519
vn 0.36809471249580383 0 0.92978829145431519
vn 0 0 1
vn 0 0 1
vn -0.36809471249580383 0 0.92978829145431519
vn -0.36809471249580383 0 0.92978829145431519
vn -0.70710676908493042 0 0.70710676908493042
vn -0.70710676908493042 0 0.70710676908493042
vn -0.92978829145431519 0 0.36809471249580383
vn -0.92978829145431519 0 0.36809471249580383
vn -1 0 0
vn -1 0 0
vn 0 -1 0
vn 0 -1 0
vn 0 -1 0
vn 0 -1 0
vn 0 -1 0
vn 0 -1 0
vn 0 -1 0
vn 0 -1 0
vn 0 -1 0
vn 0 -1 0
vn 0 -1 0
vn 0 -1 0
vn 0 -1 0
vn 0 -1 0
vn 0 -1 0
vn 0 -1 0
vn 0 -1 0
vn 0 -1 0
vn 0 -1 0
vn 0 -1 0
vn 0 1 0
vn 0 1 0
vn 0 1 0
vn 0 1 0
vn 0 1 0
vn 0 1 0
vn 0 1 0
vn 0 1 0
vn 0 1 0
vn 0 1 0
vn 0 1 0
vn 0 1 0
vn 0 1 0
vn 0 1 0
vn 0 1 0
vn 0 1 0
vn 0 1 0
vn 0 1 0
vn 0 1 0
vn 0 1 0
f 901/901/901 903/903/903 904/904/904 902/902/902
f 905/905/905 907/907/907 908/908/908 906/906/906
f 909/909/909 911/911/911 912/912/912 910/910/910
f 913/913/913 915/915/915 916/916/916 914/914/914
f 917/917/917 919/919/919 920/920/920 918/918/918
f 919/919/919 921/921/921 922/922/922 920/920/920
f 921/921/921 923/923/923 924/924/924 922/922/922
f 923/923/923 925/925/925 926/926/926 924/924/924
f 925/925/925 927/927/927 928/928/928 926/926/926
f 927/927/927 929/929/929 930/930/930 928/928/928
f 929/929/929 931/931/931 932/932/932 930/930/930
f 931/931/931 933/933/933 934/934/934 932/932/932
f 933/933/933 935/935/935 936/936/936 934/934/934
f 935/935/935 937/937/937 938/938/938 936/936/936
f 937/937/937 939/939/939 940/940/940 938/938/938
f 939/939/939 941/941/941 942/942/942 940/940/940
f 941/941/941 943/943/943 944/944/944 942/942/942
f 943/943/943 945/945/945 946/946/946 944/944/944
f 945/945/945 947/947/947 948/948/948 946/946/946
f 947/947/947 949/949/949 950/950/950 948/948/948
f 951/951/951 961/961/961 952/952/952
f 960/960/960 952/952/952 961/961/961
f 952/952/952 960/960/960 959/959/959
f 952/952/952 959/959/959 958/958/958
f 958/958/958 957/957/957 952/952/952
f 963/963/963 962/962/962 951/951/951
f 961/961/961 951/951/951 962/962/962
f 951/951/951 965/965/965 964/964/964
f 951/951/951 964/964/964 963/963/963
f 954/954/954 965/965/965 951/951/951
f 953/953/953 957/957/957 956/956/956
f 970/970/970 953/953/953 955/955/955
f 956/956/956 955/955/955 953/953/953
f 969/969/969 953/953/953 970/970/970
f 953/953/953 952/952/952 957/957/957
f 954/954/954 967/967/967 966/966/966
f 954/954/954 969/969/969 968/968/968
f 953/953/953 969/969/969 954/954/954
f 967/967/967 954/954/954 968/968/968
f 965/965/965 954/954/954 966/966/966
f 971/971/971 972/972/972 981/981/981
f 980/980/980 981/981/981 972/972/972
f 972/972/972 979/979/979 980/980/980
f 972/972/972 978/978/978 979/979/979
f 978/978/978 972/972/972 977/977/977
f 983/983/983 971/971/971 982/982/982
f 981/981/981 982/982/982 971/971/971
f 971/971/971 984/984/984 985/985/985
f 971/971/971 983/983/983 984/984/984
f 974/974/974 971/971/971 985/985/985
f 973/973/973 976/976/976 977/977/977
f 990/990/990 975/975/975 973/973/973
f 976/976/976 973/973/973 975/975/975
f 989/989/989 990/990/990 973/973/973
f 973/973/973 977/977/977 972/972/972
f 974/974/974 986/986/986 987/987/987
f 974/974/974 988/988/988 989/989/989
f 973/973/973 974/974/974 989/989/989
f 987/987/987 988/988/988 974/974/974
f 985/985/985 986/986/986 974/974/974
usemtl diffuse_Black
v 3712.708251953125 132 -2243.824951171875
v 3712.708251953125 134 -2243.824951171875
v 3781.341796875 132 -2185.60595703125
v 3781.341796875 134 -2185.60595703125
v 3781.341796875 132 -2185.60595703125
v 3781.341796875 134 -2185.60595703125
v 3839.560791015625 132 -2254.2392578125
v 3839.560791015625 134 -2254.2392578125
v 3839.560791015625 132 -2254.2392578125
v 3839.560791015625 134 -2254.2392578125
v 3770.92724609375 132 -2312.458251953125
v 3770.92724609375 134 -2312.458251953125
v 3770.92724609375 132 -2312.458251953125
v 3770.92724609375 134 -2312.458251953125
v 3712.708251953125 132 -2243.824951171875
v 3712.708251953125 134 -2243.824951171875
v 3811.134521484375 132 -2249.031982421875
v 3811.134521484375 134 -2249.031982421875
v 3808.677001953125 132 -2236.148681640625
v 3808.677001953125 134 -2236.148681640625
v 3800.88330078125 132 -2224.283447265625
v 3800.88330078125 134 -2224.283447265625
v 3789.017822265625 132 -2216.489501953125
v 3789.017822265625 134 -2216.489501953125
v 3776.134521484375 132 -2214.031982421875
v 3776.134521484375 134 -2214.031982421875
v 3763.251220703125 132 -2216.489501953125
v 3763.251220703125 134 -2216.489501953125
v 3751.3857421875 132 -2224.283447265625
v 3751.3857421875 134 -2224.283447265625
v 3743.592041015625 132 -2236.148681640625
v 3743.592041015625 134 -2236.148681640625
v 3741.134521484375 132 -2249.031982421875
v 3741.134521484375 134 -2249.031982421875
v 3743.592041015625 132 -2261.915283203125
v 3743.592041015625 134 -2261.915283203125
v 3751.3857421875 132 -2273.78076171875
v 3751.3857421875 134 -2273.78076171875
v 3763.251220703125 132 -2281.57470703125
v 3763.251220703125 134 -2281.57470703125
v 3776.134521484375 132 -2284.031982421875
v 3776.134521484375 134 -2284.031982421875
v 3789.017822265625 132 -2281.57470703125
v 3789.017822265625 134 -2281.57470703125
v 3800.88330078125 132 -2273.78076171875
v 3800.88330078125 134 -2273.78076171875
v 3808.677001953125 132 -2261.915283203125
v 3808.677001953125 134 -2261.915283203125
v 3811.134521484375 132 -2249.031982421875
v 3811.134521484375 134 -2249.031982421875
v 3712.708251953125 132 -2243.824951171875
v 3781.341796875 132 -2185.60595703125
v 3839.560791015625 132 -2254.2392578125
v 3770.92724609375 132 -2312.458251953125
v 3811.134521484375 132 -2249.031982421875
v 3808.677001953125 132 -2236.148681640625
v 3800.88330078125 132 -2224.283447265625
v 3789.017822265625 132 -2216.489501953125
v 3776.134521484375 132 -2214.031982421875
v 3763.251220703125 132 -2216.489501953125
v 3751.3857421875 132 -2224.283447265625
v 3743.592041015625 132 -2236.148681640625
v 3741.134521484375 132 -2249.031982421875
v 3743.592041015625 132 -2261.915283203125
v 3751.3857421875 132 -2273.78076171875
v 3763.251220703125 132 -2281.57470703125
v 3776.134521484375 132 -2284.031982421875
v 3789.017822265625 132 -2281.57470703125
v 3800.88330078125 132 -2273.78076171875
v 3808.677001953125 132 -2261.915283203125
v 3712.708251953125 134 -2243.824951171875
v 3781.341796875 134 -2185.60595703125
v 3839.560791015625 134 -2254.2392578125
v 3770.92724609375 134 -2312.458251953125
v 3811.134521484375 134 -2249.031982421875
v 3808.677001953125 134 -2236.148681640625
v 3800.88330078125 134 -2224.283447265625
v 3789.017822265625 134 -2216.489501953125
v 3776.134521484375 134 -2214.031982421875
v 3763.251220703125 134 -2216.489501953125
v 3751.3857421875 134 -2224.283447265625
v 3743.592041015625 134 -2236.148681640625
v 3741.134521484375 134 -2249.031982421875
v 3743.592041015625 134 -2261.915283203125
v 3751.3857421875 134 -2273.78076171875
v 3763.251220703125 134 -2281.57470703125
v 3776.134521484375 134 -2284.031982421875
v 3789.017822265625 134 -2281.57470703125
v 3800.88330078125 134 -2273.78076171875
v 3808.677001953125 134 -2261.915283203125
vt 0 0
vt 0 0.50549423694610596
vt 0.0044660503044724464 0
vt 0.0044660503044724464 0.50549423694610596
vt 0.0044660503044724464 0
vt 0.0044660503044724464 0.50549423694610596
vt 0.0089321006089448929 0
vt 0.0089321006089448929 0.50549423694610596
vt 0.0089321006089448929 0
vt 0.0089321006089448929 0.50549423694610596
vt 0.013398151844739914 0
vt 0.013398151844739914 0.50549423694610596
vt 0.013398151844739914 0
vt 0.013398151844739914 0.50549423694610596
vt 0.017864201217889786 0
vt 0.017864201217889786 0.50549423694610596
vt 0.017864201217889786 0
vt 0.017864201217889786 0.50549423694610596
vt 0.079247690737247467 0
vt 0.079247690737247467 0.50549423694610596
vt 0.14063118398189545 0
vt 0.14063118398189545 0.50549423694610596
vt 0.20201466977596283 0
vt 0.20201466977596283 0.50549423694610596
vt 0.26339814066886902 0
vt 0.26339814066886902 0.50549423694610596
vt 0.3247816264629364 0
vt 0.3247816264629364 0.50549423694610596
vt 0.38616511225700378 0
vt 0.38616511225700378 0.50549423694610596
vt 0.44754862785339355 0
vt 0.44754862785339355 0.50549423694610596
vt 0.50893211364746094 0
vt 0.50893211364746094 0.50549423694610596
vt 0.57031559944152832 0
vt 0.57031559944152832 0.50549423694610596
vt 0.6316990852355957 0
vt 0.6316990852355957 0.50549423694610596
vt 0.69308257102966309 0
vt 0.69308257102966309 0.50549423694610596
vt 0.75446605682373047 0
vt 0.75446605682373047 0.50549423694610596
vt 0.81584954261779785 0
vt 0.81584954261779785 0.50549423694610596
vt 0.87723302841186523 0
vt 0.87723302841186523 0.50549423694610596
vt 0.93861651420593262 0
vt 0.93861651420593262 0.50549423694610596
vt 1 0
vt 1 0.50549423694610596
vt 0 1
vt 0.15557627379894257 1
vt 0.15557627379894257 0.50549477338790894
vt 0 0.50549477338790894
vt 0.12392648309469223 0.62834787368774414
vt 0.13509327173233032 0.69106417894363403
vt 0.13808713853359222 0.76848262548446655
vt 0.13116084039211273 0.84331238269805908
vt 0.11692546308040619 0.89939993619918823
vt 0.097194284200668335 0.93489402532577515
vt 0.072837665677070618 0.94441014528274536
vt 0.049295481294393539 0.92239463329315186
vt 0.031649783253669739 0.87714689970016479
vt 0.020482992753386497 0.8144305944442749
vt 0.017489124089479446 0.73701208829879761
vt 0.024415422230958939 0.66218239068984985
vt 0.038650806993246078 0.6060948371887207
vt 0.058381989598274231 0.57060074806213379
vt 0.082738608121871948 0.56108462810516357
vt 0.10628078877925873 0.58310014009475708
vt 0 0.50549477338790894
vt 0.15557627379894257 0.50549477338790894
vt 0.15557627379894257 1
vt 0 1
vt 0.12392648309469223 0.87714689970016479
vt 0.13509327173233032 0.8144305944442749
vt 0.13808713853359222 0.73701208829879761
vt 0.13116084039211273 0.66218239068984985
vt 0.11692546308040619 0.6060948371887207
vt 0.097194284200668335 0.57060074806213379
vt 0.072837665677070618 0.56108462810516357
vt 0.049295481294393539 0.58310014009475708
vt 0.031649783253669739 0.62834787368774414
vt 0.020482992753386497 0.69106417894363403
vt 0.017489124089479446 0.76848262548446655
vt 0.024415422230958939 0.84331238269805908
vt 0.038650806993246078 0.89939993619918823
vt 0.058381989598274231 0.93489402532577515
vt 0.082738608121871948 0.94441014528274536
vt 0.10628078877925873 0.92239463329315186
vn -0.64687782526016235 0 0.76259362697601318
vn -0.64687782526016235 0 0.76259362697601318
vn -0.64687782526016235 0 0.76259362697601318
vn -0.64687782526016235 0 0.76259362697601318
vn 0.76259362697601318 0 0.64687782526016235
vn 0.76259362697601318 0 0.64687782526016235
vn 0.76259362697601318 0 0.64687782526016235
vn 0.76259362697601318 0 0.64687782526016235
vn 0.64687782526016235 0 -0.76259362697601318
vn 0.64687782526016235 0 -0.76259362697601318
vn 0.64687782526016235 0 -0.76259362697601318
vn 0.64687782526016235 0 -0.76259362697601318
vn -0.76259362697601318 0 -0.64687782526016235
vn -0.76259362697601318 0 -0.64687782526016235
vn -0.76259362697601318 0 -0.64687782526016235
vn -0.76259362697601318 0 -0.64687782526016235
vn -1 0 0
vn -1 0 0
vn -0.92978829145431519 0 -0.36809471249580383
vn -0.92978829145431519 0 -0.36809471249580383
vn -0.70710676908493042 0 -0.70710676908493042
vn -0.70710676908493042 0 -0.70710676908493042
vn -0.36809471249580383 0 -0.92978829145431519
vn -0.36809471249580383 0 -0.92978829145431519
vn 0 0 -1
vn 0 0 -1
vn 0.36809471249580383 0 -0.92978829145431519
vn 0.36809471249580383 0 -0.92978829145431519
vn 0.70710676908493042 0 -0.70710676908493042
vn 0.70710676908493042 0 -0.70710676908493042
vn 0.92978829145431519 0 -0.36809471249580383
vn 0.92978829145431519 0 -0.36809471249580383
vn 1 0 0
vn 1 0 0
vn 0.92978829145431519 0 0.36809471249580383
vn 0.92978829145431519 0 0.36809471249580383
vn 0.70710676908493042 0 0.70710676908493042
vn 0.70710676908493042 0 0.70710676908493042
vn 0.36809471249580383 0 0.92978829145431519
vn 0.36809471249580383 0 0.92978829145431519
vn 0 0 1
vn 0 0 1
vn -0.36809471249580383 0 0.92978829145431519
vn -0.36809471249580383 0 0.92978829145431519
vn -0.70710676908493042 0 0.70710676908493042
vn -0.70710676908493042 0 0.70710676908493042
vn -0.92978829145431519 0 0.36809471249580383
vn -0.92978829145431519 0 0.36809471249580383
vn -1 0 0
vn -1 0 0
vn 0 -1 0
vn 0 -1 0
vn 0 -1 0
vn 0 -1 0
vn 0 -1 0
vn 0 -1 0
vn 0 -1 0
vn 0 -1 0
vn 0 -1 0
vn 0 -1 0
vn 0 -1 0
vn 0 -1 0
vn 0 -1 0
vn 0 -1 0
vn 0 -1 0
vn 0 -1 0
vn 0 -1 0
vn 0 -1 0
vn 0 -1 0
vn 0 -1 0
vn 0 1 0
vn 0 1 0
vn 0 1 0
vn 0 1 0
vn 0 1 0
vn 0 1 0
vn 0 1 0
vn 0 1 0
vn 0 1 0
vn 0 1 0
vn 0 1 0
vn 0 1 0
vn 0 1 0
vn 0 1 0
vn 0 1 0
vn 0 1 0
vn 0 1 0
vn 0 1 0
vn 0 1 0
vn 0 1 0
f 991/991/991 993/993/993 994/994/994 992/992/992
f 995/995/995 997/997/997 998/998/998 996/996/996
f 999/999/999 1001/1001/1001 1002/1002/1002 1000/1000/1000
f 1003/1003/1003 1005/1005/1005 1006/1006/1006 1004/1004/1004
f 1007/1007/1007 1009/1009/1009 1010/1010/1010 1008/1008/1008
f 1009/1009/1009 1011/1011/1011 1012/1012/1012 1010/1010/1010
f 1011/1011/1011 1013/1013/1013 1014/1014/1014 1012/1012/1012
f 1013/1013/1013 1015/1015/1015 1016/1016/1016 1014/1014/1014
f 1015/1015/1015 1017/1017/1017 1018/1018/1018 1016/1016/1016
f 1017/1017/1017 1019/1019/1019 1020/1020/1020 1018/1018/1018
f 1019/1019/1019 1021/1021/1021 1022/1022/1022 1020/1020/1020
f 1021/1021/1021 1023/1023/1023 1024/1024/1024 1022/1022/1022
f 1023/1023/1023 1025/1025/1025 1026/1026/1026 1024/1024/1024
f 1025/1025/1025 1027/1027/1027 1028/1028/1028 1026/1026/1026
f 1027/1027/1027 1029/1029/1029 1030/1030/1030 1028/1028/1028
f 1029/1029/1029 1031/1031/1031 1032/1032/1032 1030/1030/1030
f 1031/1031/1031 1033/1033/1033 1034/1034/1034 1032/1032/1032
f 1033/1033/1033 1035/1035/1035 1036/1036/1036 1034/1034/1034
f 1035/1035/1035 1037/1037/1037 1038/1038/1038 1036/1036/1036
f 1037/1037/1037 1039/1039/1039 1040/1040/1040 1038/1038/1038
f 1055/1055/1055 1054/1054/1054 1041/1041/1041
f 1053/1053/1053 1041/1041/1041 1054/1054/1054
f 1041/1041/1041 1053/1053/1053 1052/1052/1052
f 1041/1041/1041 1052/1052/1052 1051/1051/1051
f 1051/1051/1051 1042/1042/1042 1041/1041/1041
f 1056/1056/1056 1055/1055/1055 1044/1044/1044
f 1041/1041/1041 1044/1044/1044 1055/1055/1055
f 1044/1044/1044 1058/1058/1058 1057/1057/1057
f 1044/1044/1044 1057/1057/1057 1056/1056/1056
f 1059/1059/1059 1058/1058/1058 1044/1044/1044
f 1042/1042/1042 1050/1050/1050 1049/1049/1049
f 1047/1047/1047 1042/1042/1042 1048/1048/1048
f 1049/1049/1049 1048/1048/1048 1042/1042/1042
f 1043/1043/1043 1042/1042/1042 1047/1047/1047
f 1042/1042/1042 1051/1051/1051 1050/1050/1050
f 1043/1043/1043 1060/1060/1060 1059/1059/1059
f 1043/1043/1043 1046/1046/1046 1045/1045/1045
f 1047/1047/1047 1046/1046/1046 1043/1043/1043
f 1060/1060/1060 1043/1043/1043 1045/1045/1045
f 1044/1044/1044 1043/1043/1043 1059/1059/1059
f 1075/1075/1075 1061/1061/1061 1074/1074/1074
f 1073/1073/1073 1074/1074/1074 1061/1061/1061
f 1061/1061/1061 1072/1072/1072 1073/1073/1073
f 1061/1061/1061 1071/1071/1071 1072/1072/1072
f 1071/1071/1071 1061/1061/1061 1062/1062/1062
f 1076/1076/1076 1064/1064/1064 1075/1075/1075
f 1061/1061/1061 1075/1075/1075 1064/1064/1064
f 1064/1064/1064 1077/1077/1077 1078/1078/1078
f 1064/1064/1064 1076/1076/1076 1077/1077/1077
f 1079/1079/1079 1064/1064/1064 1078/1078/1078
f 1062/1062/1062 1069/1069/1069 1070/1070/1070
f 1067/1067/1067 1068/1068/1068 1062/1062/1062
f 1069/1069/1069 1062/1062/1062 1068/1068/1068
f 1063/1063/1063 1067/1067/1067 1062/1062/1062
f 1062/1062/1062 1070/1070/1070 1071/1071/1071
f 1063/1063/1063 1079/1079/1079 1080/1080/1080
f 1063/1063/1063 1065/1065/1065 1066/1066/1066
f 1067/1067/1067 1063/1063/1063 1066/1066/1066
f 1080/1080/1080 1065/1065/1065 1063/1063/1063
f 1064/1064/1064 1079/1079/1079 1063/1063/1063
usemtl diffuse_Black
v 3720.884521484375 144 -2236.88916015625
v 3720.884521484375 146 -2236.88916015625
v 3788.27734375 144 -2193.7822265625
v 3788.27734375 146 -2193.7822265625
v 3788.27734375 144 -2193.7822265625
v 3788.27734375 146 -2193.7822265625
v 3831.384521484375 144 -2261.175048828125
v 3831.384521484375 146 -2261.175048828125
v 3831.384521484375 144 -2261.175048828125
v 3831.384521484375 146 -2261.175048828125
v 3763.99169921875 144 -2304.281982421875
v 3763.99169921875 146 -2304.281982421875
v 3763.99169921875 144 -2304.281982421875
v 3763.99169921875 146 -2304.281982421875
v 3720.884521484375 144 -2236.88916015625
v 3720.884521484375 146 -2236.88916015625
v 3806.134521484375 144 -2249.031982421875
v 3806.134521484375 146 -2249.031982421875
v 3804.028076171875 144 -2237.9892578125
v 3804.028076171875 146 -2237.9892578125
v 3797.34765625 144 -2227.81884765625
v 3797.34765625 146 -2227.81884765625
v 3787.17724609375 144 -2221.138427734375
v 3787.17724609375 146 -2221.138427734375
v 3776.134521484375 144 -2219.031982421875
v 3776.134521484375 146 -2219.031982421875
v 3765.091552734375 144 -2221.138427734375
v 3765.091552734375 146 -2221.138427734375
v 3754.92138671875 144 -2227.81884765625
v 3754.92138671875 146 -2227.81884765625
v 3748.240966796875 144 -2237.9892578125
v 3748.240966796875 146 -2237.9892578125
v 3746.134521484375 144 -2249.031982421875
v 3746.134521484375 146 -2249.031982421875
v 3748.240966796875 144 -2260.074951171875
v 3748.240966796875 146 -2260.074951171875
v 3754.92138671875 144 -2270.245361328125
v 3754.92138671875 146 -2270.245361328125
v 3765.091552734375 144 -2276.92578125
v 3765.091552734375 146 -2276.92578125
v 3776.134521484375 144 -2279.031982421875
v 3776.134521484375 146 -2279.031982421875
v 3787.17724609375 144 -2276.92578125
v 3787.17724609375 146 -2276.92578125
v 3797.34765625 144 -2270.245361328125
v 3797.34765625 146 -2270.245361328125
v 3804.028076171875 144 -2260.074951171875
v 3804.028076171875 146 -2260.074951171875
v 3806.134521484375 144 -2249.031982421875
v 3806.134521484375 146 -2249.031982421875
v 3720.884521484375 144 -2236.88916015625
v 3788.27734375 144 -2193.7822265625
v 3831.384521484375 144 -2261.175048828125
v 3763.99169921875 144 -2304.281982421875
v 3806.134521484375 144 -2249.031982421875
v 3804.028076171875 144 -2237.9892578125
v 3797.34765625 144 -2227.81884765625
v 3787.17724609375 144 -2221.138427734375
v 3776.134521484375 144 -2219.031982421875
v 3765.091552734375 144 -2221.138427734375
v 3754.92138671875 144 -2227.81884765625
v 3748.240966796875 144 -2237.9892578125
v 3746.134521484375 144 -2249.031982421875
v 3748.240966796875 144 -2260.074951171875
v 3754.92138671875 144 -2270.245361328125
v 3765.091552734375 144 -2276.92578125
v 3776.134521484375 144 -2279.031982421875
v 3787.17724609375 144 -2276.92578125
v 3797.34765625 144 -2270.245361328125
v 3804.028076171875 144 -2260.074951171875
v 3720.884521484375 146 -2236.88916015625
v 3788.27734375 146 -2193.7822265625
v 3831.384521484375 146 -2261.175048828125
v 3763.99169921875 146 -2304.281982421875
v 3806.134521484375 146 -2249.031982421875
v 3804.028076171875 146 -2237.9892578125
v 3797.34765625 146 -2227.81884765625
v 3787.17724609375 146 -2221.138427734375
v 3776.134521484375 146 -2219.031982421875
v 3765.091552734375 146 -2221.138427734375
v 3754.92138671875 146 -2227.81884765625
v 3748.240966796875 146 -2237.9892578125
v 3746.134521484375 146 -2249.031982421875
v 3748.240966796875 146 -2260.074951171875
v 3754.92138671875 146 -2270.245361328125
v 3765.091552734375 146 -2276.92578125
v 3776.134521484375 146 -2279.031982421875
v 3787.17724609375 146 -2276.92578125
v 3797.34765625 146 -2270.245361328125
v 3804.028076171875 146 -2260.074951171875
vt 0 0
vt 0 0.50617259740829468
vt 0.0051949252374470234 0
vt 0.0051949252374470234 0.50617259740829468
vt 0.0051949252374470234 0
vt 0.0051949252374470234 0.50617259740829468
vt 0.010389850474894047 0
vt 0.010389850474894047 0.50617259740829468
vt 0.010389850474894047 0
vt 0.010389850474894047 0.50617259740829468
vt 0.015584775246679783 0
vt 0.015584775246679783 0.50617259740829468
vt 0.015584775246679783 0
vt 0.015584775246679783 0.50617259740829468
vt 0.020779700949788094 0
vt 0.020779700949788094 0.50617259740829468
vt 0.020779700949788094 0
vt 0.020779700949788094 0.50617259740829468
vt 0.081980966031551361 0
vt 0.081980966031551361 0.50617259740829468
vt 0.14318223297595978 0
vt 0.14318223297595978 0.50617259740829468
vt 0.20438350737094879 0
vt 0.20438350737094879 0.50617259740829468
vt 0.26558476686477661 0
vt 0.26558476686477661 0.50617259740829468
vt 0.32678604125976563 0
vt 0.32678604125976563 0.50617259740829468
vt 0.38798731565475464 0
vt 0.38798731565475464 0.50617259740829468
vt 0.44918859004974365 0
vt 0.44918859004974365 0.50617259740829468
vt 0.51038986444473267 0
vt 0.51038986444473267 0.50617259740829468
vt 0.57159113883972168 0
vt 0.57159113883972168 0.50617259740829468
vt 0.63279241323471069 0
vt 0.63279241323471069 0.50617259740829468
vt 0.69399362802505493 0
vt 0.69399362802505493 0.50617259740829468
vt 0.75519490242004395 0
vt 0.75519490242004395 0.50617259740829468
vt 0.81639617681503296 0
vt 0.81639617681503296 0.50617259740829468
vt 0.87759745121002197 0
vt 0.87759745121002197 0.50617259740829468
vt 0.93879872560501099 0
vt 0.93879872560501099 0.50617259740829468
vt 1 0
vt 1 0.50617259740829468
vt 0 1
vt 0.15770354866981506 1
vt 0.15770354866981506 0.50617307424545288
vt 0 0.50617307424545288
vt 0.12867088615894318 0.65330177545547485
vt 0.13690279424190521 0.71773123741149902
vt 0.13661204278469086 0.79283791780471802
vt 0.12681879103183746 0.86140483617782593
vt 0.1107180193066597 0.90908819437026978
vt 0.090142488479614258 0.93486529588699341
vt 0.066157184541225433 0.93395483493804932
vt 0.044260349124670029 0.90328866243362427
vt 0.029032666236162186 0.85287129878997803
vt 0.020800752565264702 0.78844183683395386
vt 0.021091505885124207 0.71333521604537964
vt 0.030884759500622749 0.64476823806762695
vt 0.046985525637865067 0.59708487987518311
vt 0.067561060190200806 0.57130777835845947
vt 0.09154636412858963 0.57221823930740356
vt 0.11344320327043533 0.60288447141647339
vt 0 0.50617307424545288
vt 0.15770354866981506 0.50617307424545288
vt 0.15770354866981506 1
vt 0 1
vt 0.12867088615894318 0.85287129878997803
vt 0.13690279424190521 0.78844183683395386
vt 0.13661204278469086 0.71333521604537964
vt 0.12681879103183746 0.64476823806762695
vt 0.1107180193066597 0.59708487987518311
vt 0.090142488479614258 0.57130777835845947
vt 0.066157184541225433 0.57221823930740356
vt 0.044260349124670029 0.60288447141647339
vt 0.029032666236162186 0.65330177545547485
vt 0.020800752565264702 0.71773123741149902
vt 0.021091505885124207 0.79283791780471802
vt 0.030884759500622749 0.86140483617782593
vt 0.046985525637865067 0.90908819437026978
vt 0.067561060190200806 0.93486529588699341
vt 0.09154636412858963 0.93395483493804932
vt 0.11344320327043533 0.90328866243362427
vn -0.5388379693031311 0 0.84240943193435669
vn -0.5388379693031311 0 0.84240943193435669
vn -0.5388379693031311 0 0.84240943193435669
vn -0.5388379693031311 0 0.84240943193435669
vn 0.84240943193435669 0 0.5388379693031311
vn 0.84240943193435669 0 0.5388379693031311
vn 0.84240943193435669 0 0.5388379693031311
vn 0.84240943193435669 0 0.5388379693031311
vn 0.5388379693031311 0 -0.84240943193435669
vn 0.5388379693031311 0 -0.84240943193435669
vn 0.5388379693031311 0 -0.84240943193435669
vn 0.5388379693031311 0 -0.84240943193435669
vn -0.84240943193435669 0 -0.5388379693031311
vn -0.84240943193435669 0 -0.5388379693031311
vn -0.84240943193435669 0 -0.5388379693031311
vn -0.84240943193435669 0 -0.5388379693031311
vn -1 0 0
vn -1 0 0
vn -0.92978829145431519 0 -0.36809471249580383
vn -0.92978829145431519 0 -0.36809471249580383
vn -0.70710676908493042 0 -0.70710676908493042
vn -0.70710676908493042 0 -0.70710676908493042
vn -0.36809471249580383 0 -0.92978829145431519
vn -0.36809471249580383 0 -0.92978829145431519
vn 0 0 -1
vn 0 0 -1
vn 0.36809471249580383 0 -0.92978829145431519
vn 0.36809471249580383 0 -0.92978829145431519
vn 0.70710676908493042 0 -0.70710676908493042
vn 0.70710676908493042 0 -0.70710676908493042
vn 0.92978829145431519 0 -0.36809471249580383
vn 0.92978829145431519 0 -0.36809471249580383
vn 1 0 0
vn 1 0 0
vn 0.92978829145431519 0 0.36809471249580383
vn 0.92978829145431519 0 0.36809471249580383
vn 0.70710676908493042 0 0.70710676908493042
vn 0.70710676908493042 0 0.70710676908493042
vn 0.36809471249580383 0 0.92978829145431519
vn 0.36809471249580383 0 0.92978829145431519
vn 0 0 1
vn 0 0 1
vn -0.36809471249580383 0 0.92978829145431519
vn -0.36809471249580383 0 0.92978829145431519
vn -0.70710676908493042 0 0.70710676908493042
vn -0.70710676908493042 0 0.70710676908493042
vn -0.92978829145431519 0 0.36809471249580383
vn -0.92978829145431519 0 0.36809471249580383
vn -1 0 0
vn -1 0 0
vn 0 -1 0
vn 0 -1 0
vn 0 -1 0
vn 0 -1 0
vn 0 -1 0
vn 0 -1 0
vn 0 -1 0
vn 0 -1 0
vn 0 -1 0
vn 0 -1 0
vn 0 -1 0
vn 0 -1 0
vn 0 -1 0
vn 0 -1 0
vn 0 -1 0
vn 0 -1 0
vn 0 -1 0
vn 0 -1 0
vn 0 -1 0
vn 0 -1 0
vn 0 1 0
vn 0 1 0
vn 0 1 0
vn 0 1 0
vn 0 1 0
vn 0 1 0
vn 0 1 0
vn 0 1 0
vn 0 1 0
vn 0 1 0
vn 0 1 0
vn 0 1 0
vn 0 1 0
vn 0 1 0
vn 0 1 0
vn 0 1 0
vn 0 1 0
vn 0 1 0
vn 0 1 0
vn 0 1 0
f 1081/1081/1081 1083/1083/1083 1084/1084/1084 1082/1082/1082
f 1085/1085/1085 1087/1087/1087 1088/1088/1088 1086/1086/1086
f 1089/1089/1089 1091/1091/1091 1092/1092/1092 1090/1090/1090
f 1093/1093/1093 1095/1095/1095 1096/1096/1096 1094/1094/1094
f 1097/1097/1097 1099/1099/1099 1100/1100/1100 1098/1098/1098
f 1099/1099/1099 1101/1101/1101 1102/1102/1102 1100/1100/1100
f 1101/1101/1101 1103/1103/1103 1104/1104/1104 1102/1102/1102
f 1103/1103/1103 1105/1105/1105 1106/1106/1106 1104/1104/1104
f 1105/1105/1105 1107/1107/1107 1108/1108/1108 1106/1106/1106
f 1107/1107/1107 1109/1109/1109 1110/1110/1110 1108/1108/1108
f 1109/1109/1109 1111/1111/1111 1112/1112/1112 1110/1110/1110
f 1111/1111/1111 1113/1113/1113 1114/1114/1114 1112/1112/1112
f 1113/1113/1113 1115/1115/1115 1116/1116/1116 1114/1114/1114
f 1115/1115/1115 1117/1117/1117 1118/1118/1118 1116/1116/1116
f 1117/1117/1117 1119/1119/1119 1120/1120/1120 1118/1118/1118
f 1119/1119/1119 1121/1121/1121 1122/1122/1122 1120/1120/1120
f 1121/1121/1121 1123/1123/1123 1124/1124/1124 1122/1122/1122
f 1123/1123/1123 1125/1125/1125 1126/1126/1126 1124/1124/1124
f 1125/1125/1125 1127/1127/1127 1128/1128/1128 1126/1126/1126
f 1127/1127/1127 1129/1129/1129 1130/1130/1130 1128/1128/1128
f 1134/1134/1134 1144/1144/1144 1131/1131/1131
f 1143/1143/1143 1131/1131/1131 1144/1144/1144
f 1131/1131/1131 1143/1143/1143 1142/1142/1142
f 1131/1131/1131 1142/1142/1142 1141/1141/1141
f 1141/1141/1141 1140/1140/1140 1131/1131/1131
f 1146/1146/1146 1145/1145/1145 1134/1134/1134
f 1144/1144/1144 1134/1134/1134 1145/1145/1145
f 1134/1134/1134 1148/1148/1148 1147/1147/1147
f 1134/1134/1134 1147/1147/1147 1146/1146/1146
f 1133/1133/1133 1148/1148/1148 1134/1134/1134
f 1132/1132/1132 1140/1140/1140 1139/1139/1139
f 1137/1137/1137 1132/1132/1132 1138/1138/1138
f 1139/1139/1139 1138/1138/1138 1132/1132/1132
f 1136/1136/1136 1132/1132/1132 1137/1137/1137
f 1132/1132/1132 1131/1131/1131 1140/1140/1140
f 1133/1133/1133 1150/1150/1150 1149/1149/1149
f 1133/1133/1133 1136/1136/1136 1135/1135/1135
f 1132/1132/1132 1136/1136/1136 1133/1133/1133
f 1150/1150/1150 1133/1133/1133 1135/1135/1135
f 1148/1148/1148 1133/1133/1133 1149/1149/1149
f 1154/1154/1154 1151/1151/1151 1164/1164/1164
f 1163/1163/1163 1164/1164/1164 1151/1151/1151
f 1151/1151/1151 1162/1162/1162 1163/1163/1163
f 1151/1151/1151 1161/1161/1161 1162/1162/1162
f 1161/1161/1161 1151/1151/1151 1160/1160/1160
f 1166/1166/1166 1154/1154/1154 1165/1165/1165
f 1164/1164/1164 1165/1165/1165 1154/1154/1154
f 1154/1154/1154 1167/1167/1167 1168/1168/1168
f 1154/1154/1154 1166/1166/1166 1167/1167/1167
f 1153/1153/1153 1154/1154/1154 1168/1168/1168
f 1152/1152/1152 1159/1159/1159 1160/1160/1160
f 1157/1157/1157 1158/1158/1158 1152/1152/1152
f 1159/1159/1159 1152/1152/1152 1158/1158/1158
f 1156/1156/1156 1157/1157/1157 1152/1152/1152
f 1152/1152/1152 1160/1160/1160 1151/1151/1151
f 1153/1153/1153 1169/1169/1169 1170/1170/1170
f 1153/1153/1153 1155/1155/1155 1156/1156/1156
f 1152/1152/1152 1153/1153/1153 1156/1156/1156
f 1170/1170/1170 1155/1155/1155 1153/1153/1153
f 1168/1168/1168 1169/1169/1169 1153/1153/1153
usemtl diffuse_Black
v 3730.020751953125 156 -2231.04541015625
v 3730.020751953125 158 -2231.04541015625
v 3794.12109375 156 -2202.918212890625
v 3794.12109375 158 -2202.918212890625
v 3794.12109375 156 -2202.918212890625
v 3794.12109375 158 -2202.918212890625
v 3822.248291015625 156 -2267.018798828125
v 3822.248291015625 158 -2267.018798828125
v 3822.248291015625 156 -2267.018798828125
v 3822.248291015625 158 -2267.018798828125
v 3758.147705078125 156 -2295.145751953125
v 3758.147705078125 158 -2295.145751953125
v 3758.147705078125 156 -2295.145751953125
v 3758.147705078125 158 -2295.145751953125
v 3730.020751953125 156 -2231.04541015625
v 3730.020751953125 158 -2231.04541015625
v 3801.134521484375 156 -2249.031982421875
v 3801.134521484375 158 -2249.031982421875
v 3799.379150390625 156 -2239.82958984375
v 3799.379150390625 158 -2239.82958984375
v 3793.812255859375 156 -2231.3544921875
v 3793.812255859375 158 -2231.3544921875
v 3785.3369140625 156 -2225.787353515625
v 3785.3369140625 158 -2225.787353515625
v 3776.134521484375 156 -2224.031982421875
v 3776.134521484375 158 -2224.031982421875
v 3766.93212890625 156 -2225.787353515625
v 3766.93212890625 158 -2225.787353515625
v 3758.456787109375 156 -2231.3544921875
v 3758.456787109375 158 -2231.3544921875
v 3752.889892578125 156 -2239.82958984375
v 3752.889892578125 158 -2239.82958984375
v 3751.134521484375 156 -2249.031982421875
v 3751.134521484375 158 -2249.031982421875
v 3752.889892578125 156 -2258.234375
v 3752.889892578125 158 -2258.234375
v 3758.456787109375 156 -2266.709716796875
v 3758.456787109375 158 -2266.709716796875
v 3766.93212890625 156 -2272.27685546875
v 3766.93212890625 158 -2272.27685546875
v 3776.134521484375 156 -2274.031982421875
v 3776.134521484375 158 -2274.031982421875
v 3785.3369140625 156 -2272.27685546875
v 3785.3369140625 158 -2272.27685546875
v 3793.812255859375 156 -2266.709716796875
v 3793.812255859375 158 -2266.709716796875
v 3799.379150390625 156 -2258.234375
v 3799.379150390625 158 -2258.234375
v 3801.134521484375 156 -2249.031982421875
v 3801.134521484375 158 -2249.031982421875
v 3730.020751953125 156 -2231.04541015625
v 3794.12109375 156 -2202.918212890625
v 3822.248291015625 156 -2267.018798828125
v 3758.147705078125 156 -2295.145751953125
v 3801.134521484375 156 -2249.031982421875
v 3799.379150390625 156 -2239.82958984375
v 3793.812255859375 156 -2231.3544921875
v 3785.3369140625 156 -2225.787353515625
v 3776.134521484375 156 -2224.031982421875
v 3766.93212890625 156 -2225.787353515625
v 3758.456787109375 156 -2231.3544921875
v 3752.889892578125 156 -2239.82958984375
v 3751.134521484375 156 -2249.031982421875
v 3752.889892578125 156 -2258.234375
v 3758.456787109375 156 -2266.709716796875
v 3766.93212890625 156 -2272.27685546875
v 3776.134521484375 156 -2274.031982421875
v 3785.3369140625 156 -2272.27685546875
v 3793.812255859375 156 -2266.709716796875
v 3799.379150390625 156 -2258.234375
v 3730.020751953125 158 -2231.04541015625
v 3794.12109375 158 -2202.918212890625
v 3822.248291015625 158 -2267.018798828125
v 3758.147705078125 158 -2295.145751953125
v 3801.134521484375 158 -2249.031982421875
v 3799.379150390625 158 -2239.82958984375
v 3793.812255859375 158 -2231.3544921875
v 3785.3369140625 158 -2225.787353515625
v 3776.134521484375 158 -2224.031982421875
v 3766.93212890625 158 -2225.787353515625
v 3758.456787109375 158 -2231.3544921875
v 3752.889892578125 158 -2239.82958984375
v 3751.134521484375 158 -2249.031982421875
v 3752.889892578125 158 -2258.234375
v 3758.456787109375 158 -2266.709716796875
v 3766.93212890625 158 -2272.27685546875
v 3776.134521484375 158 -2274.031982421875
v 3785.3369140625 158 -2272.27685546875
v 3793.812255859375 158 -2266.709716796875
v 3799.379150390625 158 -2258.234375
vt 0 0
vt 0 0.50704199075698853
vt 0.0062081096693873405 0
vt 0.0062081096693873405 0.50704199075698853
vt 0.0062081096693873405 0
vt 0.0062081096693873405 0.50704199075698853
vt 0.012416219338774681 0
vt 0.012416219338774681 0.50704199075698853
vt 0.012416219338774681 0
vt 0.012416219338774681 0.50704199075698853
vt 0.018624328076839447 0
vt 0.018624328076839447 0.50704199075698853
vt 0.018624328076839447 0
vt 0.018624328076839447 0.50704199075698853
vt 0.024832438677549362 0
vt 0.024832438677549362 0.50704199075698853
vt 0.024832438677549362 0
vt 0.024832438677549362 0.50704199075698853
vt 0.085780411958694458 0
vt 0.085780411958694458 0.50704199075698853
vt 0.14672838151454926 0
vt 0.14672838151454926 0.50704199075698853
vt 0.20767635107040405 0
vt 0.20767635107040405 0.50704199075698853
vt 0.26862433552742004 0
vt 0.26862433552742004 0.50704199075698853
vt 0.32957229018211365 0
vt 0.32957229018211365 0.50704199075698853
vt 0.39052027463912964 0
vt 0.39052027463912964 0.50704199075698853
vt 0.45146825909614563 0
vt 0.45146825909614563 0.50704199075698853
vt 0.51241624355316162 0
vt 0.51241624355316162 0.50704199075698853
vt 0.57336419820785522 0
vt 0.57336419820785522 0.50704199075698853
vt 0.63431215286254883 0
vt 0.63431215286254883 0.50704199075698853
vt 0.69526010751724243 0
vt 0.69526010751724243 0.50704199075698853
vt 0.75620812177658081 0
vt 0.75620812177658081 0.50704199075698853
vt 0.81715607643127441 0
vt 0.81715607643127441 0.50704199075698853
vt 0.87810403108596802 0
vt 0.87810403108596802 0.50704199075698853
vt 0.9390520453453064 0
vt 0.9390520453453064 0.50704199075698853
vt 1 0
vt 1 0.50704199075698853
vt 0.16052563488483429 0.5070425271987915
vt 0 0.5070425271987915
vt 0 1
vt 0.16052563488483429 1
vt 0.027764014899730682 0.82426333427429199
vt 0.022970501333475113 0.7599528431892395
vt 0.026851426810026169 0.6895449161529541
vt 0.03951939195394516 0.62966209650039673
vt 0.057226505130529404 0.59230291843414307
vt 0.078168459236621857 0.57758253812789917
vt 0.10109594464302063 0.58950042724609375
vt 0.12059604376554489 0.6284024715423584
vt 0.13276161253452301 0.68277913331985474
vt 0.13755513727664948 0.747089684009552
vt 0.13367420434951782 0.8174976110458374
vt 0.12100624293088913 0.87738037109375
vt 0.10329912602901459 0.91473960876464844
vt 0.082357175648212433 0.92945998907089233
vt 0.05942969024181366 0.91754204034805298
vt 0.039929591119289398 0.87864005565643311
vt 0.16052563488483429 1
vt 0 1
vt 0 0.5070425271987915
vt 0.16052563488483429 0.5070425271987915
vt 0.027764014899730682 0.68277913331985474
vt 0.022970501333475113 0.747089684009552
vt 0.026851426810026169 0.8174976110458374
vt 0.03951939195394516 0.87738037109375
vt 0.057226505130529404 0.91473960876464844
vt 0.078168459236621857 0.92945998907089233
vt 0.10109594464302063 0.91754204034805298
vt 0.12059604376554489 0.87864005565643311
vt 0.13276161253452301 0.82426333427429199
vt 0.13755513727664948 0.7599528431892395
vt 0.13367420434951782 0.6895449161529541
vt 0.12100624293088913 0.62966209650039673
vt 0.10329912602901459 0.59230291843414307
vt 0.082357175648212433 0.57758253812789917
vt 0.05942969024181366 0.58950042724609375
vt 0.039929591119289398 0.6284024715423584
vn -0.40181541442871094 0 0.91572070121765137
vn -0.40181541442871094 0 0.91572070121765137
vn -0.40181541442871094 0 0.91572070121765137
vn -0.40181541442871094 0 0.91572070121765137
vn 0.91572070121765137 0 0.40181541442871094
vn 0.91572070121765137 0 0.40181541442871094
vn 0.91572070121765137 0 0.40181541442871094
vn 0.91572070121765137 0 0.40181541442871094
vn 0.40181541442871094 0 -0.91572070121765137
vn 0.40181541442871094 0 -0.91572070121765137
vn 0.40181541442871094 0 -0.91572070121765137
vn 0.40181541442871094 0 -0.91572070121765137
vn -0.91572070121765137 0 -0.40181541442871094
vn -0.91572070121765137 0 -0.40181541442871094
vn -0.91572070121765137 0 -0.40181541442871094
vn -0.91572070121765137 0 -0.40181541442871094
vn -1 0 0
vn -1 0 0
vn -0.92978829145431519 0 -0.36809471249580383
vn -0.92978829145431519 0 -0.36809471249580383
vn -0.70710676908493042 0 -0.70710676908493042
vn -0.70710676908493042 0 -0.70710676908493042
vn -0.36809471249580383 0 -0.92978829145431519
vn -0.36809471249580383 0 -0.92978829145431519
vn 0 0 -1
vn 0 0 -1
vn 0.36809471249580383 0 -0.92978829145431519
vn 0.36809471249580383 0 -0.92978829145431519
vn 0.70710676908493042 0 -0.70710676908493042
vn 0.70710676908493042 0 -0.70710676908493042
vn 0.92978829145431519 0 -0.36809471249580383
vn 0.92978829145431519 0 -0.36809471249580383
vn 1 0 0
vn 1 0 0
vn 0.92978829145431519 0 0.36809471249580383
vn 0.92978829145431519 0 0.36809471249580383
vn 0.70710676908493042 0 0.70710676908493042
vn 0.70710676908493042 0 0.70710676908493042
vn 0.36809471249580383 0 0.92978829145431519
vn 0.36809471249580383 0 0.92978829145431519
vn 0 0 1
vn 0 0 1
vn -0.36809471249580383 0 0.92978829145431519
vn -0.36809471249580383 0 0.92978829145431519
vn -0.70710676908493042 0 0.70710676908493042
vn -0.70710676908493042 0 0.70710676908493042
vn -0.92978829145431519 0 0.36809471249580383
vn -0.92978829145431519 0 0.36809471249580383
vn -1 0 0
vn -1 0 0
vn 0 -1 0
vn 0 -1 0
vn 0 -1 0
vn 0 -1 0
vn 0 -1 0
vn 0 -1 0
vn 0 -1 0
vn 0 -1 0
vn 0 -1 0
vn 0 -1 0
vn 0 -1 0
vn 0 -1 0
vn 0 -1 0
vn 0 -1 0
vn 0 -1 0
vn 0 -1 0
vn 0 -1 0
vn 0 -1 0
vn 0 -1 0
vn 0 -1 0
vn 0 1 0
vn 0 1 0
vn 0 1 0
vn 0 1 0
vn 0 1 0
vn 0 1 0
vn 0 1 0
vn 0 1 0
vn 0 1 0
vn 0 1 0
vn 0 1 0
vn 0 1 0
vn 0 1 0
vn 0 1 0
vn 0 1 0
vn 0 1 0
vn 0 1 0
vn 0 1 0
vn 0 1 0
vn 0 1 0
f 1171/1171/1171 1173/1173/1173 1174/1174/1174 1172/1172/1172
f 1175/1175/1175 1177/1177/1177 1178/1178/1178 1176/1176/1176
f 1179/1179/1179 1181/1181/1181 1182/1182/1182 1180/1180/1180
f 1183/1183/1183 1185/1185/1185 1186/1186/1186 1184/1184/1184
f 1187/1187/1187 1189/1189/1189 1190/1190/1190 1188/1188/1188
f 1189/1189/1189 1191/1191/1191 1192/1192/1192 1190/1190/1190
f 1191/1191/1191 1193/1193/1193 1194/1194/1194 1192/1192/1192
f 1193/1193/1193 1195/1195/1195 1196/1196/1196 1194/1194/1194
f 1195/1195/1195 1197/1197/1197 1198/1198/1198 1196/1196/1196
f 1197/1197/1197 1199/1199/1199 1200/1200/1200 1198/1198/1198
f 1199/1199/1199 1201/1201/1201 1202/1202/1202 1200/1200/1200
f 1201/1201/1201 1203/1203/1203 1204/1204/1204 1202/1202/1202
f 1203/1203/1203 1205/1205/1205 1206/1206/1206 1204/1204/1204
f 1205/1205/1205 1207/1207/1207 1208/1208/1208 1206/1206/1206
f 1207/1207/1207 1209/1209/1209 1210/1210/1210 1208/1208/1208
f 1209/1209/1209 1211/1211/1211 1212/1212/1212 1210/1210/1210
f 1211/1211/1211 1213/1213/1213 1214/1214/1214 1212/1212/1212
f 1213/1213/1213 1215/1215/1215 1216/1216/1216 1214/1214/1214
f 1215/1215/1215 1217/1217/1217 1218/1218/1218 1216/1216/1216
f 1217/1217/1217 1219/1219/1219 1220/1220/1220 1218/1218/1218
f 1222/1222/1222 1226/1226/1226 1223/1223/1223
f 1225/1225/1225 1223/1223/1223 1226/1226/1226
f 1223/1223/1223 1225/1225/1225 1240/1240/1240
f 1223/1223/1223 1240/1240/1240 1239/1239/1239
f 1239/1239/1239 1238/1238/1238 1223/1223/1223
f 1228/1228/1228 1227/1227/1227 1222/1222/1222
f 1226/1226/1226 1222/1222/1222 1227/1227/1227
f 1222/1222/1222 1230/1230/1230 1229/1229/1229
f 1222/1222/1222 1229/1229/1229 1228/1228/1228
f 1221/1221/1221 1230/1230/1230 1222/1222/1222
f 1224/1224/1224 1238/1238/1238 1237/1237/1237
f 1235/1235/1235 1224/1224/1224 1236/1236/1236
f 1237/1237/1237 1236/1236/1236 1224/1224/1224
f 1234/1234/1234 1224/1224/1224 1235/1235/1235
f 1224/1224/1224 1223/1223/1223 1238/1238/1238
f 1221/1221/1221 1232/1232/1232 1231/1231/1231
f 1221/1221/1221 1234/1234/1234 1233/1233/1233
f 1224/1224/1224 1234/1234/1234 1221/1221/1221
f 1232/1232/1232 1221/1221/1221 1233/1233/1233
f 1230/1230/1230 1221/1221/1221 1231/1231/1231
f 1242/1242/1242 1243/1243/1243 1246/1246/1246
f 1245/1245/1245 1246/1246/1246 1243/1243/1243
f 1243/1243/1243 1260/1260/1260 1245/1245/1245
f 1243/1243/1243 1259/1259/1259 1260/1260/1260
f 1259/1259/1259 1243/1243/1243 1258/1258/1258
f 1248/1248/1248 1242/1242/1242 1247/1247/1247
f 1246/1246/1246 1247/1247/1247 1242/1242/1242
f 1242/1242/1242 1249/1249/1249 1250/1250/1250
f 1242/1242/1242 1248/1248/1248 1249/1249/1249
f 1241/1241/1241 1242/1242/1242 1250/1250/1250
f 1244/1244/1244 1257/1257/1257 1258/1258/1258
f 1255/1255/1255 1256/1256/1256 1244/1244/1244
f 1257/1257/1257 1244/1244/1244 1256/1256/1256
f 1254/1254/1254 1255/1255/1255 1244/1244/1244
f 1244/1244/1244 1258/1258/1258 1243/1243/1243
f 1241/1241/1241 1251/1251/1251 1252/1252/1252
f 1241/1241/1241 1253/1253/1253 1254/1254/1254
f 1244/1244/1244 1241/1241/1241 1254/1254/1254
f 1252/1252/1252 1253/1253/1253 1241/1241/1241
f 1250/1250/1250 1251/1251/1251 1241/1241/1241
usemtl diffuse_Black
v 3740.11279296875 168 -2226.616943359375
v 3740.11279296875 170 -2226.616943359375
v 3798.549560546875 168 -2213.01025390625
v 3798.549560546875 170 -2213.01025390625
v 3798.549560546875 168 -2213.01025390625
v 3798.549560546875 170 -2213.01025390625
v 3812.15625 168 -2271.447021484375
v 3812.15625 170 -2271.447021484375
v 3812.15625 168 -2271.447021484375
v 3812.15625 170 -2271.447021484375
v 3753.719482421875 168 -2285.0537109375
v 3753.719482421875 170 -2285.0537109375
v 3753.719482421875 168 -2285.0537109375
v 3753.719482421875 170 -2285.0537109375
v 3740.11279296875 168 -2226.616943359375
v 3740.11279296875 170 -2226.616943359375
v 3796.134521484375 168 -2249.031982421875
v 3796.134521484375 170 -2249.031982421875
v 3794.730224609375 168 -2241.670166015625
v 3794.730224609375 170 -2241.670166015625
v 3790.276611328125 168 -2234.889892578125
v 3790.276611328125 170 -2234.889892578125
v 3783.496337890625 168 -2230.436279296875
v 3783.496337890625 170 -2230.436279296875
v 3776.134521484375 168 -2229.031982421875
v 3776.134521484375 170 -2229.031982421875
v 3768.772705078125 168 -2230.436279296875
v 3768.772705078125 170 -2230.436279296875
v 3761.992431640625 168 -2234.889892578125
v 3761.992431640625 170 -2234.889892578125
v 3757.538818359375 168 -2241.670166015625
v 3757.538818359375 170 -2241.670166015625
v 3756.134521484375 168 -2249.031982421875
v 3756.134521484375 170 -2249.031982421875
v 3757.538818359375 168 -2256.39404296875
v 3757.538818359375 170 -2256.39404296875
v 3761.992431640625 168 -2263.17431640625
v 3761.992431640625 170 -2263.17431640625
v 3768.772705078125 168 -2267.6279296875
v 3768.772705078125 170 -2267.6279296875
v 3776.134521484375 168 -2269.031982421875
v 3776.134521484375 170 -2269.031982421875
v 3783.496337890625 168 -2267.6279296875
v 3783.496337890625 170 -2267.6279296875
v 3790.276611328125 168 -2263.17431640625
v 3790.276611328125 170 -2263.17431640625
v 3794.730224609375 168 -2256.39404296875
v 3794.730224609375 170 -2256.39404296875
v 3796.134521484375 168 -2249.031982421875
v 3796.134521484375 170 -2249.031982421875
v 3740.11279296875 168 -2226.616943359375
v 3798.549560546875 168 -2213.01025390625
v 3812.15625 168 -2271.447021484375
v 3753.719482421875 168 -2285.0537109375
v 3796.134521484375 168 -2249.031982421875
v 3794.730224609375 168 -2241.670166015625
v 3790.276611328125 168 -2234.889892578125
v 3783.496337890625 168 -2230.436279296875
v 3776.134521484375 168 -2229.031982421875
v 3768.772705078125 168 -2230.436279296875
v 3761.992431640625 168 -2234.889892578125
v 3757.538818359375 168 -2241.670166015625
v 3756.134521484375 168 -2249.031982421875
v 3757.538818359375 168 -2256.39404296875
v 3761.992431640625 168 -2263.17431640625
v 3768.772705078125 168 -2267.6279296875
v 3776.134521484375 168 -2269.031982421875
v 3783.496337890625 168 -2267.6279296875
v 3790.276611328125 168 -2263.17431640625
v 3794.730224609375 168 -2256.39404296875
v 3740.11279296875 170 -2226.616943359375
v 3798.549560546875 170 -2213.01025390625
v 3812.15625 170 -2271.447021484375
v 3753.719482421875 170 -2285.0537109375
v 3796.134521484375 170 -2249.031982421875
v 3794.730224609375 170 -2241.670166015625
v 3790.276611328125 170 -2234.889892578125
v 3783.496337890625 170 -2230.436279296875
v 3776.134521484375 170 -2229.031982421875
v 3768.772705078125 170 -2230.436279296875
v 3761.992431640625 170 -2234.889892578125
v 3757.538818359375 170 -2241.670166015625
v 3756.134521484375 170 -2249.031982421875
v 3757.538818359375 170 -2256.39404296875
v 3761.992431640625 170 -2263.17431640625
v 3768.772705078125 170 -2267.6279296875
v 3776.134521484375 170 -2269.031982421875
v 3783.496337890625 170 -2267.6279296875
v 3790.276611328125 170 -2263.17431640625
v 3794.730224609375 170 -2256.39404296875
vt 0 0
vt 0 0.50819647312164307
vt 0.0077122584916651249 0
vt 0.0077122584916651249 0.50819647312164307
vt 0.0077122584916651249 0
vt 0.0077122584916651249 0.50819647312164307
vt 0.01542451698333025 0
vt 0.01542451698333025 0.50819647312164307
vt 0.01542451698333025 0
vt 0.01542451698333025 0.50819647312164307
vt 0.023136775940656662 0
vt 0.023136775940656662 0.50819647312164307
vt 0.023136775940656662 0
vt 0.023136775940656662 0.50819647312164307
vt 0.0308490339666605 0
vt 0.0308490339666605 0.50819647312164307
vt 0.0308490339666605 0
vt 0.0308490339666605 0.50819647312164307
vt 0.091420970857143402 0
vt 0.091420970857143402 0.50819647312164307
vt 0.15199290215969086 0
vt 0.15199290215969086 0.50819647312164307
vt 0.21256484091281891 0
vt 0.21256484091281891 0.50819647312164307
vt 0.27313676476478577 0
vt 0.27313676476478577 0.50819647312164307
vt 0.33370870351791382 0
vt 0.33370870351791382 0.50819647312164307
vt 0.39428064227104187 0
vt 0.39428064227104187 0.50819647312164307
vt 0.45485258102416992 0
vt 0.45485258102416992 0.50819647312164307
vt 0.51542448997497559 0
vt 0.51542448997497559 0.50819647312164307
vt 0.57599645853042603 0
vt 0.57599645853042603 0.50819647312164307
vt 0.63656836748123169 0
vt 0.63656836748123169 0.50819647312164307
vt 0.69714033603668213 0
vt 0.69714033603668213 0.50819647312164307
vt 0.75771224498748779 0
vt 0.75771224498748779 0.50819647312164307
vt 0.81828421354293823 0
vt 0.81828421354293823 0.50819647312164307
vt 0.8788561224937439 0
vt 0.8788561224937439 0.50819647312164307
vt 0.93942809104919434 0
vt 0.93942809104919434 0.50819647312164307
vt 1 0
vt 1 0.50819647312164307
vt 0 1
vt 0.16444936394691467 1
vt 0.16444936394691467 0.50819694995880127
vt 0 0.50819694995880127
vt 0.13561296463012695 0.71692168712615967
vt 0.13644035160541534 0.77830314636230469
vt 0.12876608967781067 0.84070944786071777
vt 0.11343501508235931 0.88886690139770508
vt 0.094655886292457581 0.91376173496246338
vt 0.074131123721599579 0.91623610258102417
vt 0.053263653069734573 0.89328545331954956
vt 0.037160739302635193 0.84743624925613403
vt 0.02883639931678772 0.79127532243728638
vt 0.028009019792079926 0.72989386320114136
vt 0.035683277994394302 0.6674875020980835
vt 0.051014352589845657 0.61933004856109619
vt 0.069793477654457092 0.59443521499633789
vt 0.090318240225315094 0.5919608473777771
vt 0.1111857146024704 0.61491155624389648
vt 0.12728862464427948 0.66076070070266724
vt 0 0.50819694995880127
vt 0.16444936394691467 0.50819694995880127
vt 0.16444936394691467 1
vt 0 1
vt 0.13561296463012695 0.79127532243728638
vt 0.13644035160541534 0.72989386320114136
vt 0.12876608967781067 0.6674875020980835
vt 0.11343501508235931 0.61933004856109619
vt 0.094655886292457581 0.59443521499633789
vt 0.074131123721599579 0.5919608473777771
vt 0.053263653069734573 0.61491155624389648
vt 0.037160739302635193 0.66076070070266724
vt 0.02883639931678772 0.71692168712615967
vt 0.028009019792079926 0.77830314636230469
vt 0.035683277994394302 0.84070944786071777
vt 0.051014352589845657 0.88886690139770508
vt 0.069793477654457092 0.91376173496246338
vt 0.090318240225315094 0.91623610258102417
vt 0.1111857146024704 0.89328545331954956
vt 0.12728862464427948 0.84743624925613403
vn -0.22677867114543915 0 0.97394633293151855
vn -0.22677867114543915 0 0.97394633293151855
vn -0.22677867114543915 0 0.97394633293151855
vn -0.22677867114543915 0 0.97394633293151855
vn 0.97394633293151855 0 0.22677867114543915
vn 0.97394633293151855 0 0.22677867114543915
vn 0.97394633293151855 0 0.22677867114543915
vn 0.97394633293151855 0 0.22677867114543915
vn 0.22677867114543915 0 -0.97394633293151855
vn 0.22677867114543915 0 -0.97394633293151855
vn 0.22677867114543915 0 -0.97394633293151855
vn 0.22677867114543915 0 -0.97394633293151855
vn -0.97394633293151855 0 -0.22677867114543915
vn -0.97394633293151855 0 -0.22677867114543915
vn -0.97394633293151855 0 -0.22677867114543915
vn -0.97394633293151855 0 -0.22677867114543915
vn -1 0 0
vn -1 0 0
vn -0.92978829145431519 0 -0.36809471249580383
vn -0.92978829145431519 0 -0.36809471249580383
vn -0.70710676908493042 0 -0.70710676908493042
vn -0.70710676908493042 0 -0.70710676908493042
vn -0.36809471249580383 0 -0.92978829145431519
vn -0.36809471249580383 0 -0.92978829145431519
vn 0 0 -1
vn 0 0 -1
vn 0.36809471249580383 0 -0.92978829145431519
vn 0.36809471249580383 0 -0.92978829145431519
vn 0.70710676908493042 0 -0.70710676908493042
vn 0.70710676908493042 0 -0.70710676908493042
vn 0.92978829145431519 0 -0.36809471249580383
vn 0.92978829145431519 0 -0.36809471249580383
vn 1 0 0
vn 1 0 0
vn 0.92978829145431519 0 0.36809471249580383
vn 0.92978829145431519 0 0.36809471249580383
vn 0.70710676908493042 0 0.70710676908493042
vn 0.70710676908493042 0 0.70710676908493042
vn 0.36809471249580383 0 0.92978829145431519
vn 0.36809471249580383 0 0.92978829145431519
vn 0 0 1
vn 0 0 1
vn -0.36809471249580383 0 0.92978829145431519
vn -0.36809471249580383 0 0.92978829145431519
vn -0.70710676908493042 0 0.70710676908493042
vn -0.70710676908493042 0 0.70710676908493042
vn -0.92978829145431519 0 0.36809471249580383
vn -0.92978829145431519 0 0.36809471249580383
vn -1 0 0
vn -1 0 0
vn 0 -1 0
vn 0 -1 0
vn 0 -1 0
vn 0 -1 0
vn 0 -1 0
vn 0 -1 0
vn 0 -1 0
vn 0 -1 0
vn 0 -1 0
vn 0 -1 0
vn 0 -1 0
vn 0 -1 0
vn 0 -1 0
vn 0 -1 0
vn 0 -1 0
vn 0 -1 0
vn 0 -1 0
vn 0 -1 0
vn 0 -1 0
vn 0 -1 0
vn 0 1 0
vn 0 1 0
vn 0 1 0
vn 0 1 0
vn 0 1 0
vn 0 1 0
vn 0 1 0
vn 0 1 0
vn 0 1 0
vn 0 1 0
vn 0 1 0
vn 0 1 0
vn 0 1 0
vn 0 1 0
vn 0 1 0
vn 0 1 0
vn 0 1 0
vn 0 1 0
vn 0 1 0
vn 0 1 0
f 1261/1261/1261 1263/1263/1263 1264/1264/1264 1262/1262/1262
f 1265/1265/1265 1267/1267/1267 1268/1268/1268 1266/1266/1266
f 1269/1269/1269 1271/1271/1271 1272/1272/1272 1270/1270/1270
f 1273/1273/1273 1275/1275/1275 1276/1276/1276 1274/1274/1274
f 1277/1277/1277 1279/1279/1279 1280/1280/1280 1278/1278/1278
f 1279/1279/1279 1281/1281/1281 1282/1282/1282 1280/1280/1280
f 1281/1281/1281 1283/1283/1283 1284/1284/1284 1282/1282/1282
f 1283/1283/1283 1285/1285/1285 1286/1286/1286 1284/1284/1284
f 1285/1285/1285 1287/1287/1287 1288/1288/1288 1286/1286/1286
f 1287/1287/1287 1289/1289/1289 1290/1290/1290 1288/1288/1288
f 1289/1289/1289 1291/1291/1291 1292/1292/1292 1290/1290/1290
f 1291/1291/1291 1293/1293/1293 1294/1294/1294 1292/1292/1292
f 1293/1293/1293 1295/1295/1295 1296/1296/1296 1294/1294/1294
f 1295/1295/1295 1297/1297/1297 1298/1298/1298 1296/1296/1296
f 1297/1297/1297 1299/1299/1299 1300/1300/1300 1298/1298/1298
f 1299/1299/1299 1301/1301/1301 1302/1302/1302 1300/1300/1300
f 1301/1301/1301 1303/1303/1303 1304/1304/1304 1302/1302/1302
f 1303/1303/1303 1305/1305/1305 1306/1306/1306 1304/1304/1304
f 1305/1305/1305 1307/1307/1307 1308/1308/1308 1306/1306/1306
f 1307/1307/1307 1309/1309/1309 1310/1310/1310 1308/1308/1308
f 1324/1324/1324 1323/1323/1323 1311/1311/1311
f 1322/1322/1322 1311/1311/1311 1323/1323/1323
f 1311/1311/1311 1322/1322/1322 1321/1321/1321
f 1311/1311/1311 1321/1321/1321 1320/1320/1320
f 1320/1320/1320 1312/1312/1312 1311/1311/1311
f 1325/1325/1325 1324/1324/1324 1314/1314/1314
f 1311/1311/1311 1314/1314/1314 1324/1324/1324
f 1314/1314/1314 1327/1327/1327 1326/1326/1326
f 1314/1314/1314 1326/1326/1326 1325/1325/1325
f 1328/1328/1328 1327/1327/1327 1314/1314/1314
f 1312/1312/1312 1319/1319/1319 1318/1318/1318
f 1316/1316/1316 1312/1312/1312 1317/1317/1317
f 1318/1318/1318 1317/1317/1317 1312/1312/1312
f 1313/1313/1313 1312/1312/1312 1316/1316/1316
f 1312/1312/1312 1320/1320/1320 1319/1319/1319
f 1313/1313/1313 1329/1329/1329 1328/1328/1328
f 1313/1313/1313 1315/1315/1315 1330/1330/1330
f 1316/1316/1316 1315/1315/1315 1313/1313/1313
f 1329/1329/1329 1313/1313/1313 1330/1330/1330
f 1314/1314/1314 1313/1313/1313 1328/1328/1328
f 1344/1344/1344 1331/1331/1331 1343/1343/1343
f 1342/1342/1342 1343/1343/1343 1331/1331/1331
f 1331/1331/1331 1341/1341/1341 1342/1342/1342
f 1331/1331/1331 1340/1340/1340 1341/1341/1341
f 1340/1340/1340 1331/1331/1331 1332/1332/1332
f 1345/1345/1345 1334/1334/1334 1344/1344/1344
f 1331/1331/1331 1344/1344/1344 1334/1334/1334
f 1334/1334/1334 1346/1346/1346 1347/1347/1347
f 1334/1334/1334 1345/1345/1345 1346/1346/1346
f 1348/1348/1348 1334/1334/1334 1347/1347/1347
f 1332/1332/1332 1338/1338/1338 1339/1339/1339
f 1336/1336/1336 1337/1337/1337 1332/1332/1332
f 1338/1338/1338 1332/1332/1332 1337/1337/1337
f 1333/1333/1333 1336/1336/1336 1332/1332/1332
f 1332/1332/1332 1339/1339/1339 1340/1340/1340
f 1333/1333/1333 1348/1348/1348 1349/1349/1349
f 1333/1333/1333 1350/1350/1350 1335/1335/1335
f 1336/1336/1336 1333/1333/1333 1335/1335/1335
f 1349/1349/1349 1350/1350/1350 1333/1333/1333
f 1334/1334/1334 1348/1348/1348 1333/1333/1333
usemtl diffuse_Black
v 3751.1103515625 180 -2224.056396484375
v 3751.1103515625 182 -2224.056396484375
v 3801.1103515625 180 -2224.0078125
v 3801.1103515625 182 -2224.0078125
v 3801.1103515625 180 -2224.0078125
v 3801.1103515625 182 -2224.0078125
v 3801.15869140625 180 -2274.0078125
v 3801.15869140625 182 -2274.0078125
v 3801.15869140625 180 -2274.0078125
v 3801.15869140625 182 -2274.0078125
v 3751.15869140625 180 -2274.056396484375
v 3751.15869140625 182 -2274.056396484375
v 3751.15869140625 180 -2274.056396484375
v 3751.15869140625 182 -2274.056396484375
v 3751.1103515625 180 -2224.056396484375
v 3751.1103515625 182 -2224.056396484375
v 3791.134521484375 180 -2249.031982421875
v 3791.134521484375 182 -2249.031982421875
v 3790.081298828125 180 -2243.5107421875
v 3790.081298828125 182 -2243.5107421875
v 3786.7412109375 180 -2238.425537109375
v 3786.7412109375 182 -2238.425537109375
v 3781.656005859375 180 -2235.085205078125
v 3781.656005859375 182 -2235.085205078125
v 3776.134521484375 180 -2234.031982421875
v 3776.134521484375 182 -2234.031982421875
v 3770.613037109375 180 -2235.085205078125
v 3770.613037109375 182 -2235.085205078125
v 3765.52783203125 180 -2238.425537109375
v 3765.52783203125 182 -2238.425537109375
v 3762.187744140625 180 -2243.5107421875
v 3762.187744140625 182 -2243.5107421875
v 3761.134521484375 180 -2249.031982421875
v 3761.134521484375 182 -2249.031982421875
v 3762.187744140625 180 -2254.553466796875
v 3762.187744140625 182 -2254.553466796875
v 3765.52783203125 180 -2259.638671875
v 3765.52783203125 182 -2259.638671875
v 3770.613037109375 180 -2262.97900390625
v 3770.613037109375 182 -2262.97900390625
v 3776.134521484375 180 -2264.031982421875
v 3776.134521484375 182 -2264.031982421875
v 3781.656005859375 180 -2262.97900390625
v 3781.656005859375 182 -2262.97900390625
v 3786.7412109375 180 -2259.638671875
v 3786.7412109375 182 -2259.638671875
v 3790.081298828125 180 -2254.553466796875
v 3790.081298828125 182 -2254.553466796875
v 3791.134521484375 180 -2249.031982421875
v 3791.134521484375 182 -2249.031982421875
v 3751.1103515625 180 -2224.056396484375
v 3801.1103515625 180 -2224.0078125
v 3801.15869140625 180 -2274.0078125
v 3751.15869140625 180 -2274.056396484375
v 3791.134521484375 180 -2249.031982421875
v 3790.081298828125 180 -2243.5107421875
v 3786.7412109375 180 -2238.425537109375
v 3781.656005859375 180 -2235.085205078125
v 3776.134521484375 180 -2234.031982421875
v 3770.613037109375 180 -2235.085205078125
v 3765.52783203125 180 -2238.425537109375
v 3762.187744140625 180 -2243.5107421875
v 3761.134521484375 180 -2249.031982421875
v 3762.187744140625 180 -2254.553466796875
v 3765.52783203125 180 -2259.638671875
v 3770.613037109375 180 -2262.97900390625
v 3776.134521484375 180 -2264.031982421875
v 3781.656005859375 180 -2262.97900390625
v 3786.7412109375 180 -2259.638671875
v 3790.081298828125 180 -2254.553466796875
v 3751.1103515625 182 -2224.056396484375
v 3801.1103515625 182 -2224.0078125
v 3801.15869140625 182 -2274.0078125
v 3751.15869140625 182 -2274.056396484375
v 3791.134521484375 182 -2249.031982421875
v 3790.081298828125 182 -2243.5107421875
v 3786.7412109375 182 -2238.425537109375
v 3781.656005859375 182 -2235.085205078125
v 3776.134521484375 182 -2234.031982421875
v 3770.613037109375 182 -2235.085205078125
v 3765.52783203125 182 -2238.425537109375
v 3762.187744140625 182 -2243.5107421875
v 3761.134521484375 182 -2249.031982421875
v 3762.187744140625 182 -2254.553466796875
v 3765.52783203125 182 -2259.638671875
v 3770.613037109375 182 -2262.97900390625
v 3776.134521484375 182 -2264.031982421875
v 3781.656005859375 182 -2262.97900390625
v 3786.7412109375 182 -2259.638671875
v 3790.081298828125 182 -2254.553466796875
vt 0 0
vt 0 0.50979435443878174
vt 0.010178347118198872 0
vt 0.010178347118198872 0.50979435443878174
vt 0.010178347118198872 0
vt 0.010178347118198872 0.50979435443878174
vt 0.020356694236397743 0
vt 0.020356694236397743 0.50979435443878174
vt 0.020356694236397743 0
vt 0.020356694236397743 0.50979435443878174
vt 0.03053504042327404 0
vt 0.03053504042327404 0.50979435443878174
vt 0.03053504042327404 0
vt 0.03053504042327404 0.50979435443878174
vt 0.040713388472795486 0
vt 0.040713388472795486 0.50979435443878174
vt 0.040713388472795486 0
vt 0.040713388472795486 0.50979435443878174
vt 0.10066880285739899 0
vt 0.10066880285739899 0.50979435443878174
vt 0.16062422096729279 0
vt 0.16062422096729279 0.50979435443878174
vt 0.22057962417602539 0
vt 0.22057962417602539 0.50979435443878174
vt 0.28053504228591919 0
vt 0.28053504228591919 0.50979435443878174
vt 0.34049046039581299 0
vt 0.34049046039581299 0.50979435443878174
vt 0.40044587850570679 0
vt 0.40044587850570679 0.50979435443878174
vt 0.4604012668132782 0
vt 0.4604012668132782 0.50979435443878174
vt 0.52035671472549438 0
vt 0.52035671472549438 0.50979435443878174
vt 0.58031213283538818 0
vt 0.58031213283538818 0.50979435443878174
vt 0.64026749134063721 0
vt 0.64026749134063721 0.50979435443878174
vt 0.70022290945053101 0
vt 0.70022290945053101 0.50979435443878174
vt 0.7601783275604248 0
vt 0.7601783275604248 0.50979435443878174
vt 0.8201337456703186 0
vt 0.8201337456703186 0.50979435443878174
vt 0.8800891637802124 0
vt 0.8800891637802124 0.50979435443878174
vt 0.9400445818901062 0
vt 0.9400445818901062 0.50979435443878174
vt 1 0
vt 1 0.50979435443878174
vt 0.00016509419947396964 0.50979489088058472
vt 0 0.99952518939971924
vt 0.17027617990970612 1
vt 0.17044128477573395 0.51026970148086548
vt 0.085220642387866974 0.90181660652160645
vt 0.066417299211025238 0.89150112867355347
vt 0.049099590629339218 0.85878497362136841
vt 0.03772437572479248 0.80897760391235352
vt 0.034137759357690811 0.75489741563796997
vt 0.03772437572479248 0.7008172869682312
vt 0.049099590629339218 0.65100991725921631
vt 0.066417299211025238 0.61829370260238647
vt 0.085220642387866974 0.60797828435897827
vt 0.10402397811412811 0.61829370260238647
vt 0.12134169042110443 0.65100991725921631
vt 0.13271690905094147 0.7008172869682312
vt 0.13630351424217224 0.75489741563796997
vt 0.13271690905094147 0.80897760391235352
vt 0.12134169042110443 0.85878497362136841
vt 0.10402397811412811 0.89150112867355347
vt 0.00016509419947396964 1
vt 0 0.51026970148086548
vt 0.17027617990970612 0.50979489088058472
vt 0.17044128477573395 0.99952518939971924
vt 0.085220642387866974 0.60797828435897827
vt 0.066417299211025238 0.61829370260238647
vt 0.049099590629339218 0.65100991725921631
vt 0.03772437572479248 0.7008172869682312
vt 0.034137759357690811 0.75489741563796997
vt 0.03772437572479248 0.80897760391235352
vt 0.049099590629339218 0.85878497362136841
vt 0.066417299211025238 0.89150112867355347
vt 0.085220642387866974 0.90181660652160645
vt 0.10402397811412811 0.89150112867355347
vt 0.12134169042110443 0.85878497362136841
vt 0.13271690905094147 0.80897760391235352
vt 0.13630351424217224 0.75489741563796997
vt 0.13271690905094147 0.7008172869682312
vt 0.12134169042110443 0.65100991725921631
vt 0.10402397811412811 0.61829370260238647
vn -0.00096956669585779309 0 0.9999995231628418
vn -0.00096956669585779309 0 0.9999995231628418
vn -0.00096956669585779309 0 0.9999995231628418
vn -0.00096956669585779309 0 0.9999995231628418
vn 0.9999995231628418 0 0.00096956669585779309
vn 0.9999995231628418 0 0.00096956669585779309
vn 0.9999995231628418 0 0.00096956669585779309
vn 0.9999995231628418 0 0.00096956669585779309
vn 0.00096956669585779309 0 -0.9999995231628418
vn 0.00096956669585779309 0 -0.9999995231628418
vn 0.00096956669585779309 0 -0.9999995231628418
vn 0.00096956669585779309 0 -0.9999995231628418
vn -0.9999995231628418 0 -0.00096956669585779309
vn -0.9999995231628418 0 -0.00096956669585779309
vn -0.9999995231628418 0 -0.00096956669585779309
vn -0.9999995231628418 0 -0.00096956669585779309
vn -1 0 0
vn -1 0 0
vn -0.92978829145431519 0 -0.36809471249580383
vn -0.92978829145431519 0 -0.36809471249580383
vn -0.70710676908493042 0 -0.70710676908493042
vn -0.70710676908493042 0 -0.70710676908493042
vn -0.36809471249580383 0 -0.92978829145431519
vn -0.36809471249580383 0 -0.92978829145431519
vn 0 0 -1
vn 0 0 -1
vn 0.36809471249580383 0 -0.92978829145431519
vn 0.36809471249580383 0 -0.92978829145431519
vn 0.70710676908493042 0 -0.70710676908493042
vn 0.70710676908493042 0 -0.70710676908493042
vn 0.92978829145431519 0 -0.36809471249580383
vn 0.92978829145431519 0 -0.36809471249580383
vn 1 0 0
vn 1 0 0
vn 0.92978829145431519 0 0.36809471249580383
vn 0.92978829145431519 0 0.36809471249580383
vn 0.70710676908493042 0 0.70710676908493042
vn 0.70710676908493042 0 0.70710676908493042
vn 0.36809471249580383 0 0.92978829145431519
vn 0.36809471249580383 0 0.92978829145431519
vn 0 0 1
vn 0 0 1
vn -0.36809471249580383 0 0.92978829145431519
vn -0.36809471249580383 0 0.92978829145431519
vn -0.70710676908493042 0 0.70710676908493042
vn -0.70710676908493042 0 0.70710676908493042
vn -0.92978829145431519 0 0.36809471249580383
vn -0.92978829145431519 0 0.36809471249580383
vn -1 0 0
vn -1 0 0
vn 0 -1 0
vn 0 -1 0
vn 0 -1 0
vn 0 -1 0
vn 0 -1 0
vn 0 -1 0
vn 0 -1 0
vn 0 -1 0
vn 0 -1 0
vn 0 -1 0
vn 0 -1 0
vn 0 -1 0
vn 0 -1 0
vn 0 -1 0
vn 0 -1 0
vn 0 -1 0
vn 0 -1 0
vn 0 -1 0
vn 0 -1 0
vn 0 -1 0
vn 0 1 0
vn 0 1 0
vn 0 1 0
vn 0 1 0
vn 0 1 0
vn 0 1 0
vn 0 1 0
vn 0 1 0
vn 0 1 0
vn 0 1 0
vn 0 1 0
vn 0 1 0
vn 0 1 0
vn 0 1 0
vn 0 1 0
vn 0 1 0
vn 0 1 0
vn 0 1 0
vn 0 1 0
vn 0 1 0
f 1351/1351/1351 1353/1353/1353 1354/1354/1354 1352/1352/1352
f 1355/1355/1355 1357/1357/1357 1358/1358/1358 1356/1356/1356
f 1359/1359/1359 1361/1361/1361 1362/1362/1362 1360/1360/1360
f 1363/1363/1363 1365/1365/1365 1366/1366/1366 1364/1364/1364
f 1367/1367/1367 1369/1369/1369 1370/1370/1370 1368/1368/1368
f 1369/1369/1369 1371/1371/1371 1372/1372/1372 1370/1370/1370
f 1371/1371/1371 1373/1373/1373 1374/1374/1374 1372/1372/1372
f 1373/1373/1373 1375/1375/1375 1376/1376/1376 1374/1374/1374
f 1375/1375/1375 1377/1377/1377 1378/1378/1378 1376/1376/1376
f 1377/1377/1377 1379/1379/1379 1380/1380/1380 1378/1378/1378
f 1379/1379/1379 1381/1381/1381 1382/1382/1382 1380/1380/1380
f 1381/1381/1381 1383/1383/1383 1384/1384/1384 1382/1382/1382
f 1383/1383/1383 1385/1385/1385 1386/1386/1386 1384/1384/1384
f 1385/1385/1385 1387/1387/1387 1388/1388/1388 1386/1386/1386
f 1387/1387/1387 1389/1389/1389 1390/1390/1390 1388/1388/1388
f 1389/1389/1389 1391/1391/1391 1392/1392/1392 1390/1390/1390
f 1391/1391/1391 1393/1393/1393 1394/1394/1394 1392/1392/1392
f 1393/1393/1393 1395/1395/1395 1396/1396/1396 1394/1394/1394
f 1395/1395/1395 1397/1397/1397 1398/1398/1398 1396/1396/1396
f 1397/1397/1397 1399/1399/1399 1400/1400/1400 1398/1398/1398
f 1405/1405/1405 1420/1420/1420 1403/1403/1403
f 1419/1419/1419 1403/1403/1403 1420/1420/1420
f 1403/1403/1403 1419/1419/1419 1418/1418/1418
f 1403/1403/1403 1418/1418/1418 1417/1417/1417
f 1417/1417/1417 1404/1404/1404 1403/1403/1403
f 1406/1406/1406 1405/1405/1405 1402/1402/1402
f 1403/1403/1403 1402/1402/1402 1405/1405/1405
f 1402/1402/1402 1408/1408/1408 1407/1407/1407
f 1402/1402/1402 1407/1407/1407 1406/1406/1406
f 1409/1409/1409 1408/1408/1408 1402/1402/1402
f 1404/1404/1404 1416/1416/1416 1415/1415/1415
f 1413/1413/1413 1404/1404/1404 1414/1414/1414
f 1415/1415/1415 1414/1414/1414 1404/1404/1404
f 1401/1401/1401 1404/1404/1404 1413/1413/1413
f 1404/1404/1404 1417/1417/1417 1416/1416/1416
f 1401/1401/1401 1410/1410/1410 1409/1409/1409
f 1401/1401/1401 1412/1412/1412 1411/1411/1411
f 1413/1413/1413 1412/1412/1412 1401/1401/1401
f 1410/1410/1410 1401/1401/1401 1411/1411/1411
f 1402/1402/1402 1401/1401/1401 1409/1409/1409
f 1425/1425/1425 1423/1423/1423 1440/1440/1440
f 1439/1439/1439 1440/1440/1440 1423/1423/1423
f 1423/1423/1423 1438/1438/1438 1439/1439/1439
f 1423/1423/1423 1437/1437/1437 1438/1438/1438
f 1437/1437/1437 1423/1423/1423 1424/1424/1424
f 1426/1426/1426 1422/1422/1422 1425/1425/1425
f 1423/1423/1423 1425/1425/1425 1422/1422/1422
f 1422/1422/1422 1427/1427/1427 1428/1428/1428
f 1422/1422/1422 1426/1426/1426 1427/1427/1427
f 1429/1429/1429 1422/1422/1422 1428/1428/1428
f 1424/1424/1424 1435/1435/1435 1436/1436/1436
f 1433/1433/1433 1434/1434/1434 1424/1424/1424
f 1435/1435/1435 1424/1424/1424 1434/1434/1434
f 1421/1421/1421 1433/1433/1433 1424/1424/1424
f 1424/1424/1424 1436/1436/1436 1437/1437/1437
f 1421/1421/1421 1429/1429/1429 1430/1430/1430
f 1421/1421/1421 1431/1431/1431 1432/1432/1432
f 1433/1433/1433 1421/1421/1421 1432/1432/1432
f 1430/1430/1430 1431/1431/1431 1421/1421/1421
f 1422/1422/1422 1429/1429/1429 1421/1421/1421
usemtl diffuse_Black
v 3876.134521484375 -8 -2338.75390625
v 3876.134521484375 -10 -2338.75390625
v 3865.856201171875 -8 -2149.031982421875
v 3865.856201171875 -10 -2149.031982421875
v 3865.856201171875 -8 -2149.031982421875
v 3865.856201171875 -10 -2149.031982421875
v 3676.134521484375 -8 -2159.310302734375
v 3676.134521484375 -10 -2159.310302734375
v 3676.134521484375 -8 -2159.310302734375
v 3676.134521484375 -10 -2159.310302734375
v 3686.41259765625 -8 -2349.031982421875
v 3686.41259765625 -10 -2349.031982421875
v 3686.41259765625 -8 -2349.031982421875
v 3686.41259765625 -10 -2349.031982421875
v 3876.134521484375 -8 -2338.75390625
v 3876.134521484375 -10 -2338.75390625
v 3691.134521484375 -8 -2249.031982421875
v 3691.134521484375 -10 -2249.031982421875
v 3697.1025390625 -8 -2217.744140625
v 3697.1025390625 -10 -2217.744140625
v 3716.030517578125 -8 -2188.927978515625
v 3716.030517578125 -10 -2188.927978515625
v 3744.846435546875 -8 -2170
v 3744.846435546875 -10 -2170
v 3776.134521484375 -8 -2164.031982421875
v 3776.134521484375 -10 -2164.031982421875
v 3807.422607421875 -8 -2170
v 3807.422607421875 -10 -2170
v 3836.238525390625 -8 -2188.927978515625
v 3836.238525390625 -10 -2188.927978515625
v 3855.16650390625 -8 -2217.744140625
v 3855.16650390625 -10 -2217.744140625
v 3861.134521484375 -8 -2249.031982421875
v 3861.134521484375 -10 -2249.031982421875
v 3855.16650390625 -8 -2280.320068359375
v 3855.16650390625 -10 -2280.320068359375
v 3836.238525390625 -8 -2309.13623046875
v 3836.238525390625 -10 -2309.13623046875
v 3807.422607421875 -8 -2328.06396484375
v 3807.422607421875 -10 -2328.06396484375
v 3776.134521484375 -8 -2334.031982421875
v 3776.134521484375 -10 -2334.031982421875
v 3744.846435546875 -8 -2328.06396484375
v 3744.846435546875 -10 -2328.06396484375
v 3716.030517578125 -8 -2309.13623046875
v 3716.030517578125 -10 -2309.13623046875
v 3697.1025390625 -8 -2280.320068359375
v 3697.1025390625 -10 -2280.320068359375
v 3691.134521484375 -8 -2249.031982421875
v 3691.134521484375 -10 -2249.031982421875
v 3876.134521484375 -8 -2338.75390625
v 3865.856201171875 -8 -2149.031982421875
v 3676.134521484375 -8 -2159.310302734375
v 3686.41259765625 -8 -2349.031982421875
v 3691.134521484375 -8 -2249.031982421875
v 3697.1025390625 -8 -2217.744140625
v 3716.030517578125 -8 -2188.927978515625
v 3744.846435546875 -8 -2170
v 3776.134521484375 -8 -2164.031982421875
v 3807.422607421875 -8 -2170
v 3836.238525390625 -8 -2188.927978515625
v 3855.16650390625 -8 -2217.744140625
v 3861.134521484375 -8 -2249.031982421875
v 3855.16650390625 -8 -2280.320068359375
v 3836.238525390625 -8 -2309.13623046875
v 3807.422607421875 -8 -2328.06396484375
v 3776.134521484375 -8 -2334.031982421875
v 3744.846435546875 -8 -2328.06396484375
v 3716.030517578125 -8 -2309.13623046875
v 3697.1025390625 -8 -2280.320068359375
v 3876.134521484375 -10 -2338.75390625
v 3865.856201171875 -10 -2149.031982421875
v 3676.134521484375 -10 -2159.310302734375
v 3686.41259765625 -10 -2349.031982421875
v 3691.134521484375 -10 -2249.031982421875
v 3697.1025390625 -10 -2217.744140625
v 3716.030517578125 -10 -2188.927978515625
v 3744.846435546875 -10 -2170
v 3776.134521484375 -10 -2164.031982421875
v 3807.422607421875 -10 -2170
v 3836.238525390625 -10 -2188.927978515625
v 3855.16650390625 -10 -2217.744140625
v 3861.134521484375 -10 -2249.031982421875
v 3855.16650390625 -10 -2280.320068359375
v 3836.238525390625 -10 -2309.13623046875
v 3807.422607421875 -10 -2328.06396484375
v 3776.134521484375 -10 -2334.031982421875
v 3744.846435546875 -10 -2328.06396484375
v 3716.030517578125 -10 -2309.13623046875
v 3697.1025390625 -10 -2280.320068359375
vt 0 0
vt 0 0.50261753797531128
vt 0.0018584916833788157 0
vt 0.0018584916833788157 0.50261753797531128
vt 0.0018584916833788157 0
vt 0.0018584916833788157 0.50261753797531128
vt 0.0037169833667576313 0
vt 0.0037169833667576313 0.50261753797531128
vt 0.0037169833667576313 0
vt 0.0037169833667576313 0.50261753797531128
vt 0.0055754748173058033 0
vt 0.0055754748173058033 0.50261753797531128
vt 0.0055754748173058033 0
vt 0.0055754748173058033 0.50261753797531128
vt 0.0074339667335152626 0
vt 0.0074339667335152626 0.50261753797531128
vt 0.0074339667335152626 0
vt 0.0074339667335152626 0.50261753797531128
vt 0.069469340145587921 0
vt 0.069469340145587921 0.50261753797531128
vt 0.13150471448898315 0
vt 0.13150471448898315 0.50261753797531128
vt 0.19354009628295898 0
vt 0.19354009628295898 0.50261753797531128
vt 0.25557547807693481 0
vt 0.25557547807693481 0.50261753797531128
vt 0.31761085987091064 0
vt 0.31761085987091064 0.50261753797531128
vt 0.37964624166488647 0
vt 0.37964624166488647 0.50261753797531128
vt 0.44168159365653992 0
vt 0.44168159365653992 0.50261753797531128
vt 0.50371700525283813 0
vt 0.50371700525283813 0.50261753797531128
vt 0.56575238704681396 0
vt 0.56575238704681396 0.50261753797531128
vt 0.62778770923614502 0
vt 0.62778770923614502 0.50261753797531128
vt 0.68982309103012085 0
vt 0.68982309103012085 0.50261753797531128
vt 0.75185847282409668 0
vt 0.75185847282409668 0.50261753797531128
vt 0.81389385461807251 0
vt 0.81389385461807251 0.50261753797531128
vt 0.87592923641204834 0
vt 0.87592923641204834 0.50261753797531128
vt 0.93796461820602417 0
vt 0.93796461820602417 0.50261753797531128
vt 1 0
vt 1 0.50261753797531128
vt 0.14721500873565674 1
vt 0.14721500873565674 0.50261807441711426
vt 0 0.50261807441711426
vt 0 1
vt 0.0078445933759212494 0.73927199840545654
vt 0.013773336075246334 0.65833121538162231
vt 0.029625324532389641 0.58568751811981201
vt 0.052713096141815186 0.54029124975204468
vt 0.077170222997665405 0.52912187576293945
vt 0.10112705826759338 0.54915279150009155
vt 0.12262813001871109 0.60271042585372925
vt 0.13606451451778412 0.68071496486663818
vt 0.13937042653560638 0.76334607601165771
vt 0.13344167172908783 0.84428679943084717
vt 0.11758968979120255 0.91693055629730225
vt 0.094501912593841553 0.96232682466506958
vt 0.07004479318857193 0.9734961986541748
vt 0.046087954193353653 0.95346528291702271
vt 0.024586884304881096 0.89990758895874023
vt 0.011150501668453217 0.8219030499458313
vt 0.14721500873565674 0.50261807441711426
vt 0.14721500873565674 1
vt 0 1
vt 0 0.50261807441711426
vt 0.0078445933759212494 0.76334607601165771
vt 0.013773336075246334 0.84428679943084717
vt 0.029625324532389641 0.91693055629730225
vt 0.052713096141815186 0.96232682466506958
vt 0.077170222997665405 0.9734961986541748
vt 0.10112705826759338 0.95346528291702271
vt 0.12262813001871109 0.89990758895874023
vt 0.13606451451778412 0.8219030499458313
vt 0.13937042653560638 0.73927199840545654
vt 0.13344167172908783 0.65833121538162231
vt 0.11758968979120255 0.58568751811981201
vt 0.094501912593841553 0.54029124975204468
vt 0.07004479318857193 0.52912187576293945
vt 0.046087954193353653 0.54915279150009155
vt 0.024586884304881096 0.60271042585372925
vt 0.011150501668453217 0.68071496486663818
vn 0.99853575229644775 0 0.054095830768346786
vn 0.99853575229644775 0 0.054095830768346786
vn 0.99853575229644775 0 0.054095830768346786
vn 0.99853575229644775 0 0.054095830768346786
vn -0.054095830768346786 0 0.99853575229644775
vn -0.054095830768346786 0 0.99853575229644775
vn -0.054095830768346786 0 0.99853575229644775
vn -0.054095830768346786 0 0.99853575229644775
vn -0.99853575229644775 0 -0.054095830768346786
vn -0.99853575229644775 0 -0.054095830768346786
vn -0.99853575229644775 0 -0.054095830768346786
vn -0.99853575229644775 0 -0.054095830768346786
vn 0.054095830768346786 0 -0.99853575229644775
vn 0.054095830768346786 0 -0.99853575229644775
vn 0.054095830768346786 0 -0.99853575229644775
vn 0.054095830768346786 0 -0.99853575229644775
vn 1 0 0
vn 1 0 0
vn 0.92978829145431519 0 -0.36809471249580383
vn 0.92978829145431519 0 -0.36809471249580383
vn 0.70710676908493042 0 -0.70710676908493042
vn 0.70710676908493042 0 -0.70710676908493042
vn 0.36809471249580383 0 -0.92978829145431519
vn 0.36809471249580383 0 -0.92978829145431519
vn 0 0 -1
vn 0 0 -1
vn -0.36809471249580383 0 -0.92978829145431519
vn -0.36809471249580383 0 -0.92978829145431519
vn -0.70710676908493042 0 -0.70710676908493042
vn -0.70710676908493042 0 -0.70710676908493042
vn -0.92978829145431519 0 -0.36809471249580383
vn -0.92978829145431519 0 -0.36809471249580383
vn -1 0 0
vn -1 0 0
vn -0.92978829145431519 0 0.36809471249580383
vn -0.92978829145431519 0 0.36809471249580383
vn -0.70710676908493042 0 0.70710676908493042
vn -0.70710676908493042 0 0.70710676908493042
vn -0.36809471249580383 0 0.92978829145431519
vn -0.36809471249580383 0 0.92978829145431519
vn 0 0 1
vn 0 0 1
vn 0.36809471249580383 0 0.92978829145431519
vn 0.36809471249580383 0 0.92978829145431519
vn 0.70710676908493042 0 0.70710676908493042
vn 0.70710676908493042 0 0.70710676908493042
vn 0.92978829145431519 0 0.36809471249580383
vn 0.92978829145431519 0 0.36809471249580383
vn 1 0 0
vn 1 0 0
vn 0 1 0
vn 0 1 0
vn 0 1 0
vn 0 1 0
vn 0 1 0
vn 0 1 0
vn 0 1 0
vn 0 1 0
vn 0 1 0
vn 0 1 0
vn 0 1 0
vn 0 1 0
vn 0 1 0
vn 0 1 0
vn 0 1 0
vn 0 1 0
vn 0 1 0
vn 0 1 0
vn 0 1 0
vn 0 1 0
vn 0 -1 0
vn 0 -1 0
vn 0 -1 0
vn 0 -1 0
vn 0 -1 0
vn 0 -1 0
vn 0 -1 0
vn 0 -1 0
vn 0 -1 0
vn 0 -1 0
vn 0 -1 0
vn 0 -1 0
vn 0 -1 0
vn 0 -1 0
vn 0 -1 0
vn 0 -1 0
vn 0 -1 0
vn 0 -1 0
vn 0 -1 0
vn 0 -1 0
f 1441/1441/1441 1443/1443/1443 1444/1444/1444 1442/1442/1442
f 1445/1445/1445 1447/1447/1447 1448/1448/1448 1446/1446/1446
f 1449/1449/1449 1451/1451/1451 1452/1452/1452 1450/1450/1450
f 1453/1453/1453 1455/1455/1455 1456/1456/1456 1454/1454/1454
f 1457/1457/1457 1459/1459/1459 1460/1460/1460 1458/1458/1458
f 1459/1459/1459 1461/1461/1461 1462/1462/1462 1460/1460/1460
f 1461/1461/1461 1463/1463/1463 1464/1464/1464 1462/1462/1462
f 1463/1463/1463 1465/1465/1465 1466/1466/1466 1464/1464/1464
f 1465/1465/1465 1467/1467/1467 1468/1468/1468 1466/1466/1466
f 1467/1467/1467 1469/1469/1469 1470/1470/1470 1468/1468/1468
f 1469/1469/1469 1471/1471/1471 1472/1472/1472 1470/1470/1470
f 1471/1471/1471 1473/1473/1473 1474/1474/1474 1472/1472/1472
f 1473/1473/1473 1475/1475/1475 1476/1476/1476 1474/1474/1474
f 1475/1475/1475 1477/1477/1477 1478/1478/1478 1476/1476/1476
f 1477/1477/1477 1479/1479/1479 1480/1480/1480 1478/1478/1478
f 1479/1479/1479 1481/1481/1481 1482/1482/1482 1480/1480/1480
f 1481/1481/1481 1483/1483/1483 1484/1484/1484 1482/1482/1482
f 1483/1483/1483 1485/1485/1485 1486/1486/1486 1484/1484/1484
f 1485/1485/1485 1487/1487/1487 1488/1488/1488 1486/1486/1486
f 1487/1487/1487 1489/1489/1489 1490/1490/1490 1488/1488/1488
f 1495/1495/1495 1510/1510/1510 1494/1494/1494
f 1509/1509/1509 1494/1494/1494 1510/1510/1510
f 1494/1494/1494 1509/1509/1509 1508/1508/1508
f 1494/1494/1494 1508/1508/1508 1507/1507/1507
f 1507/1507/1507 1491/1491/1491 1494/1494/1494
f 1496/1496/1496 1495/1495/1495 1493/1493/1493
f 1494/1494/1494 1493/1493/1493 1495/1495/1495
f 1493/1493/1493 1498/1498/1498 1497/1497/1497
f 1493/1493/1493 1497/1497/1497 1496/1496/1496
f 1499/1499/1499 1498/1498/1498 1493/1493/1493
f 1491/1491/1491 1506/1506/1506 1505/1505/1505
f 1503/1503/1503 1491/1491/1491 1504/1504/1504
f 1505/1505/1505 1504/1504/1504 1491/1491/1491
f 1492/1492/1492 1491/1491/1491 1503/1503/1503
f 1491/1491/1491 1507/1507/1507 1506/1506/1506
f 1492/1492/1492 1500/1500/1500 1499/1499/1499
f 1492/1492/1492 1502/1502/1502 1501/1501/1501
f 1503/1503/1503 1502/1502/1502 1492/1492/1492
f 1500/1500/1500 1492/1492/1492 1501/1501/1501
f 1493/1493/1493 1492/1492/1492 1499/1499/1499
f 1515/1515/1515 1514/1514/1514 1530/1530/1530
f 1529/1529/1529 1530/1530/1530 1514/1514/1514
f 1514/1514/1514 1528/1528/1528 1529/1529/1529
f 1514/1514/1514 1527/1527/1527 1528/1528/1528
f 1527/1527/1527 1514/1514/1514 1511/1511/1511
f 1516/1516/1516 1513/1513/1513 1515/1515/1515
f 1514/1514/1514 1515/1515/1515 1513/1513/1513
f 1513/1513/1513 1517/1517/1517 1518/1518/1518
f 1513/1513/1513 1516/1516/1516 1517/1517/1517
f 1519/1519/1519 1513/1513/1513 1518/1518/1518
f 1511/1511/1511 1525/1525/1525 1526/1526/1526
f 1523/1523/1523 1524/1524/1524 1511/1511/1511
f 1525/1525/1525 1511/1511/1511 1524/1524/1524
f 1512/1512/1512 1523/1523/1523 1511/1511/1511
f 1511/1511/1511 1526/1526/1526 1527/1527/1527
f 1512/1512/1512 1519/1519/1519 1520/1520/1520
f 1512/1512/1512 1521/1521/1521 1522/1522/1522
f 1523/1523/1523 1512/1512/1512 1522/1522/1522
f 1520/1520/1520 1521/1521/1521 1512/1512/1512
f 1513/1513/1513 1519/1519/1519 1512/1512/1512
usemtl diffuse_Black
v 3875.57763671875 -20 -2328.474365234375
v 3875.57763671875 -22 -2328.474365234375
v 3855.57666015625 -20 -2149.5888671875
v 3855.57666015625 -22 -2149.5888671875
v 3855.57666015625 -20 -2149.5888671875
v 3855.57666015625 -22 -2149.5888671875
v 3676.69140625 -20 -2169.58984375
v 3676.69140625 -22 -2169.58984375
v 3676.69140625 -20 -2169.58984375
v 3676.69140625 -22 -2169.58984375
v 3696.6923828125 -20 -2348.47509765625
v 3696.6923828125 -22 -2348.47509765625
v 3696.6923828125 -20 -2348.47509765625
v 3696.6923828125 -22 -2348.47509765625
v 3875.57763671875 -20 -2328.474365234375
v 3875.57763671875 -22 -2328.474365234375
v 3696.134521484375 -20 -2249.031982421875
v 3696.134521484375 -22 -2249.031982421875
v 3701.75146484375 -20 -2219.58447265625
v 3701.75146484375 -22 -2219.58447265625
v 3719.56591796875 -20 -2192.463623046875
v 3719.56591796875 -22 -2192.463623046875
v 3746.68701171875 -20 -2174.64892578125
v 3746.68701171875 -22 -2174.64892578125
v 3776.134521484375 -20 -2169.031982421875
v 3776.134521484375 -22 -2169.031982421875
v 3805.58203125 -20 -2174.64892578125
v 3805.58203125 -22 -2174.64892578125
v 3832.703125 -20 -2192.463623046875
v 3832.703125 -22 -2192.463623046875
v 3850.517578125 -20 -2219.58447265625
v 3850.517578125 -22 -2219.58447265625
v 3856.134521484375 -20 -2249.031982421875
v 3856.134521484375 -22 -2249.031982421875
v 3850.517578125 -20 -2278.479736328125
v 3850.517578125 -22 -2278.479736328125
v 3832.703125 -20 -2305.6005859375
v 3832.703125 -22 -2305.6005859375
v 3805.58203125 -20 -2323.4150390625
v 3805.58203125 -22 -2323.4150390625
v 3776.134521484375 -20 -2329.031982421875
v 3776.134521484375 -22 -2329.031982421875
v 3746.68701171875 -20 -2323.4150390625
v 3746.68701171875 -22 -2323.4150390625
v 3719.56591796875 -20 -2305.6005859375
v 3719.56591796875 -22 -2305.6005859375
v 3701.75146484375 -20 -2278.479736328125
v 3701.75146484375 -22 -2278.479736328125
v 3696.134521484375 -20 -2249.031982421875
v 3696.134521484375 -22 -2249.031982421875
v 3875.57763671875 -20 -2328.474365234375
v 3855.57666015625 -20 -2149.5888671875
v 3676.69140625 -20 -2169.58984375
v 3696.6923828125 -20 -2348.47509765625
v 3696.134521484375 -20 -2249.031982421875
v 3701.75146484375 -20 -2219.58447265625
v 3719.56591796875 -20 -2192.463623046875
v 3746.68701171875 -20 -2174.64892578125
v 3776.134521484375 -20 -2169.031982421875
v 3805.58203125 -20 -2174.64892578125
v 3832.703125 -20 -2192.463623046875
v 3850.517578125 -20 -2219.58447265625
v 3856.134521484375 -20 -2249.031982421875
v 3850.517578125 -20 -2278.479736328125
v 3832.703125 -20 -2305.6005859375
v 3805.58203125 -20 -2323.4150390625
v 3776.134521484375 -20 -2329.031982421875
v 3746.68701171875 -20 -2323.4150390625
v 3719.56591796875 -20 -2305.6005859375
v 3701.75146484375 -20 -2278.479736328125
v 3875.57763671875 -22 -2328.474365234375
v 3855.57666015625 -22 -2149.5888671875
v 3676.69140625 -22 -2169.58984375
v 3696.6923828125 -22 -2348.47509765625
v 3696.134521484375 -22 -2249.031982421875
v 3701.75146484375 -22 -2219.58447265625
v 3719.56591796875 -22 -2192.463623046875
v 3746.68701171875 -22 -2174.64892578125
v 3776.134521484375 -22 -2169.031982421875
v 3805.58203125 -22 -2174.64892578125
v 3832.703125 -22 -2192.463623046875
v 3850.517578125 -22 -2219.58447265625
v 3856.134521484375 -22 -2249.031982421875
v 3850.517578125 -22 -2278.479736328125
v 3832.703125 -22 -2305.6005859375
v 3805.58203125 -22 -2323.4150390625
v 3776.134521484375 -22 -2329.031982421875
v 3746.68701171875 -22 -2323.4150390625
v 3719.56591796875 -22 -2305.6005859375
v 3701.75146484375 -22 -2278.479736328125
vt 0 0
vt 0 0.50276219844818115
vt 0.0019737302791327238 0
vt 0.0019737302791327238 0.50276219844818115
vt 0.0019737302791327238 0
vt 0.0019737302791327238 0.50276219844818115
vt 0.0039474605582654476 0
vt 0.0039474605582654476 0.50276219844818115
vt 0.0039474605582654476 0
vt 0.0039474605582654476 0.50276219844818115
vt 0.0059211910702288151 0
vt 0.0059211910702288151 0.50276219844818115
vt 0.0059211910702288151 0
vt 0.0059211910702288151 0.50276219844818115
vt 0.0078949211165308952 0
vt 0.0078949211165308952 0.50276219844818115
vt 0.0078949211165308952 0
vt 0.0078949211165308952 0.50276219844818115
vt 0.069901488721370697 0
vt 0.069901488721370697 0.50276219844818115
vt 0.13190805912017822 0
vt 0.13190805912017822 0.50276219844818115
vt 0.19391462206840515 0
vt 0.19391462206840515 0.50276219844818115
vt 0.25592118501663208 0
vt 0.25592118501663208 0.50276219844818115
vt 0.31792774796485901 0
vt 0.31792774796485901 0.50276219844818115
vt 0.37993434071540833 0
vt 0.37993434071540833 0.50276219844818115
vt 0.44194090366363525 0
vt 0.44194090366363525 0.50276219844818115
vt 0.50394743680953979 0
vt 0.50394743680953979 0.50276219844818115
vt 0.56595402956008911 0
vt 0.56595402956008911 0.50276219844818115
vt 0.62796062231063843 0
vt 0.62796062231063843 0.50276219844818115
vt 0.68996715545654297 0
vt 0.68996715545654297 0.50276219844818115
vt 0.75197374820709229 0
vt 0.75197374820709229 0.50276219844818115
vt 0.81398028135299683 0
vt 0.81398028135299683 0.50276219844818115
vt 0.87598687410354614 0
vt 0.87598687410354614 0.50276219844818115
vt 0.93799340724945068 0
vt 0.93799340724945068 0.50276219844818115
vt 1 0
vt 1 0.50276219844818115
vt 0 1
vt 0.14761167764663696 1
vt 0.14761167764663696 0.50276267528533936
vt 0 0.50276267528533936
vt 0.0810956209897995 0.53175550699234009
vt 0.10458316653966904 0.55621474981307983
vt 0.12506309151649475 0.61344611644744873
vt 0.13711036741733551 0.69337010383605957
vt 0.13900476694107056 0.77593731880187988
vt 0.13174369931221008 0.85505634546279907
vt 0.11475378274917603 0.92404395341873169
vt 0.091027259826660156 0.96462583541870117
vt 0.066516056656837463 0.97100716829299927
vt 0.043028503656387329 0.94654792547225952
vt 0.022548580542206764 0.88931655883789063
vt 0.010501309297978878 0.80939257144927979
vt 0.0086069116368889809 0.72682535648345947
vt 0.015867969021201134 0.64770632982254028
vt 0.032857887446880341 0.57871872186660767
vt 0.05658441036939621 0.53813683986663818
vt 0 0.50276267528533936
vt 0.14761167764663696 0.50276267528533936
vt 0.14761167764663696 1
vt 0 1
vt 0.0810956209897995 0.97100716829299927
vt 0.10458316653966904 0.94654792547225952
vt 0.12506309151649475 0.88931655883789063
vt 0.13711036741733551 0.80939257144927979
vt 0.13900476694107056 0.72682535648345947
vt 0.13174369931221008 0.64770632982254028
vt 0.11475378274917603 0.57871872186660767
vt 0.091027259826660156 0.53813683986663818
vt 0.066516056656837463 0.53175550699234009
vt 0.043028503656387329 0.55621474981307983
vt 0.022548580542206764 0.61344611644744873
vt 0.010501309297978878 0.69337010383605957
vt 0.0086069116368889809 0.77593731880187988
vt 0.015867969021201134 0.85505634546279907
vt 0.032857887446880341 0.92404395341873169
vt 0.05658441036939621 0.96462583541870117
vn 0.99380743503570557 0 0.11111591756343842
vn 0.99380743503570557 0 0.11111591756343842
vn 0.99380743503570557 0 0.11111591756343842
vn 0.99380743503570557 0 0.11111591756343842
vn -0.11111591756343842 0 0.99380743503570557
vn -0.11111591756343842 0 0.99380743503570557
vn -0.11111591756343842 0 0.99380743503570557
vn -0.11111591756343842 0 0.99380743503570557
vn -0.99380743503570557 0 -0.11111591756343842
vn -0.99380743503570557 0 -0.11111591756343842
vn -0.99380743503570557 0 -0.11111591756343842
vn -0.99380743503570557 0 -0.11111591756343842
vn 0.11111591756343842 0 -0.99380743503570557
vn 0.11111591756343842 0 -0.99380743503570557
vn 0.11111591756343842 0 -0.99380743503570557
vn 0.11111591756343842 0 -0.99380743503570557
vn 1 0 0
vn 1 0 0
vn 0.92978829145431519 0 -0.36809471249580383
vn 0.92978829145431519 0 -0.36809471249580383
vn 0.70710676908493042 0 -0.70710676908493042
vn 0.70710676908493042 0 -0.70710676908493042
vn 0.36809471249580383 0 -0.92978829145431519
vn 0.36809471249580383 0 -0.92978829145431519
vn 0 0 -1
vn 0 0 -1
vn -0.36809471249580383 0 -0.92978829145431519
vn -0.36809471249580383 0 -0.92978829145431519
vn -0.70710676908493042 0 -0.70710676908493042
vn -0.70710676908493042 0 -0.70710676908493042
vn -0.92978829145431519 0 -0.36809471249580383
vn -0.92978829145431519 0 -0.36809471249580383
vn -1 0 0
vn -1 0 0
vn -0.92978829145431519 0 0.36809471249580383
vn -0.92978829145431519 0 0.36809471249580383
vn -0.70710676908493042 0 0.70710676908493042
vn -0.70710676908493042 0 0.70710676908493042
vn -0.36809471249580383 0 0.92978829145431519
vn -0.36809471249580383 0 0.92978829145431519
vn 0 0 1
vn 0 0 1
vn 0.36809471249580383 0 0.92978829145431519
vn 0.36809471249580383 0 0.92978829145431519
vn 0.70710676908493042 0 0.70710676908493042
vn 0.70710676908493042 0 0.70710676908493042
vn 0.92978829145431519 0 0.36809471249580383
vn 0.92978829145431519 0 0.36809471249580383
vn 1 0 0
vn 1 0 0
vn 0 1 0
vn 0 1 0
vn 0 1 0
vn 0 1 0
vn 0 1 0
vn 0 1 0
vn 0 1 0
vn 0 1 0
vn 0 1 0
vn 0 1 0
vn 0 1 0
vn 0 1 0
vn 0 1 0
vn 0 1 0
vn 0 1 0
vn 0 1 0
vn 0 1 0
vn 0 1 0
vn 0 1 0
vn 0 1 0
vn 0 -1 0
vn 0 -1 0
vn 0 -1 0
vn 0 -1 0
vn 0 -1 0
vn 0 -1 0
vn 0 -1 0
vn 0 -1 0
vn 0 -1 0
vn 0 -1 0
vn 0 -1 0
vn 0 -1 0
vn 0 -1 0
vn 0 -1 0
vn 0 -1 0
vn 0 -1 0
vn 0 -1 0
vn 0 -1 0
vn 0 -1 0
vn 0 -1 0
f 1531/1531/1531 1533/1533/1533 1534/1534/1534 1532/1532/1532
f 1535/1535/1535 1537/1537/1537 1538/1538/1538 1536/1536/1536
f 1539/1539/1539 1541/1541/1541 1542/1542/1542 1540/1540/1540
f 1543/1543/1543 1545/1545/1545 1546/1546/1546 1544/1544/1544
f 1547/1547/1547 1549/1549/1549 1550/1550/1550 1548/1548/1548
f 1549/1549/1549 1551/1551/1551 1552/1552/1552 1550/1550/1550
f 1551/1551/1551 1553/1553/1553 1554/1554/1554 1552/1552/1552
f 1553/1553/1553 1555/1555/1555 1556/1556/1556 1554/1554/1554
f 1555/1555/1555 1557/1557/1557 1558/1558/1558 1556/1556/1556
f 1557/1557/1557 1559/1559/1559 1560/1560/1560 1558/1558/1558
f 1559/1559/1559 1561/1561/1561 1562/1562/1562 1560/1560/1560
f 1561/1561/1561 1563/1563/1563 1564/1564/1564 1562/1562/1562
f 1563/1563/1563 1565/1565/1565 1566/1566/1566 1564/1564/1564
f 1565/1565/1565 1567/1567/1567 1568/1568/1568 1566/1566/1566
f 1567/1567/1567 1569/1569/1569 1570/1570/1570 1568/1568/1568
f 1569/1569/1569 1571/1571/1571 1572/1572/1572 1570/1570/1570
f 1571/1571/1571 1573/1573/1573 1574/1574/1574 1572/1572/1572
f 1573/1573/1573 1575/1575/1575 1576/1576/1576 1574/1574/1574
f 1575/1575/1575 1577/1577/1577 1578/1578/1578 1576/1576/1576
f 1577/1577/1577 1579/1579/1579 1580/1580/1580 1578/1578/1578
f 1597/1597/1597 1596/1596/1596 1581/1581/1581
f 1595/1595/1595 1581/1581/1581 1596/1596/1596
f 1581/1581/1581 1595/1595/1595 1594/1594/1594
f 1581/1581/1581 1594/1594/1594 1593/1593/1593
f 1593/1593/1593 1582/1582/1582 1581/1581/1581
f 1598/1598/1598 1597/1597/1597 1584/1584/1584
f 1581/1581/1581 1584/1584/1584 1597/1597/1597
f 1584/1584/1584 1600/1600/1600 1599/1599/1599
f 1584/1584/1584 1599/1599/1599 1598/1598/1598
f 1585/1585/1585 1600/1600/1600 1584/1584/1584
f 1582/1582/1582 1592/1592/1592 1591/1591/1591
f 1589/1589/1589 1582/1582/1582 1590/1590/1590
f 1591/1591/1591 1590/1590/1590 1582/1582/1582
f 1583/1583/1583 1582/1582/1582 1589/1589/1589
f 1582/1582/1582 1593/1593/1593 1592/1592/1592
f 1583/1583/1583 1586/1586/1586 1585/1585/1585
f 1583/1583/1583 1588/1588/1588 1587/1587/1587
f 1589/1589/1589 1588/1588/1588 1583/1583/1583
f 1586/1586/1586 1583/1583/1583 1587/1587/1587
f 1584/1584/1584 1583/1583/1583 1585/1585/1585
f 1617/1617/1617 1601/1601/1601 1616/1616/1616
f 1615/1615/1615 1616/1616/1616 1601/1601/1601
f 1601/1601/1601 1614/1614/1614 1615/1615/1615
f 1601/1601/1601 1613/1613/1613 1614/1614/1614
f 1613/1613/1613 1601/1601/1601 1602/1602/1602
f 1618/1618/1618 1604/1604/1604 1617/1617/1617
f 1601/1601/1601 1617/1617/1617 1604/1604/1604
f 1604/1604/1604 1619/1619/1619 1620/1620/1620
f 1604/1604/1604 1618/1618/1618 1619/1619/1619
f 1605/1605/1605 1604/1604/1604 1620/1620/1620
f 1602/1602/1602 1611/1611/1611 1612/1612/1612
f 1609/1609/1609 1610/1610/1610 1602/1602/1602
f 1611/1611/1611 1602/1602/1602 1610/1610/1610
f 1603/1603/1603 1609/1609/1609 1602/1602/1602
f 1602/1602/1602 1612/1612/1612 1613/1613/1613
f 1603/1603/1603 1605/1605/1605 1606/1606/1606
f 1603/1603/1603 1607/1607/1607 1608/1608/1608
f 1609/1609/1609 1603/1603/1603 1608/1608/1608
f 1606/1606/1606 1607/1607/1607 1603/1603/1603
f 1604/1604/1604 1605/1605/1605 1603/1603/1603
usemtl diffuse_Black
v 3874.431640625 -32 -2318.22509765625
v 3874.431640625 -34 -2318.22509765625
v 3845.327392578125 -32 -2150.73486328125
v 3845.327392578125 -34 -2150.73486328125
v 3845.327392578125 -32 -2150.73486328125
v 3845.327392578125 -34 -2150.73486328125
v 3677.83740234375 -32 -2179.839111328125
v 3677.83740234375 -34 -2179.839111328125
v 3677.83740234375 -32 -2179.839111328125
v 3677.83740234375 -34 -2179.839111328125
v 3706.94140625 -32 -2347.329345703125
v 3706.94140625 -34 -2347.329345703125
v 3706.94140625 -32 -2347.329345703125
v 3706.94140625 -34 -2347.329345703125
v 3874.431640625 -32 -2318.22509765625
v 3874.431640625 -34 -2318.22509765625
v 3701.134521484375 -32 -2249.031982421875
v 3701.134521484375 -34 -2249.031982421875
v 3706.400390625 -32 -2221.425048828125
v 3706.400390625 -34 -2221.425048828125
v 3723.1015625 -32 -2195.9990234375
v 3723.1015625 -34 -2195.9990234375
v 3748.52734375 -32 -2179.2978515625
v 3748.52734375 -34 -2179.2978515625
v 3776.134521484375 -32 -2174.031982421875
v 3776.134521484375 -34 -2174.031982421875
v 3803.74169921875 -32 -2179.2978515625
v 3803.74169921875 -34 -2179.2978515625
v 3829.16748046875 -32 -2195.9990234375
v 3829.16748046875 -34 -2195.9990234375
v 3845.86865234375 -32 -2221.425048828125
v 3845.86865234375 -34 -2221.425048828125
v 3851.134521484375 -32 -2249.031982421875
v 3851.134521484375 -34 -2249.031982421875
v 3845.86865234375 -32 -2276.63916015625
v 3845.86865234375 -34 -2276.63916015625
v 3829.16748046875 -32 -2302.065185546875
v 3829.16748046875 -34 -2302.065185546875
v 3803.74169921875 -32 -2318.76611328125
v 3803.74169921875 -34 -2318.76611328125
v 3776.134521484375 -32 -2324.031982421875
v 3776.134521484375 -34 -2324.031982421875
v 3748.52734375 -32 -2318.76611328125
v 3748.52734375 -34 -2318.76611328125
v 3723.1015625 -32 -2302.065185546875
v 3723.1015625 -34 -2302.065185546875
v 3706.400390625 -32 -2276.63916015625
v 3706.400390625 -34 -2276.63916015625
v 3701.134521484375 -32 -2249.031982421875
v 3701.134521484375 -34 -2249.031982421875
v 3874.431640625 -32 -2318.22509765625
v 3845.327392578125 -32 -2150.73486328125
v 3677.83740234375 -32 -2179.839111328125
v 3706.94140625 -32 -2347.329345703125
v 3701.134521484375 -32 -2249.031982421875
v 3706.400390625 -32 -2221.425048828125
v 3723.1015625 -32 -2195.9990234375
v 3748.52734375 -32 -2179.2978515625
v 3776.134521484375 -32 -2174.031982421875
v 3803.74169921875 -32 -2179.2978515625
v 3829.16748046875 -32 -2195.9990234375
v 3845.86865234375 -32 -2221.425048828125
v 3851.134521484375 -32 -2249.031982421875
v 3845.86865234375 -32 -2276.63916015625
v 3829.16748046875 -32 -2302.065185546875
v 3803.74169921875 -32 -2318.76611328125
v 3776.134521484375 -32 -2324.031982421875
v 3748.52734375 -32 -2318.76611328125
v 3723.1015625 -32 -2302.065185546875
v 3706.400390625 -32 -2276.63916015625
v 3874.431640625 -34 -2318.22509765625
v 3845.327392578125 -34 -2150.73486328125
v 3677.83740234375 -34 -2179.839111328125
v 3706.94140625 -34 -2347.329345703125
v 3701.134521484375 -34 -2249.031982421875
v 3706.400390625 -34 -2221.425048828125
v 3723.1015625 -34 -2195.9990234375
v 3748.52734375 -34 -2179.2978515625
v 3776.134521484375 -34 -2174.031982421875
v 3803.74169921875 -34 -2179.2978515625
v 3829.16748046875 -34 -2195.9990234375
v 3845.86865234375 -34 -2221.425048828125
v 3851.134521484375 -34 -2249.031982421875
v 3845.86865234375 -34 -2276.63916015625
v 3829.16748046875 -34 -2302.065185546875
v 3803.74169921875 -34 -2318.76611328125
v 3776.134521484375 -34 -2324.031982421875
v 3748.52734375 -34 -2318.76611328125
v 3723.1015625 -34 -2302.065185546875
v 3706.400390625 -34 -2276.63916015625
vt 0 0
vt 0 0.50292372703552246
vt 0.0021042048465460539 0
vt 0.0021042048465460539 0.50292372703552246
vt 0.0021042048465460539 0
vt 0.0021042048465460539 0.50292372703552246
vt 0.0042084096930921078 0
vt 0.0042084096930921078 0.50292372703552246
vt 0.0042084096930921078 0
vt 0.0042084096930921078 0.50292372703552246
vt 0.0063126147724688053 0
vt 0.0063126147724688053 0.50292372703552246
vt 0.0063126147724688053 0
vt 0.0063126147724688053 0.50292372703552246
vt 0.0084168193861842155 0
vt 0.0084168193861842155 0.50292372703552246
vt 0.0084168193861842155 0
vt 0.0084168193861842155 0.50292372703552246
vt 0.070390768349170685 0
vt 0.070390768349170685 0.50292372703552246
vt 0.13236472010612488 0
vt 0.13236472010612488 0.50292372703552246
vt 0.19433866441249847 0
vt 0.19433866441249847 0.50292372703552246
vt 0.25631260871887207 0
vt 0.25631260871887207 0.50292372703552246
vt 0.31828656792640686 0
vt 0.31828656792640686 0.50292372703552246
vt 0.38026049733161926 0
vt 0.38026049733161926 0.50292372703552246
vt 0.44223445653915405 0
vt 0.44223445653915405 0.50292372703552246
vt 0.50420838594436646 0
vt 0.50420838594436646 0.50292372703552246
vt 0.56618237495422363 0
vt 0.56618237495422363 0.50292372703552246
vt 0.62815630435943604 0
vt 0.62815630435943604 0.50292372703552246
vt 0.69013023376464844 0
vt 0.69013023376464844 0.50292372703552246
vt 0.75210422277450562 0
vt 0.75210422277450562 0.50292372703552246
vt 0.81407815217971802 0
vt 0.81407815217971802 0.50292372703552246
vt 0.87605208158493042 0
vt 0.87605208158493042 0.50292372703552246
vt 0.9380260705947876 0
vt 0.9380260705947876 0.50292372703552246
vt 1 0
vt 1 0.50292372703552246
vt 0.14805753529071808 0.50292420387268066
vt 0 0.50292420387268066
vt 0 1
vt 0.14805753529071808 1
vt 0.062846004962921143 0.96752256155014038
vt 0.039942383766174316 0.93853282928466797
vt 0.020615411922335625 0.87769228219985962
vt 0.010075803846120834 0.79608482122421265
vt 0.0096736354753375053 0.71391808986663818
vt 0.018308434635400772 0.63702338933944702
vt 0.036430224776268005 0.57213664054870605
vt 0.060737583786249161 0.53675186634063721
vt 0.085211530327796936 0.53540164232254028
vt 0.10811515152454376 0.56439143419265747
vt 0.1274421215057373 0.62523198127746582
vt 0.13798172771930695 0.70683944225311279
vt 0.1383838951587677 0.78900617361068726
vt 0.1297491043806076 0.86590081453323364
vt 0.11162731051445007 0.93078756332397461
vt 0.087319955229759216 0.96617233753204346
vt 0.14805753529071808 1
vt 0 1
vt 0 0.50292420387268066
vt 0.14805753529071808 0.50292420387268066
vt 0.062846004962921143 0.53540164232254028
vt 0.039942383766174316 0.56439143419265747
vt 0.020615411922335625 0.62523198127746582
vt 0.010075803846120834 0.70683944225311279
vt 0.0096736354753375053 0.78900617361068726
vt 0.018308434635400772 0.86590081453323364
vt 0.036430224776268005 0.93078756332397461
vt 0.060737583786249161 0.96617233753204346
vt 0.085211530327796936 0.96752256155014038
vt 0.10811515152454376 0.93853282928466797
vt 0.1274421215057373 0.87769228219985962
vt 0.13798172771930695 0.79608482122421265
vt 0.1383838951587677 0.71391808986663818
vt 0.1297491043806076 0.63702338933944702
vt 0.11162731051445007 0.57213664054870605
vt 0.087319955229759216 0.53675186634063721
vn 0.98523610830307007 0 0.1712009608745575
vn 0.98523610830307007 0 0.1712009608745575
vn 0.98523610830307007 0 0.1712009608745575
vn 0.98523610830307007 0 0.1712009608745575
vn -0.1712009608745575 0 0.98523610830307007
vn -0.1712009608745575 0 0.98523610830307007
vn -0.1712009608745575 0 0.98523610830307007
vn -0.1712009608745575 0 0.98523610830307007
vn -0.98523610830307007 0 -0.1712009608745575
vn -0.98523610830307007 0 -0.1712009608745575
vn -0.98523610830307007 0 -0.1712009608745575
vn -0.98523610830307007 0 -0.1712009608745575
vn 0.1712009608745575 0 -0.98523610830307007
vn 0.1712009608745575 0 -0.98523610830307007
vn 0.1712009608745575 0 -0.98523610830307007
vn 0.1712009608745575 0 -0.98523610830307007
vn 1 0 0
vn 1 0 0
vn 0.92978829145431519 0 -0.36809471249580383
vn 0.92978829145431519 0 -0.36809471249580383
vn 0.70710676908493042 0 -0.70710676908493042
vn 0.70710676908493042 0 -0.70710676908493042
vn 0.36809471249580383 0 -0.92978829145431519
vn 0.36809471249580383 0 -0.92978829145431519
vn 0 0 -1
vn 0 0 -1
vn -0.36809471249580383 0 -0.92978829145431519
vn -0.36809471249580383 0 -0.92978829145431519
vn -0.70710676908493042 0 -0.70710676908493042
vn -0.70710676908493042 0 -0.70710676908493042
vn -0.92978829145431519 0 -0.36809471249580383
vn -0.92978829145431519 0 -0.36809471249580383
vn -1 0 0
vn -1 0 0
vn -0.92978829145431519 0 0.36809471249580383
vn -0.92978829145431519 0 0.36809471249580383
vn -0.70710676908493042 0 0.70710676908493042
vn -0.70710676908493042 0 0.70710676908493042
vn -0.36809471249580383 0 0.92978829145431519
vn -0.36809471249580383 0 0.92978829145431519
vn 0 0 1
vn 0 0 1
vn 0.36809471249580383 0 0.92978829145431519
vn 0.36809471249580383 0 0.92978829145431519
vn 0.70710676908493042 0 0.70710676908493042
vn 0.70710676908493042 0 0.70710676908493042
vn 0.92978829145431519 0 0.36809471249580383
vn 0.92978829145431519 0 0.36809471249580383
vn 1 0 0
vn 1 0 0
vn 0 1 0
vn 0 1 0
vn 0 1 0
vn 0 1 0
vn 0 1 0
vn 0 1 0
vn 0 1 0
vn 0 1 0
vn 0 1 0
vn 0 1 0
vn 0 1 0
vn 0 1 0
vn 0 1 0
vn 0 1 0
vn 0 1 0
vn 0 1 0
vn 0 1 0
vn 0 1 0
vn 0 1 0
vn 0 1 0
vn 0 -1 0
vn 0 -1 0
vn 0 -1 0
vn 0 -1 0
vn 0 -1 0
vn 0 -1 0
vn 0 -1 0
vn 0 -1 0
vn 0 -1 0
vn 0 -1 0
vn 0 -1 0
vn 0 -1 0
vn 0 -1 0
vn 0 -1 0
vn 0 -1 0
vn 0 -1 0
vn 0 -1 0
vn 0 -1 0
vn 0 -1 0
vn 0 -1 0
f 1621/1621/1621 1623/1623/1623 1624/1624/1624 1622/1622/1622
f 1625/1625/1625 1627/1627/1627 1628/1628/1628 1626/1626/1626
f 1629/1629/1629 1631/1631/1631 1632/1632/1632 1630/1630/1630
f 1633/1633/1633 1635/1635/1635 1636/1636/1636 1634/1634/1634
f 1637/1637/1637 1639/1639/1639 1640/1640/1640 1638/1638/1638
f 1639/1639/1639 1641/1641/1641 1642/1642/1642 1640/1640/1640
f 1641/1641/1641 1643/1643/1643 1644/1644/1644 1642/1642/1642
f 1643/1643/1643 1645/1645/1645 1646/1646/1646 1644/1644/1644
f 1645/1645/1645 1647/1647/1647 1648/1648/1648 1646/1646/1646
f 1647/1647/1647 1649/1649/1649 1650/1650/1650 1648/1648/1648
f 1649/1649/1649 1651/1651/1651 1652/1652/1652 1650/1650/1650
f 1651/1651/1651 1653/1653/1653 1654/1654/1654 1652/1652/1652
f 1653/1653/1653 1655/1655/1655 1656/1656/1656 1654/1654/1654
f 1655/1655/1655 1657/1657/1657 1658/1658/1658 1656/1656/1656
f 1657/1657/1657 1659/1659/1659 1660/1660/1660 1658/1658/1658
f 1659/1659/1659 1661/1661/1661 1662/1662/1662 1660/1660/1660
f 1661/1661/1661 1663/1663/1663 1664/1664/1664 1662/1662/1662
f 1663/1663/1663 1665/1665/1665 1666/1666/1666 1664/1664/1664
f 1665/1665/1665 1667/1667/1667 1668/1668/1668 1666/1666/1666
f 1667/1667/1667 1669/1669/1669 1670/1670/1670 1668/1668/1668
f 1679/1679/1679 1678/1678/1678 1673/1673/1673
f 1677/1677/1677 1673/1673/1673 1678/1678/1678
f 1673/1673/1673 1677/1677/1677 1676/1676/1676
f 1673/1673/1673 1676/1676/1676 1675/1675/1675
f 1675/1675/1675 1674/1674/1674 1673/1673/1673
f 1680/1680/1680 1679/1679/1679 1672/1672/1672
f 1673/1673/1673 1672/1672/1672 1679/1679/1679
f 1672/1672/1672 1682/1682/1682 1681/1681/1681
f 1672/1672/1672 1681/1681/1681 1680/1680/1680
f 1683/1683/1683 1682/1682/1682 1672/1672/1672
f 1674/1674/1674 1690/1690/1690 1689/1689/1689
f 1687/1687/1687 1674/1674/1674 1688/1688/1688
f 1689/1689/1689 1688/1688/1688 1674/1674/1674
f 1671/1671/1671 1674/1674/1674 1687/1687/1687
f 1674/1674/1674 1675/1675/1675 1690/1690/1690
f 1671/1671/1671 1684/1684/1684 1683/1683/1683
f 1671/1671/1671 1686/1686/1686 1685/1685/1685
f 1687/1687/1687 1686/1686/1686 1671/1671/1671
f 1684/1684/1684 1671/1671/1671 1685/1685/1685
f 1672/1672/1672 1671/1671/1671 1683/1683/1683
f 1699/1699/1699 1693/1693/1693 1698/1698/1698
f 1697/1697/1697 1698/1698/1698 1693/1693/1693
f 1693/1693/1693 1696/1696/1696 1697/1697/1697
f 1693/1693/1693 1695/1695/1695 1696/1696/1696
f 1695/1695/1695 1693/1693/1693 1694/1694/1694
f 1700/1700/1700 1692/1692/1692 1699/1699/1699
f 1693/1693/1693 1699/1699/1699 1692/1692/1692
f 1692/1692/1692 1701/1701/1701 1702/1702/1702
f 1692/1692/1692 1700/1700/1700 1701/1701/1701
f 1703/1703/1703 1692/1692/1692 1702/1702/1702
f 1694/1694/1694 1709/1709/1709 1710/1710/1710
f 1707/1707/1707 1708/1708/1708 1694/1694/1694
f 1709/1709/1709 1694/1694/1694 1708/1708/1708
f 1691/1691/1691 1707/1707/1707 1694/1694/1694
f 1694/1694/1694 1710/1710/1710 1695/1695/1695
f 1691/1691/1691 1703/1703/1703 1704/1704/1704
f 1691/1691/1691 1705/1705/1705 1706/1706/1706
f 1707/1707/1707 1691/1691/1691 1706/1706/1706
f 1704/1704/1704 1705/1705/1705 1691/1691/1691
f 1692/1692/1692 1703/1703/1703 1691/1691/1691
usemtl diffuse_Black
v 3872.662353515625 -44 -2308.04345703125
v 3872.662353515625 -46 -2308.04345703125
v 3835.14599609375 -44 -2152.504150390625
v 3835.14599609375 -46 -2152.504150390625
v 3835.14599609375 -44 -2152.504150390625
v 3835.14599609375 -46 -2152.504150390625
v 3679.6064453125 -44 -2190.0205078125
v 3679.6064453125 -46 -2190.0205078125
v 3679.6064453125 -44 -2190.0205078125
v 3679.6064453125 -46 -2190.0205078125
v 3717.123046875 -44 -2345.56005859375
v 3717.123046875 -46 -2345.56005859375
v 3717.123046875 -44 -2345.56005859375
v 3717.123046875 -46 -2345.56005859375
v 3872.662353515625 -44 -2308.04345703125
v 3872.662353515625 -46 -2308.04345703125
v 3706.134521484375 -44 -2249.031982421875
v 3706.134521484375 -46 -2249.031982421875
v 3711.04931640625 -44 -2223.265380859375
v 3711.04931640625 -46 -2223.265380859375
v 3726.636962890625 -44 -2199.53466796875
v 3726.636962890625 -46 -2199.53466796875
v 3750.367919921875 -44 -2183.94677734375
v 3750.367919921875 -46 -2183.94677734375
v 3776.134521484375 -44 -2179.031982421875
v 3776.134521484375 -46 -2179.031982421875
v 3801.901123046875 -44 -2183.94677734375
v 3801.901123046875 -46 -2183.94677734375
v 3825.632080078125 -44 -2199.53466796875
v 3825.632080078125 -46 -2199.53466796875
v 3841.2197265625 -44 -2223.265380859375
v 3841.2197265625 -46 -2223.265380859375
v 3846.134521484375 -44 -2249.031982421875
v 3846.134521484375 -46 -2249.031982421875
v 3841.2197265625 -44 -2274.798583984375
v 3841.2197265625 -46 -2274.798583984375
v 3825.632080078125 -44 -2298.529541015625
v 3825.632080078125 -46 -2298.529541015625
v 3801.901123046875 -44 -2314.1171875
v 3801.901123046875 -46 -2314.1171875
v 3776.134521484375 -44 -2319.031982421875
v 3776.134521484375 -46 -2319.031982421875
v 3750.367919921875 -44 -2314.1171875
v 3750.367919921875 -46 -2314.1171875
v 3726.636962890625 -44 -2298.529541015625
v 3726.636962890625 -46 -2298.529541015625
v 3711.04931640625 -44 -2274.798583984375
v 3711.04931640625 -46 -2274.798583984375
v 3706.134521484375 -44 -2249.031982421875
v 3706.134521484375 -46 -2249.031982421875
v 3872.662353515625 -44 -2308.04345703125
v 3835.14599609375 -44 -2152.504150390625
v 3679.6064453125 -44 -2190.0205078125
v 3717.123046875 -44 -2345.56005859375
v 3706.134521484375 -44 -2249.031982421875
v 3711.04931640625 -44 -2223.265380859375
v 3726.636962890625 -44 -2199.53466796875
v 3750.367919921875 -44 -2183.94677734375
v 3776.134521484375 -44 -2179.031982421875
v 3801.901123046875 -44 -2183.94677734375
v 3825.632080078125 -44 -2199.53466796875
v 3841.2197265625 -44 -2223.265380859375
v 3846.134521484375 -44 -2249.031982421875
v 3841.2197265625 -44 -2274.798583984375
v 3825.632080078125 -44 -2298.529541015625
v 3801.901123046875 -44 -2314.1171875
v 3776.134521484375 -44 -2319.031982421875
v 3750.367919921875 -44 -2314.1171875
v 3726.636962890625 -44 -2298.529541015625
v 3711.04931640625 -44 -2274.798583984375
v 3872.662353515625 -46 -2308.04345703125
v 3835.14599609375 -46 -2152.504150390625
v 3679.6064453125 -46 -2190.0205078125
v 3717.123046875 -46 -2345.56005859375
v 3706.134521484375 -46 -2249.031982421875
v 3711.04931640625 -46 -2223.265380859375
v 3726.636962890625 -46 -2199.53466796875
v 3750.367919921875 -46 -2183.94677734375
v 3776.134521484375 -46 -2179.031982421875
v 3801.901123046875 -46 -2183.94677734375
v 3825.632080078125 -46 -2199.53466796875
v 3841.2197265625 -46 -2223.265380859375
v 3846.134521484375 -46 -2249.031982421875
v 3841.2197265625 -46 -2274.798583984375
v 3825.632080078125 -46 -2298.529541015625
v 3801.901123046875 -46 -2314.1171875
v 3776.134521484375 -46 -2319.031982421875
v 3750.367919921875 -46 -2314.1171875
v 3726.636962890625 -46 -2298.529541015625
v 3711.04931640625 -46 -2274.798583984375
vt 0 0
vt 0 0.50310534238815308
vt 0.0022531505674123764 0
vt 0.0022531505674123764 0.50310534238815308
vt 0.0022531505674123764 0
vt 0.0022531505674123764 0.50310534238815308
vt 0.0045063011348247528 0
vt 0.0045063011348247528 0.50310534238815308
vt 0.0045063011348247528 0
vt 0.0045063011348247528 0.50310534238815308
vt 0.0067594517022371292 0
vt 0.0067594517022371292 0.50310534238815308
vt 0.0067594517022371292 0
vt 0.0067594517022371292 0.50310534238815308
vt 0.0090126022696495056 0
vt 0.0090126022696495056 0.50310534238815308
vt 0.0090126022696495056 0
vt 0.0090126022696495056 0.50310534238815308
vt 0.070949316024780273 0
vt 0.070949316024780273 0.50310534238815308
vt 0.13288602232933044 0
vt 0.13288602232933044 0.50310534238815308
vt 0.19482274353504181 0
vt 0.19482274353504181 0.50310534238815308
vt 0.25675946474075317 0
vt 0.25675946474075317 0.50310534238815308
vt 0.31869617104530334 0
vt 0.31869617104530334 0.50310534238815308
vt 0.38063287734985352 0
vt 0.38063287734985352 0.50310534238815308
vt 0.44256958365440369 0
vt 0.44256958365440369 0.50310534238815308
vt 0.50450628995895386 0
vt 0.50450628995895386 0.50310534238815308
vt 0.56644302606582642 0
vt 0.56644302606582642 0.50310534238815308
vt 0.6283797025680542 0
vt 0.6283797025680542 0.50310534238815308
vt 0.69031643867492676 0
vt 0.69031643867492676 0.50310534238815308
vt 0.75225317478179932 0
vt 0.75225317478179932 0.50310534238815308
vt 0.8141898512840271 0
vt 0.8141898512840271 0.50310534238815308
vt 0.87612658739089966 0
vt 0.87612658739089966 0.50310534238815308
vt 0.93806326389312744 0
vt 0.93806326389312744 0.50310534238815308
vt 1 0
vt 1 0.50310534238815308
vt 0 0.50310581922531128
vt 0 1
vt 0.14856235682964325 1
vt 0.14856235682964325 0.50310581922531128
vt 0.1374652236700058 0.80252635478973389
vt 0.12741914391517639 0.87673711776733398
vt 0.1081826388835907 0.93702989816665649
vt 0.083368793129920959 0.9668087363243103
vt 0.05904104933142662 0.9628835916519165
vt 0.036853373050689697 0.92928260564804077
vt 0.018826916813850403 0.86494261026382446
vt 0.0099235894158482552 0.78194808959960938
vt 0.011097143404185772 0.70057946443557739
vt 0.021143214777112007 0.62636870145797729
vt 0.04037972167134285 0.56607592105865479
vt 0.065193571150302887 0.53629708290100098
vt 0.089521318674087524 0.54022228717803955
vt 0.11170899122953415 0.57382321357727051
vt 0.12973544001579285 0.63816326856613159
vt 0.13863877952098846 0.7211577296257019
vt 0 1
vt 0 0.50310581922531128
vt 0.14856235682964325 0.50310581922531128
vt 0.14856235682964325 1
vt 0.1374652236700058 0.70057946443557739
vt 0.12741914391517639 0.62636870145797729
vt 0.1081826388835907 0.56607592105865479
vt 0.083368793129920959 0.53629708290100098
vt 0.05904104933142662 0.54022228717803955
vt 0.036853373050689697 0.57382321357727051
vt 0.018826916813850403 0.63816326856613159
vt 0.0099235894158482552 0.7211577296257019
vt 0.011097143404185772 0.80252635478973389
vt 0.021143214777112007 0.87673711776733398
vt 0.04037972167134285 0.93702989816665649
vt 0.065193571150302887 0.9668087363243103
vt 0.089521318674087524 0.9628835916519165
vt 0.11170899122953415 0.92928260564804077
vt 0.12973544001579285 0.86494261026382446
vt 0.13863877952098846 0.78194808959960938
vn 0.9721214771270752 0 0.23447790741920471
vn 0.9721214771270752 0 0.23447790741920471
vn 0.9721214771270752 0 0.23447790741920471
vn 0.9721214771270752 0 0.23447790741920471
vn -0.23447790741920471 0 0.9721214771270752
vn -0.23447790741920471 0 0.9721214771270752
vn -0.23447790741920471 0 0.9721214771270752
vn -0.23447790741920471 0 0.9721214771270752
vn -0.9721214771270752 0 -0.23447790741920471
vn -0.9721214771270752 0 -0.23447790741920471
vn -0.9721214771270752 0 -0.23447790741920471
vn -0.9721214771270752 0 -0.23447790741920471
vn 0.23447790741920471 0 -0.9721214771270752
vn 0.23447790741920471 0 -0.9721214771270752
vn 0.23447790741920471 0 -0.9721214771270752
vn 0.23447790741920471 0 -0.9721214771270752
vn 1 0 0
vn 1 0 0
vn 0.92978829145431519 0 -0.36809471249580383
vn 0.92978829145431519 0 -0.36809471249580383
vn 0.70710676908493042 0 -0.70710676908493042
vn 0.70710676908493042 0 -0.70710676908493042
vn 0.36809471249580383 0 -0.92978829145431519
vn 0.36809471249580383 0 -0.92978829145431519
vn 0 0 -1
vn 0 0 -1
vn -0.36809471249580383 0 -0.92978829145431519
vn -0.36809471249580383 0 -0.92978829145431519
vn -0.70710676908493042 0 -0.70710676908493042
vn -0.70710676908493042 0 -0.70710676908493042
vn -0.92978829145431519 0 -0.36809471249580383
vn -0.92978829145431519 0 -0.36809471249580383
vn -1 0 0
vn -1 0 0
vn -0.92978829145431519 0 0.36809471249580383
vn -0.92978829145431519 0 0.36809471249580383
vn -0.70710676908493042 0 0.70710676908493042
vn -0.70710676908493042 0 0.70710676908493042
vn -0.36809471249580383 0 0.92978829145431519
vn -0.36809471249580383 0 0.92978829145431519
vn 0 0 1
vn 0 0 1
vn 0.36809471249580383 0 0.92978829145431519
vn 0.36809471249580383 0 0.92978829145431519
vn 0.70710676908493042 0 0.70710676908493042
vn 0.70710676908493042 0 0.70710676908493042
vn 0.92978829145431519 0 0.36809471249580383
vn 0.92978829145431519 0 0.36809471249580383
vn 1 0 0
vn 1 0 0
vn 0 1 0
vn 0 1 0
vn 0 1 0
vn 0 1 0
vn 0 1 0
vn 0 1 0
vn 0 1 0
vn 0 1 0
vn 0 1 0
vn 0 1 0
vn 0 1 0
vn 0 1 0
vn 0 1 0
vn 0 1 0
vn 0 1 0
vn 0 1 0
vn 0 1 0
vn 0 1 0
vn 0 1 0
vn 0 1 0
vn 0 -1 0
vn 0 -1 0
vn 0 -1 0
vn 0 -1 0
vn 0 -1 0
vn 0 -1 0
vn 0 -1 0
vn 0 -1 0
vn 0 -1 0
vn 0 -1 0
vn 0 -1 0
vn 0 -1 0
vn 0 -1 0
vn 0 -1 0
vn 0 -1 0
vn 0 -1 0
vn 0 -1 0
vn 0 -1 0
vn 0 -1 0
vn 0 -1 0
f 1711/1711/1711 1713/1713/1713 1714/1714/1714 1712/1712/1712
f 1715/1715/1715 1717/1717/1717 1718/1718/1718 1716/1716/1716
f 1719/1719/1719 1721/1721/1721 1722/1722/1722 1720/1720/1720
f 1723/1723/1723 1725/1725/1725 1726/1726/1726 1724/1724/1724
f 1727/1727/1727 1729/1729/1729 1730/1730/1730 1728/1728/1728
f 1729/1729/1729 1731/1731/1731 1732/1732/1732 1730/1730/1730
f 1731/1731/1731 1733/1733/1733 1734/1734/1734 1732/1732/1732
f 1733/1733/1733 1735/1735/1735 1736/1736/1736 1734/1734/1734
f 1735/1735/1735 1737/1737/1737 1738/1738/1738 1736/1736/1736
f 1737/1737/1737 1739/1739/1739 1740/1740/1740 1738/1738/1738
f 1739/1739/1739 1741/1741/1741 1742/1742/1742 1740/1740/1740
f 1741/1741/1741 1743/1743/1743 1744/1744/1744 1742/1742/1742
f 1743/1743/1743 1745/1745/1745 1746/1746/1746 1744/1744/1744
f 1745/1745/1745 1747/1747/1747 1748/1748/1748 1746/1746/1746
f 1747/1747/1747 1749/1749/1749 1750/1750/1750 1748/1748/1748
f 1749/1749/1749 1751/1751/1751 1752/1752/1752 1750/1750/1750
f 1751/1751/1751 1753/1753/1753 1754/1754/1754 1752/1752/1752
f 1753/1753/1753 1755/1755/1755 1756/1756/1756 1754/1754/1754
f 1755/1755/1755 1757/1757/1757 1758/1758/1758 1756/1756/1756
f 1757/1757/1757 1759/1759/1759 1760/1760/1760 1758/1758/1758
f 1761/1761/1761 1772/1772/1772 1762/1762/1762
f 1771/1771/1771 1762/1762/1762 1772/1772/1772
f 1762/1762/1762 1771/1771/1771 1770/1770/1770
f 1762/1762/1762 1770/1770/1770 1769/1769/1769
f 1769/1769/1769 1768/1768/1768 1762/1762/1762
f 1774/1774/1774 1773/1773/1773 1761/1761/1761
f 1772/1772/1772 1761/1761/1761 1773/1773/1773
f 1761/1761/1761 1776/1776/1776 1775/1775/1775
f 1761/1761/1761 1775/1775/1775 1774/1774/1774
f 1764/1764/1764 1776/1776/1776 1761/1761/1761
f 1763/1763/1763 1768/1768/1768 1767/1767/1767
f 1765/1765/1765 1763/1763/1763 1766/1766/1766
f 1767/1767/1767 1766/1766/1766 1763/1763/1763
f 1780/1780/1780 1763/1763/1763 1765/1765/1765
f 1763/1763/1763 1762/1762/1762 1768/1768/1768
f 1764/1764/1764 1778/1778/1778 1777/1777/1777
f 1764/1764/1764 1780/1780/1780 1779/1779/1779
f 1763/1763/1763 1780/1780/1780 1764/1764/1764
f 1778/1778/1778 1764/1764/1764 1779/1779/1779
f 1776/1776/1776 1764/1764/1764 1777/1777/1777
f 1781/1781/1781 1782/1782/1782 1792/1792/1792
f 1791/1791/1791 1792/1792/1792 1782/1782/1782
f 1782/1782/1782 1790/1790/1790 1791/1791/1791
f 1782/1782/1782 1789/1789/1789 1790/1790/1790
f 1789/1789/1789 1782/1782/1782 1788/1788/1788
f 1794/1794/1794 1781/1781/1781 1793/1793/1793
f 1792/1792/1792 1793/1793/1793 1781/1781/1781
f 1781/1781/1781 1795/1795/1795 1796/1796/1796
f 1781/1781/1781 1794/1794/1794 1795/1795/1795
f 1784/1784/1784 1781/1781/1781 1796/1796/1796
f 1783/1783/1783 1787/1787/1787 1788/1788/1788
f 1785/1785/1785 1786/1786/1786 1783/1783/1783
f 1787/1787/1787 1783/1783/1783 1786/1786/1786
f 1800/1800/1800 1785/1785/1785 1783/1783/1783
f 1783/1783/1783 1788/1788/1788 1782/1782/1782
f 1784/1784/1784 1797/1797/1797 1798/1798/1798
f 1784/1784/1784 1799/1799/1799 1800/1800/1800
f 1783/1783/1783 1784/1784/1784 1800/1800/1800
f 1798/1798/1798 1799/1799/1799 1784/1784/1784
f 1796/1796/1796 1797/1797/1797 1784/1784/1784
usemtl diffuse_Black
v 3870.233642578125 -56 -2297.974365234375
v 3870.233642578125 -58 -2297.974365234375
v 3825.07666015625 -56 -2154.932861328125
v 3825.07666015625 -58 -2154.932861328125
v 3825.07666015625 -56 -2154.932861328125
v 3825.07666015625 -58 -2154.932861328125
v 3682.035400390625 -56 -2200.08984375
v 3682.035400390625 -58 -2200.08984375
v 3682.035400390625 -56 -2200.08984375
v 3682.035400390625 -58 -2200.08984375
v 3727.1923828125 -56 -2343.13134765625
v 3727.1923828125 -58 -2343.13134765625
v 3727.1923828125 -56 -2343.13134765625
v 3727.1923828125 -58 -2343.13134765625
v 3870.233642578125 -56 -2297.974365234375
v 3870.233642578125 -58 -2297.974365234375
v 3711.134521484375 -56 -2249.031982421875
v 3711.134521484375 -58 -2249.031982421875
v 3715.6982421875 -56 -2225.10595703125
v 3715.6982421875 -58 -2225.10595703125
v 3730.172607421875 -56 -2203.070068359375
v 3730.172607421875 -58 -2203.070068359375
v 3752.208251953125 -56 -2188.595947265625
v 3752.208251953125 -58 -2188.595947265625
v 3776.134521484375 -56 -2184.031982421875
v 3776.134521484375 -58 -2184.031982421875
v 3800.060546875 -56 -2188.595947265625
v 3800.060546875 -58 -2188.595947265625
v 3822.096435546875 -56 -2203.070068359375
v 3822.096435546875 -58 -2203.070068359375
v 3836.57080078125 -56 -2225.10595703125
v 3836.57080078125 -58 -2225.10595703125
v 3841.134521484375 -56 -2249.031982421875
v 3841.134521484375 -58 -2249.031982421875
v 3836.57080078125 -56 -2272.958251953125
v 3836.57080078125 -58 -2272.958251953125
v 3822.096435546875 -56 -2294.993896484375
v 3822.096435546875 -58 -2294.993896484375
v 3800.060546875 -56 -2309.46826171875
v 3800.060546875 -58 -2309.46826171875
v 3776.134521484375 -56 -2314.031982421875
v 3776.134521484375 -58 -2314.031982421875
v 3752.208251953125 -56 -2309.46826171875
v 3752.208251953125 -58 -2309.46826171875
v 3730.172607421875 -56 -2294.993896484375
v 3730.172607421875 -58 -2294.993896484375
v 3715.6982421875 -56 -2272.958251953125
v 3715.6982421875 -58 -2272.958251953125
v 3711.134521484375 -56 -2249.031982421875
v 3711.134521484375 -58 -2249.031982421875
v 3870.233642578125 -56 -2297.974365234375
v 3825.07666015625 -56 -2154.932861328125
v 3682.035400390625 -56 -2200.08984375
v 3727.1923828125 -56 -2343.13134765625
v 3711.134521484375 -56 -2249.031982421875
v 3715.6982421875 -56 -2225.10595703125
v 3730.172607421875 -56 -2203.070068359375
v 3752.208251953125 -56 -2188.595947265625
v 3776.134521484375 -56 -2184.031982421875
v 3800.060546875 -56 -2188.595947265625
v 3822.096435546875 -56 -2203.070068359375
v 3836.57080078125 -56 -2225.10595703125
v 3841.134521484375 -56 -2249.031982421875
v 3836.57080078125 -56 -2272.958251953125
v 3822.096435546875 -56 -2294.993896484375
v 3800.060546875 -56 -2309.46826171875
v 3776.134521484375 -56 -2314.031982421875
v 3752.208251953125 -56 -2309.46826171875
v 3730.172607421875 -56 -2294.993896484375
v 3715.6982421875 -56 -2272.958251953125
v 3870.233642578125 -58 -2297.974365234375
v 3825.07666015625 -58 -2154.932861328125
v 3682.035400390625 -58 -2200.08984375
v 3727.1923828125 -58 -2343.13134765625
v 3711.134521484375 -58 -2249.031982421875
v 3715.6982421875 -58 -2225.10595703125
v 3730.172607421875 -58 -2203.070068359375
v 3752.208251953125 -58 -2188.595947265625
v 3776.134521484375 -58 -2184.031982421875
v 3800.060546875 -58 -2188.595947265625
v 3822.096435546875 -58 -2203.070068359375
v 3836.57080078125 -58 -2225.10595703125
v 3841.134521484375 -58 -2249.031982421875
v 3836.57080078125 -58 -2272.958251953125
v 3822.096435546875 -58 -2294.993896484375
v 3800.060546875 -58 -2309.46826171875
v 3776.134521484375 -58 -2314.031982421875
v 3752.208251953125 -58 -2309.46826171875
v 3730.172607421875 -58 -2294.993896484375
v 3715.6982421875 -58 -2272.958251953125
vt 0 0
vt 0 0.50331097841262817
vt 0.0024247888941317797 0
vt 0.0024247888941317797 0.50331097841262817
vt 0.0024247888941317797 0
vt 0.0024247888941317797 0.50331097841262817
vt 0.0048495777882635593 0
vt 0.0048495777882635593 0.50331097841262817
vt 0.0048495777882635593 0
vt 0.0048495777882635593 0.50331097841262817
vt 0.0072743664495646954 0
vt 0.0072743664495646954 0.50331097841262817
vt 0.0072743664495646954 0
vt 0.0072743664495646954 0.50331097841262817
vt 0.0096991555765271187 0
vt 0.0096991555765271187 0.50331097841262817
vt 0.0096991555765271187 0
vt 0.0096991555765271187 0.50331097841262817
vt 0.071592956781387329 0
vt 0.071592956781387329 0.50331097841262817
vt 0.13348676264286041 0
vt 0.13348676264286041 0.50331097841262817
vt 0.1953805685043335 0
vt 0.1953805685043335 0.50331097841262817
vt 0.25727435946464539 0
vt 0.25727435946464539 0.50331097841262817
vt 0.31916818022727966 0
vt 0.31916818022727966 0.50331097841262817
vt 0.38106197118759155 0
vt 0.38106197118759155 0.50331097841262817
vt 0.44295576214790344 0
vt 0.44295576214790344 0.50331097841262817
vt 0.50484955310821533 0
vt 0.50484955310821533 0.50331097841262817
vt 0.56674337387084961 0
vt 0.56674337387084961 0.50331097841262817
vt 0.62863719463348389 0
vt 0.62863719463348389 0.50331097841262817
vt 0.69053101539611816 0
vt 0.69053101539611816 0.50331097841262817
vt 0.75242477655410767 0
vt 0.75242477655410767 0.50331097841262817
vt 0.81431859731674194 0
vt 0.81431859731674194 0.50331097841262817
vt 0.87621241807937622 0
vt 0.87621241807937622 0.50331097841262817
vt 0.93810617923736572 0
vt 0.93810617923736572 0.50331097841262817
vt 1 0
vt 1 0.50331097841262817
vt 0.1491386741399765 0.50331151485443115
vt 0 0.50331151485443115
vt 0 1
vt 0.1491386741399765 1
vt 0.055113658308982849 0.95690268278121948
vt 0.033794485032558441 0.91864132881164551
vt 0.017234034836292267 0.85097038745880127
vt 0.010106177069246769 0.76696062088012695
vt 0.012940655462443829 0.68686091899871826
vt 0.024429243057966232 0.6158599853515625
vt 0.044748522341251373 0.56070739030838013
vt 0.069973811507225037 0.53696894645690918
vt 0.094025015830993652 0.54640883207321167
vt 0.11534419655799866 0.58467018604278564
vt 0.13190464675426483 0.65234106779098511
vt 0.13903249800205231 0.7363508939743042
vt 0.13619802892208099 0.81645053625106812
vt 0.12470943480730057 0.88745152950286865
vt 0.10439015924930573 0.94260412454605103
vt 0.079164870083332062 0.96634256839752197
vt 0.1491386741399765 1
vt 0 1
vt 0 0.50331151485443115
vt 0.1491386741399765 0.50331151485443115
vt 0.055113658308982849 0.54640883207321167
vt 0.033794485032558441 0.58467018604278564
vt 0.017234034836292267 0.65234106779098511
vt 0.010106177069246769 0.7363508939743042
vt 0.012940655462443829 0.81645053625106812
vt 0.024429243057966232 0.88745152950286865
vt 0.044748522341251373 0.94260412454605103
vt 0.069973811507225037 0.96634256839752197
vt 0.094025015830993652 0.95690268278121948
vt 0.11534419655799866 0.91864132881164551
vt 0.13190464675426483 0.85097038745880127
vt 0.13903249800205231 0.76696062088012695
vt 0.13619802892208099 0.68686091899871826
vt 0.12470943480730057 0.6158599853515625
vt 0.10439015924930573 0.56070739030838013
vt 0.079164870083332062 0.53696894645690918
vn 0.95360934734344482 0 0.30104678869247437
vn 0.95360934734344482 0 0.30104678869247437
vn 0.95360934734344482 0 0.30104678869247437
vn 0.95360934734344482 0 0.30104678869247437
vn -0.30104678869247437 0 0.95360934734344482
vn -0.30104678869247437 0 0.95360934734344482
vn -0.30104678869247437 0 0.95360934734344482
vn -0.30104678869247437 0 0.95360934734344482
vn -0.95360934734344482 0 -0.30104678869247437
vn -0.95360934734344482 0 -0.30104678869247437
vn -0.95360934734344482 0 -0.30104678869247437
vn -0.95360934734344482 0 -0.30104678869247437
vn 0.30104678869247437 0 -0.95360934734344482
vn 0.30104678869247437 0 -0.95360934734344482
vn 0.30104678869247437 0 -0.95360934734344482
vn 0.30104678869247437 0 -0.95360934734344482
vn 1 0 0
vn 1 0 0
vn 0.92978829145431519 0 -0.36809471249580383
vn 0.92978829145431519 0 -0.36809471249580383
vn 0.70710676908493042 0 -0.70710676908493042
vn 0.70710676908493042 0 -0.70710676908493042
vn 0.36809471249580383 0 -0.92978829145431519
vn 0.36809471249580383 0 -0.92978829145431519
vn 0 0 -1
vn 0 0 -1
vn -0.36809471249580383 0 -0.92978829145431519
vn -0.36809471249580383 0 -0.92978829145431519
vn -0.70710676908493042 0 -0.70710676908493042
vn -0.70710676908493042 0 -0.70710676908493042
vn -0.92978829145431519 0 -0.36809471249580383
vn -0.92978829145431519 0 -0.36809471249580383
vn -1 0 0
vn -1 0 0
vn -0.92978829145431519 0 0.36809471249580383
vn -0.92978829145431519 0 0.36809471249580383
vn -0.70710676908493042 0 0.70710676908493042
vn -0.70710676908493042 0 0.70710676908493042
vn -0.36809471249580383 0 0.92978829145431519
vn -0.36809471249580383 0 0.92978829145431519
vn 0 0 1
vn 0 0 1
vn 0.36809471249580383 0 0.92978829145431519
vn 0.36809471249580383 0 0.92978829145431519
vn 0.70710676908493042 0 0.70710676908493042
vn 0.70710676908493042 0 0.70710676908493042
vn 0.92978829145431519 0 0.36809471249580383
vn 0.92978829145431519 0 0.36809471249580383
vn 1 0 0
vn 1 0 0
vn 0 1 0
vn 0 1 0
vn 0 1 0
vn 0 1 0
vn 0 1 0
vn 0 1 0
vn 0 1 0
vn 0 1 0
vn 0 1 0
vn 0 1 0
vn 0 1 0
vn 0 1 0
vn 0 1 0
vn 0 1 0
vn 0 1 0
vn 0 1 0
vn 0 1 0
vn 0 1 0
vn 0 1 0
vn 0 1 0
vn 0 -1 0
vn 0 -1 0
vn 0 -1 0
vn 0 -1 0
vn 0 -1 0
vn 0 -1 0
vn 0 -1 0
vn 0 -1 0
vn 0 -1 0
vn 0 -1 0
vn 0 -1 0
vn 0 -1 0
vn 0 -1 0
vn 0 -1 0
vn 0 -1 0
vn 0 -1 0
vn 0 -1 0
vn 0 -1 0
vn 0 -1 0
vn 0 -1 0
f 1801/1801/1801 1803/1803/1803 1804/1804/1804 1802/1802/1802
f 1805/1805/1805 1807/1807/1807 1808/1808/1808 1806/1806/1806
f 1809/1809/1809 1811/1811/1811 1812/1812/1812 1810/1810/1810
f 1813/1813/1813 1815/1815/1815 1816/1816/1816 1814/1814/1814
f 1817/1817/1817 1819/1819/1819 1820/1820/1820 1818/1818/1818
f 1819/1819/1819 1821/1821/1821 1822/1822/1822 1820/1820/1820
f 1821/1821/1821 1823/1823/1823 1824/1824/1824 1822/1822/1822
f 1823/1823/1823 1825/1825/1825 1826/1826/1826 1824/1824/1824
f 1825/1825/1825 1827/1827/1827 1828/1828/1828 1826/1826/1826
f 1827/1827/1827 1829/1829/1829 1830/1830/1830 1828/1828/1828
f 1829/1829/1829 1831/1831/1831 1832/1832/1832 1830/1830/1830
f 1831/1831/1831 1833/1833/1833 1834/1834/1834 1832/1832/1832
f 1833/1833/1833 1835/1835/1835 1836/1836/1836 1834/1834/1834
f 1835/1835/1835 1837/1837/1837 1838/1838/1838 1836/1836/1836
f 1837/1837/1837 1839/1839/1839 1840/1840/1840 1838/1838/1838
f 1839/1839/1839 1841/1841/1841 1842/1842/1842 1840/1840/1840
f 1841/1841/1841 1843/1843/1843 1844/1844/1844 1842/1842/1842
f 1843/1843/1843 1845/1845/1845 1846/1846/1846 1844/1844/1844
f 1845/1845/1845 1847/1847/1847 1848/1848/1848 1846/1846/1846
f 1847/1847/1847 1849/1849/1849 1850/1850/1850 1848/1848/1848
f 1852/1852/1852 1858/1858/1858 1853/1853/1853
f 1857/1857/1857 1853/1853/1853 1858/1858/1858
f 1853/1853/1853 1857/1857/1857 1856/1856/1856
f 1853/1853/1853 1856/1856/1856 1855/1855/1855
f 1855/1855/1855 1870/1870/1870 1853/1853/1853
f 1860/1860/1860 1859/1859/1859 1852/1852/1852
f 1858/1858/1858 1852/1852/1852 1859/1859/1859
f 1852/1852/1852 1862/1862/1862 1861/1861/1861
f 1852/1852/1852 1861/1861/1861 1860/1860/1860
f 1851/1851/1851 1862/1862/1862 1852/1852/1852
f 1854/1854/1854 1870/1870/1870 1869/1869/1869
f 1867/1867/1867 1854/1854/1854 1868/1868/1868
f 1869/1869/1869 1868/1868/1868 1854/1854/1854
f 1866/1866/1866 1854/1854/1854 1867/1867/1867
f 1854/1854/1854 1853/1853/1853 1870/1870/1870
f 1851/1851/1851 1864/1864/1864 1863/1863/1863
f 1851/1851/1851 1866/1866/1866 1865/1865/1865
f 1854/1854/1854 1866/1866/1866 1851/1851/1851
f 1864/1864/1864 1851/1851/1851 1865/1865/1865
f 1862/1862/1862 1851/1851/1851 1863/1863/1863
f 1872/1872/1872 1873/1873/1873 1878/1878/1878
f 1877/1877/1877 1878/1878/1878 1873/1873/1873
f 1873/1873/1873 1876/1876/1876 1877/1877/1877
f 1873/1873/1873 1875/1875/1875 1876/1876/1876
f 1875/1875/1875 1873/1873/1873 1890/1890/1890
f 1880/1880/1880 1872/1872/1872 1879/1879/1879
f 1878/1878/1878 1879/1879/1879 1872/1872/1872
f 1872/1872/1872 1881/1881/1881 1882/1882/1882
f 1872/1872/1872 1880/1880/1880 1881/1881/1881
f 1871/1871/1871 1872/1872/1872 1882/1882/1882
f 1874/1874/1874 1889/1889/1889 1890/1890/1890
f 1887/1887/1887 1888/1888/1888 1874/1874/1874
f 1889/1889/1889 1874/1874/1874 1888/1888/1888
f 1886/1886/1886 1887/1887/1887 1874/1874/1874
f 1874/1874/1874 1890/1890/1890 1873/1873/1873
f 1871/1871/1871 1883/1883/1883 1884/1884/1884
f 1871/1871/1871 1885/1885/1885 1886/1886/1886
f 1874/1874/1874 1871/1871/1871 1886/1886/1886
f 1884/1884/1884 1885/1885/1885 1871/1871/1871
f 1882/1882/1882 1883/1883/1883 1871/1871/1871
usemtl diffuse_Black
v 3867.107177734375 -68 -2288.0703125
v 3867.107177734375 -70 -2288.0703125
v 3815.1728515625 -68 -2158.0595703125
v 3815.1728515625 -70 -2158.0595703125
v 3815.1728515625 -68 -2158.0595703125
v 3815.1728515625 -70 -2158.0595703125
v 3685.161865234375 -68 -2209.993896484375
v 3685.161865234375 -70 -2209.993896484375
v 3685.161865234375 -68 -2209.993896484375
v 3685.161865234375 -70 -2209.993896484375
v 3737.09619140625 -68 -2340.004638671875
v 3737.09619140625 -70 -2340.004638671875
v 3737.09619140625 -68 -2340.004638671875
v 3737.09619140625 -70 -2340.004638671875
v 3867.107177734375 -68 -2288.0703125
v 3867.107177734375 -70 -2288.0703125
v 3716.134521484375 -68 -2249.031982421875
v 3716.134521484375 -70 -2249.031982421875
v 3720.34716796875 -68 -2226.9462890625
v 3720.34716796875 -70 -2226.9462890625
v 3733.7080078125 -68 -2206.605712890625
v 3733.7080078125 -70 -2206.605712890625
v 3754.048828125 -68 -2193.244873046875
v 3754.048828125 -70 -2193.244873046875
v 3776.134521484375 -68 -2189.031982421875
v 3776.134521484375 -70 -2189.031982421875
v 3798.22021484375 -68 -2193.244873046875
v 3798.22021484375 -70 -2193.244873046875
v 3818.56103515625 -68 -2206.605712890625
v 3818.56103515625 -70 -2206.605712890625
v 3831.921875 -68 -2226.9462890625
v 3831.921875 -70 -2226.9462890625
v 3836.134521484375 -68 -2249.031982421875
v 3836.134521484375 -70 -2249.031982421875
v 3831.921875 -68 -2271.11767578125
v 3831.921875 -70 -2271.11767578125
v 3818.56103515625 -68 -2291.45849609375
v 3818.56103515625 -70 -2291.45849609375
v 3798.22021484375 -68 -2304.8193359375
v 3798.22021484375 -70 -2304.8193359375
v 3776.134521484375 -68 -2309.031982421875
v 3776.134521484375 -70 -2309.031982421875
v 3754.048828125 -68 -2304.8193359375
v 3754.048828125 -70 -2304.8193359375
v 3733.7080078125 -68 -2291.45849609375
v 3733.7080078125 -70 -2291.45849609375
v 3720.34716796875 -68 -2271.11767578125
v 3720.34716796875 -70 -2271.11767578125
v 3716.134521484375 -68 -2249.031982421875
v 3716.134521484375 -70 -2249.031982421875
v 3867.107177734375 -68 -2288.0703125
v 3815.1728515625 -68 -2158.0595703125
v 3685.161865234375 -68 -2209.993896484375
v 3737.09619140625 -68 -2340.004638671875
v 3716.134521484375 -68 -2249.031982421875
v 3720.34716796875 -68 -2226.9462890625
v 3733.7080078125 -68 -2206.605712890625
v 3754.048828125 -68 -2193.244873046875
v 3776.134521484375 -68 -2189.031982421875
v 3798.22021484375 -68 -2193.244873046875
v 3818.56103515625 -68 -2206.605712890625
v 3831.921875 -68 -2226.9462890625
v 3836.134521484375 -68 -2249.031982421875
v 3831.921875 -68 -2271.11767578125
v 3818.56103515625 -68 -2291.45849609375
v 3798.22021484375 -68 -2304.8193359375
v 3776.134521484375 -68 -2309.031982421875
v 3754.048828125 -68 -2304.8193359375
v 3733.7080078125 -68 -2291.45849609375
v 3720.34716796875 -68 -2271.11767578125
v 3867.107177734375 -70 -2288.0703125
v 3815.1728515625 -70 -2158.0595703125
v 3685.161865234375 -70 -2209.993896484375
v 3737.09619140625 -70 -2340.004638671875
v 3716.134521484375 -70 -2249.031982421875
v 3720.34716796875 -70 -2226.9462890625
v 3733.7080078125 -70 -2206.605712890625
v 3754.048828125 -70 -2193.244873046875
v 3776.134521484375 -70 -2189.031982421875
v 3798.22021484375 -70 -2193.244873046875
v 3818.56103515625 -70 -2206.605712890625
v 3831.921875 -70 -2226.9462890625
v 3836.134521484375 -70 -2249.031982421875
v 3831.921875 -70 -2271.11767578125
v 3818.56103515625 -70 -2291.45849609375
v 3798.22021484375 -70 -2304.8193359375
v 3776.134521484375 -70 -2309.031982421875
v 3754.048828125 -70 -2304.8193359375
v 3733.7080078125 -70 -2291.45849609375
v 3720.34716796875 -70 -2271.11767578125
vt 0 0
vt 0 0.50354582071304321
vt 0.0026247331406921148 0
vt 0.0026247331406921148 0.50354582071304321
vt 0.0026247331406921148 0
vt 0.0026247331406921148 0.50354582071304321
vt 0.0052494662813842297 0
vt 0.0052494662813842297 0.50354582071304321
vt 0.0052494662813842297 0
vt 0.0052494662813842297 0.50354582071304321
vt 0.0078741991892457008 0
vt 0.0078741991892457008 0.50354582071304321
vt 0.0078741991892457008 0
vt 0.0078741991892457008 0.50354582071304321
vt 0.010498932562768459 0
vt 0.010498932562768459 0.50354582071304321
vt 0.010498932562768459 0
vt 0.010498932562768459 0.50354582071304321
vt 0.072342745959758759 0
vt 0.072342745959758759 0.50354582071304321
vt 0.13418656587600708 0
vt 0.13418656587600708 0.50354582071304321
vt 0.1960303783416748 0
vt 0.1960303783416748 0.50354582071304321
vt 0.25787419080734253 0
vt 0.25787419080734253 0.50354582071304321
vt 0.31971800327301025 0
vt 0.31971800327301025 0.50354582071304321
vt 0.38156184554100037 0
vt 0.38156184554100037 0.50354582071304321
vt 0.44340565800666809 0
vt 0.44340565800666809 0.50354582071304321
vt 0.50524944067001343 0
vt 0.50524944067001343 0.50354582071304321
vt 0.56709325313568115 0
vt 0.56709325313568115 0.50354582071304321
vt 0.62893712520599365 0
vt 0.62893712520599365 0.50354582071304321
vt 0.69078093767166138 0
vt 0.69078093767166138 0.50354582071304321
vt 0.7526247501373291 0
vt 0.7526247501373291 0.50354582071304321
vt 0.81446856260299683 0
vt 0.81446856260299683 0.50354582071304321
vt 0.87631237506866455 0
vt 0.87631237506866455 0.50354582071304321
vt 0.93815618753433228 0
vt 0.93815618753433228 0.50354582071304321
vt 1 0
vt 1 0.50354582071304321
vt 0.14980281889438629 1
vt 0.14980281889438629 0.50354635715484619
vt 0 0.50354635715484619
vt 0 1
vt 0.015281028114259243 0.67284560203552246
vt 0.028233647346496582 0.60565733909606934
vt 0.049583941698074341 0.55624938011169434
vt 0.075099371373653412 0.53900831937789917
vt 0.098717480897903442 0.55418837070465088
vt 0.11899126321077347 0.5971139669418335
vt 0.13389989733695984 0.66786986589431763
vt 0.13910232484340668 0.75242918729782104
vt 0.13452179729938507 0.83070075511932373
vt 0.12156917899847031 0.89788901805877686
vt 0.10021888464689255 0.94729691743850708
vt 0.074703454971313477 0.96453803777694702
vt 0.051085341721773148 0.94935792684555054
vt 0.030811559408903122 0.90643233060836792
vt 0.01590292900800705 0.83567649126052856
vt 0.010700507089495659 0.75111711025238037
vt 0.14980281889438629 0.50354635715484619
vt 0.14980281889438629 1
vt 0 1
vt 0 0.50354635715484619
vt 0.015281028114259243 0.83070075511932373
vt 0.028233647346496582 0.89788901805877686
vt 0.049583941698074341 0.94729691743850708
vt 0.075099371373653412 0.96453803777694702
vt 0.098717480897903442 0.94935792684555054
vt 0.11899126321077347 0.90643233060836792
vt 0.13389989733695984 0.83567649126052856
vt 0.13910232484340668 0.75111711025238037
vt 0.13452179729938507 0.67284560203552246
vt 0.12156917899847031 0.60565733909606934
vt 0.10021888464689255 0.55624938011169434
vt 0.074703454971313477 0.53900831937789917
vt 0.051085341721773148 0.55418837070465088
vt 0.030811559408903122 0.5971139669418335
vt 0.01590292900800705 0.66786986589431763
vt 0.010700507089495659 0.75242918729782104
vn 0.92864888906478882 0 0.37095984816551208
vn 0.92864888906478882 0 0.37095984816551208
vn 0.92864888906478882 0 0.37095984816551208
vn 0.92864888906478882 0 0.37095984816551208
vn -0.37095984816551208 0 0.92864888906478882
vn -0.37095984816551208 0 0.92864888906478882
vn -0.37095984816551208 0 0.92864888906478882
vn -0.37095984816551208 0 0.92864888906478882
vn -0.92864888906478882 0 -0.37095984816551208
vn -0.92864888906478882 0 -0.37095984816551208
vn -0.92864888906478882 0 -0.37095984816551208
vn -0.92864888906478882 0 -0.37095984816551208
vn 0.37095984816551208 0 -0.92864888906478882
vn 0.37095984816551208 0 -0.92864888906478882
vn 0.37095984816551208 0 -0.92864888906478882
vn 0.37095984816551208 0 -0.92864888906478882
vn 1 0 0
vn 1 0 0
vn 0.92978829145431519 0 -0.36809471249580383
vn 0.92978829145431519 0 -0.36809471249580383
vn 0.70710676908493042 0 -0.70710676908493042
vn 0.70710676908493042 0 -0.70710676908493042
vn 0.36809471249580383 0 -0.92978829145431519
vn 0.36809471249580383 0 -0.92978829145431519
vn 0 0 -1
vn 0 0 -1
vn -0.36809471249580383 0 -0.92978829145431519
vn -0.36809471249580383 0 -0.92978829145431519
vn -0.70710676908493042 0 -0.70710676908493042
vn -0.70710676908493042 0 -0.70710676908493042
vn -0.92978829145431519 0 -0.36809471249580383
vn -0.92978829145431519 0 -0.36809471249580383
vn -1 0 0
vn -1 0 0
vn -0.92978829145431519 0 0.36809471249580383
vn -0.92978829145431519 0 0.36809471249580383
vn -0.70710676908493042 0 0.70710676908493042
vn -0.70710676908493042 0 0.70710676908493042
vn -0.36809471249580383 0 0.92978829145431519
vn -0.36809471249580383 0 0.92978829145431519
vn 0 0 1
vn 0 0 1
vn 0.36809471249580383 0 0.92978829145431519
vn 0.36809471249580383 0 0.92978829145431519
vn 0.70710676908493042 0 0.70710676908493042
vn 0.70710676908493042 0 0.70710676908493042
vn 0.92978829145431519 0 0.36809471249580383
vn 0.92978829145431519 0 0.36809471249580383
vn 1 0 0
vn 1 0 0
vn 0 1 0
vn 0 1 0
vn 0 1 0
vn 0 1 0
vn 0 1 0
vn 0 1 0
vn 0 1 0
vn 0 1 0
vn 0 1 0
vn 0 1 0
vn 0 1 0
vn 0 1 0
vn 0 1 0
vn 0 1 0
vn 0 1 0
vn 0 1 0
vn 0 1 0
vn 0 1 0
vn 0 1 0
vn 0 1 0
vn 0 -1 0
vn 0 -1 0
vn 0 -1 0
vn 0 -1 0
vn 0 -1 0
vn 0 -1 0
vn 0 -1 0
vn 0 -1 0
vn 0 -1 0
vn 0 -1 0
vn 0 -1 0
vn 0 -1 0
vn 0 -1 0
vn 0 -1 0
vn 0 -1 0
vn 0 -1 0
vn 0 -1 0
vn 0 -1 0
vn 0 -1 0
vn 0 -1 0
f 1891/1891/1891 1893/1893/1893 1894/1894/1894 1892/1892/1892
f 1895/1895/1895 1897/1897/1897 1898/1898/1898 1896/1896/1896
f 1899/1899/1899 1901/1901/1901 1902/1902/1902 1900/1900/1900
f 1903/1903/1903 1905/1905/1905 1906/1906/1906 1904/1904/1904
f 1907/1907/1907 1909/1909/1909 1910/1910/1910 1908/1908/1908
f 1909/1909/1909 1911/1911/1911 1912/1912/1912 1910/1910/1910
f 1911/1911/1911 1913/1913/1913 1914/1914/1914 1912/1912/1912
f 1913/1913/1913 1915/1915/1915 1916/1916/1916 1914/1914/1914
f 1915/1915/1915 1917/1917/1917 1918/1918/1918 1916/1916/1916
f 1917/1917/1917 1919/1919/1919 1920/1920/1920 1918/1918/1918
f 1919/1919/1919 1921/1921/1921 1922/1922/1922 1920/1920/1920
f 1921/1921/1921 1923/1923/1923 1924/1924/1924 1922/1922/1922
f 1923/1923/1923 1925/1925/1925 1926/1926/1926 1924/1924/1924
f 1925/1925/1925 1927/1927/1927 1928/1928/1928 1926/1926/1926
f 1927/1927/1927 1929/1929/1929 1930/1930/1930 1928/1928/1928
f 1929/1929/1929 1931/1931/1931 1932/1932/1932 1930/1930/1930
f 1931/1931/1931 1933/1933/1933 1934/1934/1934 1932/1932/1932
f 1933/1933/1933 1935/1935/1935 1936/1936/1936 1934/1934/1934
f 1935/1935/1935 1937/1937/1937 1938/1938/1938 1936/1936/1936
f 1937/1937/1937 1939/1939/1939 1940/1940/1940 1938/1938/1938
f 1960/1960/1960 1959/1959/1959 1944/1944/1944
f 1958/1958/1958 1944/1944/1944 1959/1959/1959
f 1944/1944/1944 1958/1958/1958 1957/1957/1957
f 1944/1944/1944 1957/1957/1957 1956/1956/1956
f 1956/1956/1956 1941/1941/1941 1944/1944/1944
f 1945/1945/1945 1960/1960/1960 1943/1943/1943
f 1944/1944/1944 1943/1943/1943 1960/1960/1960
f 1943/1943/1943 1947/1947/1947 1946/1946/1946
f 1943/1943/1943 1946/1946/1946 1945/1945/1945
f 1948/1948/1948 1947/1947/1947 1943/1943/1943
f 1941/1941/1941 1955/1955/1955 1954/1954/1954
f 1952/1952/1952 1941/1941/1941 1953/1953/1953
f 1954/1954/1954 1953/1953/1953 1941/1941/1941
f 1942/1942/1942 1941/1941/1941 1952/1952/1952
f 1941/1941/1941 1956/1956/1956 1955/1955/1955
f 1942/1942/1942 1949/1949/1949 1948/1948/1948
f 1942/1942/1942 1951/1951/1951 1950/1950/1950
f 1952/1952/1952 1951/1951/1951 1942/1942/1942
f 1949/1949/1949 1942/1942/1942 1950/1950/1950
f 1943/1943/1943 1942/1942/1942 1948/1948/1948
f 1980/1980/1980 1964/1964/1964 1979/1979/1979
f 1978/1978/1978 1979/1979/1979 1964/1964/1964
f 1964/1964/1964 1977/1977/1977 1978/1978/1978
f 1964/1964/1964 1976/1976/1976 1977/1977/1977
f 1976/1976/1976 1964/1964/1964 1961/1961/1961
f 1965/1965/1965 1963/1963/1963 1980/1980/1980
f 1964/1964/1964 1980/1980/1980 1963/1963/1963
f 1963/1963/1963 1966/1966/1966 1967/1967/1967
f 1963/1963/1963 1965/1965/1965 1966/1966/1966
f 1968/1968/1968 1963/1963/1963 1967/1967/1967
f 1961/1961/1961 1974/1974/1974 1975/1975/1975
f 1972/1972/1972 1973/1973/1973 1961/1961/1961
f 1974/1974/1974 1961/1961/1961 1973/1973/1973
f 1962/1962/1962 1972/1972/1972 1961/1961/1961
f 1961/1961/1961 1975/1975/1975 1976/1976/1976
f 1962/1962/1962 1968/1968/1968 1969/1969/1969
f 1962/1962/1962 1970/1970/1970 1971/1971/1971
f 1972/1972/1972 1962/1962/1962 1971/1971/1971
f 1969/1969/1969 1970/1970/1970 1962/1962/1962
f 1963/1963/1963 1968/1968/1968 1962/1962/1962
usemtl diffuse_Black
v 3863.242431640625 -80 -2278.3955078125
v 3863.242431640625 -82 -2278.3955078125
v 3805.498046875 -80 -2161.924072265625
v 3805.498046875 -82 -2161.924072265625
v 3805.498046875 -80 -2161.924072265625
v 3805.498046875 -82 -2161.924072265625
v 3689.026611328125 -80 -2219.668701171875
v 3689.026611328125 -82 -2219.668701171875
v 3689.026611328125 -80 -2219.668701171875
v 3689.026611328125 -82 -2219.668701171875
v 3746.77099609375 -80 -2336.139892578125
v 3746.77099609375 -82 -2336.139892578125
v 3746.77099609375 -80 -2336.139892578125
v 3746.77099609375 -82 -2336.139892578125
v 3863.242431640625 -80 -2278.3955078125
v 3863.242431640625 -82 -2278.3955078125
v 3721.134521484375 -80 -2249.031982421875
v 3721.134521484375 -82 -2249.031982421875
v 3724.99609375 -80 -2228.786865234375
v 3724.99609375 -82 -2228.786865234375
v 3737.24365234375 -80 -2210.14111328125
v 3737.24365234375 -82 -2210.14111328125
v 3755.889404296875 -80 -2197.893798828125
v 3755.889404296875 -82 -2197.893798828125
v 3776.134521484375 -80 -2194.031982421875
v 3776.134521484375 -82 -2194.031982421875
v 3796.379638671875 -80 -2197.893798828125
v 3796.379638671875 -82 -2197.893798828125
v 3815.025390625 -80 -2210.14111328125
v 3815.025390625 -82 -2210.14111328125
v 3827.27294921875 -80 -2228.786865234375
v 3827.27294921875 -82 -2228.786865234375
v 3831.134521484375 -80 -2249.031982421875
v 3831.134521484375 -82 -2249.031982421875
v 3827.27294921875 -80 -2269.27734375
v 3827.27294921875 -82 -2269.27734375
v 3815.025390625 -80 -2287.9228515625
v 3815.025390625 -82 -2287.9228515625
v 3796.379638671875 -80 -2300.17041015625
v 3796.379638671875 -82 -2300.17041015625
v 3776.134521484375 -80 -2304.031982421875
v 3776.134521484375 -82 -2304.031982421875
v 3755.889404296875 -80 -2300.17041015625
v 3755.889404296875 -82 -2300.17041015625
v 3737.24365234375 -80 -2287.9228515625
v 3737.24365234375 -82 -2287.9228515625
v 3724.99609375 -80 -2269.27734375
v 3724.99609375 -82 -2269.27734375
v 3721.134521484375 -80 -2249.031982421875
v 3721.134521484375 -82 -2249.031982421875
v 3863.242431640625 -80 -2278.3955078125
v 3805.498046875 -80 -2161.924072265625
v 3689.026611328125 -80 -2219.668701171875
v 3746.77099609375 -80 -2336.139892578125
v 3721.134521484375 -80 -2249.031982421875
v 3724.99609375 -80 -2228.786865234375
v 3737.24365234375 -80 -2210.14111328125
v 3755.889404296875 -80 -2197.893798828125
v 3776.134521484375 -80 -2194.031982421875
v 3796.379638671875 -80 -2197.893798828125
v 3815.025390625 -80 -2210.14111328125
v 3827.27294921875 -80 -2228.786865234375
v 3831.134521484375 -80 -2249.031982421875
v 3827.27294921875 -80 -2269.27734375
v 3815.025390625 -80 -2287.9228515625
v 3796.379638671875 -80 -2300.17041015625
v 3776.134521484375 -80 -2304.031982421875
v 3755.889404296875 -80 -2300.17041015625
v 3737.24365234375 -80 -2287.9228515625
v 3724.99609375 -80 -2269.27734375
v 3863.242431640625 -82 -2278.3955078125
v 3805.498046875 -82 -2161.924072265625
v 3689.026611328125 -82 -2219.668701171875
v 3746.77099609375 -82 -2336.139892578125
v 3721.134521484375 -82 -2249.031982421875
v 3724.99609375 -82 -2228.786865234375
v 3737.24365234375 -82 -2210.14111328125
v 3755.889404296875 -82 -2197.893798828125
v 3776.134521484375 -82 -2194.031982421875
v 3796.379638671875 -82 -2197.893798828125
v 3815.025390625 -82 -2210.14111328125
v 3827.27294921875 -82 -2228.786865234375
v 3831.134521484375 -82 -2249.031982421875
v 3827.27294921875 -82 -2269.27734375
v 3815.025390625 -82 -2287.9228515625
v 3796.379638671875 -82 -2300.17041015625
v 3776.134521484375 -82 -2304.031982421875
v 3755.889404296875 -82 -2300.17041015625
v 3737.24365234375 -82 -2287.9228515625
v 3724.99609375 -82 -2269.27734375
vt 0 0
vt 0 0.50381654500961304
vt 0.0028606147971004248 0
vt 0.0028606147971004248 0.50381654500961304
vt 0.0028606147971004248 0
vt 0.0028606147971004248 0.50381654500961304
vt 0.0057212295942008495 0
vt 0.0057212295942008495 0.50381654500961304
vt 0.0057212295942008495 0
vt 0.0057212295942008495 0.50381654500961304
vt 0.0085818450897932053 0
vt 0.0085818450897932053 0.50381654500961304
vt 0.0085818450897932053 0
vt 0.0085818450897932053 0.50381654500961304
vt 0.011442459188401699 0
vt 0.011442459188401699 0.50381654500961304
vt 0.011442459188401699 0
vt 0.011442459188401699 0.50381654500961304
vt 0.073227308690547943 0
vt 0.073227308690547943 0.50381654500961304
vt 0.13501214981079102 0
vt 0.13501214981079102 0.50381654500961304
vt 0.19679699838161469 0
vt 0.19679699838161469 0.50381654500961304
vt 0.25858184695243835 0
vt 0.25858184695243835 0.50381654500961304
vt 0.32036668062210083 0
vt 0.32036668062210083 0.50381654500961304
vt 0.38215154409408569 0
vt 0.38215154409408569 0.50381654500961304
vt 0.44393637776374817 0
vt 0.44393637776374817 0.50381654500961304
vt 0.50572121143341064 0
vt 0.50572121143341064 0.50381654500961304
vt 0.56750607490539551 0
vt 0.56750607490539551 0.50381654500961304
vt 0.62929093837738037 0
vt 0.62929093837738037 0.50381654500961304
vt 0.69107574224472046 0
vt 0.69107574224472046 0.50381654500961304
vt 0.75286060571670532 0
vt 0.75286060571670532 0.50381654500961304
vt 0.81464546918869019 0
vt 0.81464546918869019 0.50381654500961304
vt 0.87643033266067505 0
vt 0.87643033266067505 0.50381654500961304
vt 0.93821513652801514 0
vt 0.93821513652801514 0.50381654500961304
vt 1 0
vt 1 0.50381654500961304
vt 0.15057653188705444 0.50381702184677124
vt 0 0.50381702184677124
vt 0 1
vt 0.15057653188705444 1
vt 0.046991061419248581 0.93998610973358154
vt 0.027968535199761391 0.89245766401290894
vt 0.01492039579898119 0.81896489858627319
vt 0.011803751811385155 0.73444026708602905
vt 0.018212411552667618 0.65866297483444214
vt 0.032635856419801712 0.59597957134246826
vt 0.05493868887424469 0.55298304557800293
vt 0.080589354038238525 0.5427129864692688
vt 0.10358547419309616 0.56383097171783447
vt 0.1226079985499382 0.61135941743850708
vt 0.13565613329410553 0.68485218286514282
vt 0.13877278566360474 0.76937675476074219
vt 0.13236412405967712 0.8451540470123291
vt 0.11794067919254303 0.90783751010894775
vt 0.095637843012809753 0.95083397626876831
vt 0.069987177848815918 0.96110403537750244
vt 0.15057653188705444 1
vt 0 1
vt 0 0.50381702184677124
vt 0.15057653188705444 0.50381702184677124
vt 0.046991061419248581 0.56383097171783447
vt 0.027968535199761391 0.61135941743850708
vt 0.01492039579898119 0.68485218286514282
vt 0.011803751811385155 0.76937675476074219
vt 0.018212411552667618 0.8451540470123291
vt 0.032635856419801712 0.90783751010894775
vt 0.05493868887424469 0.95083397626876831
vt 0.080589354038238525 0.96110403537750244
vt 0.10358547419309616 0.93998610973358154
vt 0.1226079985499382 0.89245766401290894
vt 0.13565613329410553 0.81896489858627319
vt 0.13877278566360474 0.73444026708602905
vt 0.13236412405967712 0.65866297483444214
vt 0.11794067919254303 0.59597957134246826
vt 0.095637843012809753 0.55298304557800293
vt 0.069987177848815918 0.5427129864692688
vn 0.89593356847763062 0 0.44418808817863464
vn 0.89593356847763062 0 0.44418808817863464
vn 0.89593356847763062 0 0.44418808817863464
vn 0.89593356847763062 0 0.44418808817863464
vn -0.44418808817863464 0 0.89593356847763062
vn -0.44418808817863464 0 0.89593356847763062
vn -0.44418808817863464 0 0.89593356847763062
vn -0.44418808817863464 0 0.89593356847763062
vn -0.89593356847763062 0 -0.44418808817863464
vn -0.89593356847763062 0 -0.44418808817863464
vn -0.89593356847763062 0 -0.44418808817863464
vn -0.89593356847763062 0 -0.44418808817863464
vn 0.44418808817863464 0 -0.89593356847763062
vn 0.44418808817863464 0 -0.89593356847763062
vn 0.44418808817863464 0 -0.89593356847763062
vn 0.44418808817863464 0 -0.89593356847763062
vn 1 0 0
vn 1 0 0
vn 0.92978829145431519 0 -0.36809471249580383
vn 0.92978829145431519 0 -0.36809471249580383
vn 0.70710676908493042 0 -0.70710676908493042
vn 0.70710676908493042 0 -0.70710676908493042
vn 0.36809471249580383 0 -0.92978829145431519
vn 0.36809471249580383 0 -0.92978829145431519
vn 0 0 -1
vn 0 0 -1
vn -0.36809471249580383 0 -0.92978829145431519
vn -0.36809471249580383 0 -0.92978829145431519
vn -0.70710676908493042 0 -0.70710676908493042
vn -0.70710676908493042 0 -0.70710676908493042
vn -0.92978829145431519 0 -0.36809471249580383
vn -0.92978829145431519 0 -0.36809471249580383
vn -1 0 0
vn -1 0 0
vn -0.92978829145431519 0 0.36809471249580383
vn -0.92978829145431519 0 0.36809471249580383
vn -0.70710676908493042 0 0.70710676908493042
vn -0.70710676908493042 0 0.70710676908493042
vn -0.36809471249580383 0 0.92978829145431519
vn -0.36809471249580383 0 0.92978829145431519
vn 0 0 1
vn 0 0 1
vn 0.36809471249580383 0 0.92978829145431519
vn 0.36809471249580383 0 0.92978829145431519
vn 0.70710676908493042 0 0.70710676908493042
vn 0.70710676908493042 0 0.70710676908493042
vn 0.92978829145431519 0 0.36809471249580383
vn 0.92978829145431519 0 0.36809471249580383
vn 1 0 0
vn 1 0 0
vn 0 1 0
vn 0 1 0
vn 0 1 0
vn 0 1 0
vn 0 1 0
vn 0 1 0
vn 0 1 0
vn 0 1 0
vn 0 1 0
vn 0 1 0
vn 0 1 0
vn 0 1 0
vn 0 1 0
vn 0 1 0
vn 0 1 0
vn 0 1 0
vn 0 1 0
vn 0 1 0
vn 0 1 0
vn 0 1 0
vn 0 -1 0
vn 0 -1 0
vn 0 -1 0
vn 0 -1 0
vn 0 -1 0
vn 0 -1 0
vn 0 -1 0
vn 0 -1 0
vn 0 -1 0
vn 0 -1 0
vn 0 -1 0
vn 0 -1 0
vn 0 -1 0
vn 0 -1 0
vn 0 -1 0
vn 0 -1 0
vn 0 -1 0
vn 0 -1 0
vn 0 -1 0
vn 0 -1 0
f 1981/1981/1981 1983/1983/1983 1984/1984/1984 1982/1982/1982
f 1985/1985/1985 1987/1987/1987 1988/1988/1988 1986/1986/1986
f 1989/1989/1989 1991/1991/1991 1992/1992/1992 1990/1990/1990
f 1993/1993/1993 1995/1995/1995 1996/1996/1996 1994/1994/1994
f 1997/1997/1997 1999/1999/1999 2000/2000/2000 1998/1998/1998
f 1999/1999/1999 2001/2001/2001 2002/2002/2002 2000/2000/2000
f 2001/2001/2001 2003/2003/2003 2004/2004/2004 2002/2002/2002
f 2003/2003/2003 2005/2005/2005 2006/2006/2006 2004/2004/2004
f 2005/2005/2005 2007/2007/2007 2008/2008/2008 2006/2006/2006
f 2007/2007/2007 2009/2009/2009 2010/2010/2010 2008/2008/2008
f 2009/2009/2009 2011/2011/2011 2012/2012/2012 2010/2010/2010
f 2011/2011/2011 2013/2013/2013 2014/2014/2014 2012/2012/2012
f 2013/2013/2013 2015/2015/2015 2016/2016/2016 2014/2014/2014
f 2015/2015/2015 2017/2017/2017 2018/2018/2018 2016/2016/2016
f 2017/2017/2017 2019/2019/2019 2020/2020/2020 2018/2018/2018
f 2019/2019/2019 2021/2021/2021 2022/2022/2022 2020/2020/2020
f 2021/2021/2021 2023/2023/2023 2024/2024/2024 2022/2022/2022
f 2023/2023/2023 2025/2025/2025 2026/2026/2026 2024/2024/2024
f 2025/2025/2025 2027/2027/2027 2028/2028/2028 2026/2026/2026
f 2027/2027/2027 2029/2029/2029 2030/2030/2030 2028/2028/2028
f 2038/2038/2038 2037/2037/2037 2033/2033/2033
f 2036/2036/2036 2033/2033/2033 2037/2037/2037
f 2033/2033/2033 2036/2036/2036 2035/2035/2035
f 2033/2033/2033 2035/2035/2035 2050/2050/2050
f 2050/2050/2050 2034/2034/2034 2033/2033/2033
f 2039/2039/2039 2038/2038/2038 2032/2032/2032
f 2033/2033/2033 2032/2032/2032 2038/2038/2038
f 2032/2032/2032 2041/2041/2041 2040/2040/2040
f 2032/2032/2032 2040/2040/2040 2039/2039/2039
f 2042/2042/2042 2041/2041/2041 2032/2032/2032
f 2034/2034/2034 2049/2049/2049 2048/2048/2048
f 2046/2046/2046 2034/2034/2034 2047/2047/2047
f 2048/2048/2048 2047/2047/2047 2034/2034/2034
f 2031/2031/2031 2034/2034/2034 2046/2046/2046
f 2034/2034/2034 2050/2050/2050 2049/2049/2049
f 2031/2031/2031 2043/2043/2043 2042/2042/2042
f 2031/2031/2031 2045/2045/2045 2044/2044/2044
f 2046/2046/2046 2045/2045/2045 2031/2031/2031
f 2043/2043/2043 2031/2031/2031 2044/2044/2044
f 2032/2032/2032 2031/2031/2031 2042/2042/2042
f 2058/2058/2058 2053/2053/2053 2057/2057/2057
f 2056/2056/2056 2057/2057/2057 2053/2053/2053
f 2053/2053/2053 2055/2055/2055 2056/2056/2056
f 2053/2053/2053 2070/2070/2070 2055/2055/2055
f 2070/2070/2070 2053/2053/2053 2054/2054/2054
f 2059/2059/2059 2052/2052/2052 2058/2058/2058
f 2053/2053/2053 2058/2058/2058 2052/2052/2052
f 2052/2052/2052 2060/2060/2060 2061/2061/2061
f 2052/2052/2052 2059/2059/2059 2060/2060/2060
f 2062/2062/2062 2052/2052/2052 2061/2061/2061
f 2054/2054/2054 2068/2068/2068 2069/2069/2069
f 2066/2066/2066 2067/2067/2067 2054/2054/2054
f 2068/2068/2068 2054/2054/2054 2067/2067/2067
f 2051/2051/2051 2066/2066/2066 2054/2054/2054
f 2054/2054/2054 2069/2069/2069 2070/2070/2070
f 2051/2051/2051 2062/2062/2062 2063/2063/2063
f 2051/2051/2051 2064/2064/2064 2065/2065/2065
f 2066/2066/2066 2051/2051/2051 2065/2065/2065
f 2063/2063/2063 2064/2064/2064 2051/2051/2051
f 2052/2052/2052 2062/2062/2062 2051/2051/2051
usemtl diffuse_Black
v 3853.130615234375 -104 -2260.06005859375
v 3853.130615234375 -106 -2260.06005859375
v 3787.162353515625 -104 -2172.0361328125
v 3787.162353515625 -106 -2172.0361328125
v 3787.162353515625 -104 -2172.0361328125
v 3787.162353515625 -106 -2172.0361328125
v 3699.138427734375 -104 -2238.004150390625
v 3699.138427734375 -106 -2238.004150390625
v 3699.138427734375 -104 -2238.004150390625
v 3699.138427734375 -106 -2238.004150390625
v 3765.106689453125 -104 -2326.028076171875
v 3765.106689453125 -106 -2326.028076171875
v 3765.106689453125 -104 -2326.028076171875
v 3765.106689453125 -106 -2326.028076171875
v 3853.130615234375 -104 -2260.06005859375
v 3853.130615234375 -106 -2260.06005859375
v 3731.134521484375 -104 -2249.031982421875
v 3731.134521484375 -106 -2249.031982421875
v 3734.2939453125 -104 -2232.4677734375
v 3734.2939453125 -106 -2232.4677734375
v 3744.314697265625 -104 -2217.212158203125
v 3744.314697265625 -106 -2217.212158203125
v 3759.5703125 -104 -2207.191650390625
v 3759.5703125 -106 -2207.191650390625
v 3776.134521484375 -104 -2204.031982421875
v 3776.134521484375 -106 -2204.031982421875
v 3792.69873046875 -104 -2207.191650390625
v 3792.69873046875 -106 -2207.191650390625
v 3807.954345703125 -104 -2217.212158203125
v 3807.954345703125 -106 -2217.212158203125
v 3817.97509765625 -104 -2232.4677734375
v 3817.97509765625 -106 -2232.4677734375
v 3821.134521484375 -104 -2249.031982421875
v 3821.134521484375 -106 -2249.031982421875
v 3817.97509765625 -104 -2265.596435546875
v 3817.97509765625 -106 -2265.596435546875
v 3807.954345703125 -104 -2280.851806640625
v 3807.954345703125 -106 -2280.851806640625
v 3792.69873046875 -104 -2290.87255859375
v 3792.69873046875 -106 -2290.87255859375
v 3776.134521484375 -104 -2294.031982421875
v 3776.134521484375 -106 -2294.031982421875
v 3759.5703125 -104 -2290.87255859375
v 3759.5703125 -106 -2290.87255859375
v 3744.314697265625 -104 -2280.851806640625
v 3744.314697265625 -106 -2280.851806640625
v 3734.2939453125 -104 -2265.596435546875
v 3734.2939453125 -106 -2265.596435546875
v 3731.134521484375 -104 -2249.031982421875
v 3731.134521484375 -106 -2249.031982421875
v 3853.130615234375 -104 -2260.06005859375
v 3787.162353515625 -104 -2172.0361328125
v 3699.138427734375 -104 -2238.004150390625
v 3765.106689453125 -104 -2326.028076171875
v 3731.134521484375 -104 -2249.031982421875
v 3734.2939453125 -104 -2232.4677734375
v 3744.314697265625 -104 -2217.212158203125
v 3759.5703125 -104 -2207.191650390625
v 3776.134521484375 -104 -2204.031982421875
v 3792.69873046875 -104 -2207.191650390625
v 3807.954345703125 -104 -2217.212158203125
v 3817.97509765625 -104 -2232.4677734375
v 3821.134521484375 -104 -2249.031982421875
v 3817.97509765625 -104 -2265.596435546875
v 3807.954345703125 -104 -2280.851806640625
v 3792.69873046875 -104 -2290.87255859375
v 3776.134521484375 -104 -2294.031982421875
v 3759.5703125 -104 -2290.87255859375
v 3744.314697265625 -104 -2280.851806640625
v 3734.2939453125 -104 -2265.596435546875
v 3853.130615234375 -106 -2260.06005859375
v 3787.162353515625 -106 -2172.0361328125
v 3699.138427734375 -106 -2238.004150390625
v 3765.106689453125 -106 -2326.028076171875
v 3731.134521484375 -106 -2249.031982421875
v 3734.2939453125 -106 -2232.4677734375
v 3744.314697265625 -106 -2217.212158203125
v 3759.5703125 -106 -2207.191650390625
v 3776.134521484375 -106 -2204.031982421875
v 3792.69873046875 -106 -2207.191650390625
v 3807.954345703125 -106 -2217.212158203125
v 3817.97509765625 -106 -2232.4677734375
v 3821.134521484375 -106 -2249.031982421875
v 3817.97509765625 -106 -2265.596435546875
v 3807.954345703125 -106 -2280.851806640625
v 3792.69873046875 -106 -2290.87255859375
v 3776.134521484375 -106 -2294.031982421875
v 3759.5703125 -106 -2290.87255859375
v 3744.314697265625 -106 -2280.851806640625
v 3734.2939453125 -106 -2265.596435546875
vt 0 0
vt 0 0.50450426340103149
vt 0.0034874393604695797 0
vt 0.0034874393604695797 0.50450426340103149
vt 0.0034874393604695797 0
vt 0.0034874393604695797 0.50450426340103149
vt 0.0069748787209391594 0
vt 0.0069748787209391594 0.50450426340103149
vt 0.0069748787209391594 0
vt 0.0069748787209391594 0.50450426340103149
vt 0.010462317615747452 0
vt 0.010462317615747452 0.50450426340103149
vt 0.010462317615747452 0
vt 0.010462317615747452 0.50450426340103149
vt 0.013949757441878319 0
vt 0.013949757441878319 0.50450426340103149
vt 0.013949757441878319 0
vt 0.013949757441878319 0.50450426340103149
vt 0.075577899813652039 0
vt 0.075577899813652039 0.50450426340103149
vt 0.13720603287220001 0
vt 0.13720603287220001 0.50450426340103149
vt 0.19883418083190918 0
vt 0.19883418083190918 0.50450426340103149
vt 0.26046231389045715 0
vt 0.26046231389045715 0.50450426340103149
vt 0.32209044694900513 0
vt 0.32209044694900513 0.50450426340103149
vt 0.38371860980987549 0
vt 0.38371860980987549 0.50450426340103149
vt 0.44534674286842346 0
vt 0.44534674286842346 0.50450426340103149
vt 0.50697487592697144 0
vt 0.50697487592697144 0.50450426340103149
vt 0.5686030387878418 0
vt 0.5686030387878418 0.50450426340103149
vt 0.63023114204406738 0
vt 0.63023114204406738 0.50450426340103149
vt 0.69185930490493774 0
vt 0.69185930490493774 0.50450426340103149
vt 0.75348746776580811 0
vt 0.75348746776580811 0.50450426340103149
vt 0.81511557102203369 0
vt 0.81511557102203369 0.50450426340103149
vt 0.87674373388290405 0
vt 0.87674373388290405 0.50450426340103149
vt 0.93837183713912964 0
vt 0.93837183713912964 0.50450426340103149
vt 1 0
vt 1 0.50450426340103149
vt 0 0.5045047402381897
vt 0 1
vt 0.15258252620697021 1
vt 0.15258252620697021 0.5045047402381897
vt 0.12624092400074005 0.87381517887115479
vt 0.10895463079214096 0.92498725652694702
vt 0.085141196846961975 0.95290732383728027
vt 0.059871800243854523 0.94781637191772461
vt 0.038857288658618927 0.9144585132598877
vt 0.023099383339285851 0.85832315683364868
vt 0.014501695521175861 0.78099161386489868
vt 0.016069395467638969 0.69893193244934082
vt 0.026341591030359268 0.63068962097167969
vt 0.043627887964248657 0.57951748371124268
vt 0.06744132936000824 0.55159741640090942
vt 0.092710718512535095 0.55668836832046509
vt 0.11372523009777069 0.590046226978302
vt 0.12948313355445862 0.64618158340454102
vt 0.13808082044124603 0.72351318597793579
vt 0.1365131288766861 0.80557280778884888
vt 0 1
vt 0 0.5045047402381897
vt 0.15258252620697021 0.5045047402381897
vt 0.15258252620697021 1
vt 0.12624092400074005 0.63068962097167969
vt 0.10895463079214096 0.57951748371124268
vt 0.085141196846961975 0.55159741640090942
vt 0.059871800243854523 0.55668836832046509
vt 0.038857288658618927 0.590046226978302
vt 0.023099383339285851 0.64618158340454102
vt 0.014501695521175861 0.72351318597793579
vt 0.016069395467638969 0.80557280778884888
vt 0.026341591030359268 0.87381517887115479
vt 0.043627887964248657 0.92498725652694702
vt 0.06744132936000824 0.95290732383728027
vt 0.092710718512535095 0.94781637191772461
vt 0.11372523009777069 0.9144585132598877
vt 0.12948313355445862 0.85832315683364868
vt 0.13808082044124603 0.78099161386489868
vt 0.1365131288766861 0.69893193244934082
vn 0.80021744966506958 0 0.59970998764038086
vn 0.80021744966506958 0 0.59970998764038086
vn 0.80021744966506958 0 0.59970998764038086
vn 0.80021744966506958 0 0.59970998764038086
vn -0.59970998764038086 0 0.80021744966506958
vn -0.59970998764038086 0 0.80021744966506958
vn -0.59970998764038086 0 0.80021744966506958
vn -0.59970998764038086 0 0.80021744966506958
vn -0.80021744966506958 0 -0.59970998764038086
vn -0.80021744966506958 0 -0.59970998764038086
vn -0.80021744966506958 0 -0.59970998764038086
vn -0.80021744966506958 0 -0.59970998764038086
vn 0.59970998764038086 0 -0.80021744966506958
vn 0.59970998764038086 0 -0.80021744966506958
vn 0.59970998764038086 0 -0.80021744966506958
vn 0.59970998764038086 0 -0.80021744966506958
vn 1 0 0
vn 1 0 0
vn 0.92978829145431519 0 -0.36809471249580383
vn 0.92978829145431519 0 -0.36809471249580383
vn 0.70710676908493042 0 -0.70710676908493042
vn 0.70710676908493042 0 -0.70710676908493042
vn 0.36809471249580383 0 -0.92978829145431519
vn 0.36809471249580383 0 -0.92978829145431519
vn 0 0 -1
vn 0 0 -1
vn -0.36809471249580383 0 -0.92978829145431519
vn -0.36809471249580383 0 -0.92978829145431519
vn -0.70710676908493042 0 -0.70710676908493042
vn -0.70710676908493042 0 -0.70710676908493042
vn -0.92978829145431519 0 -0.36809471249580383
vn -0.92978829145431519 0 -0.36809471249580383
vn -1 0 0
vn -1 0 0
vn -0.92978829145431519 0 0.36809471249580383
vn -0.92978829145431519 0 0.36809471249580383
vn -0.70710676908493042 0 0.70710676908493042
vn -0.70710676908493042 0 0.70710676908493042
vn -0.36809471249580383 0 0.92978829145431519
vn -0.36809471249580383 0 0.92978829145431519
vn 0 0 1
vn 0 0 1
vn 0.36809471249580383 0 0.92978829145431519
vn 0.36809471249580383 0 0.92978829145431519
vn 0.70710676908493042 0 0.70710676908493042
vn 0.70710676908493042 0 0.70710676908493042
vn 0.92978829145431519 0 0.36809471249580383
vn 0.92978829145431519 0 0.36809471249580383
vn 1 0 0
vn 1 0 0
vn 0 1 0
vn 0 1 0
vn 0 1 0
vn 0 1 0
vn 0 1 0
vn 0 1 0
vn 0 1 0
vn 0 1 0
vn 0 1 0
vn 0 1 0
vn 0 1 0
vn 0 1 0
vn 0 1 0
vn 0 1 0
vn 0 1 0
vn 0 1 0
vn 0 1 0
vn 0 1 0
vn 0 1 0
vn 0 1 0
vn 0 -1 0
vn 0 -1 0
vn 0 -1 0
vn 0 -1 0
vn 0 -1 0
vn 0 -1 0
vn 0 -1 0
vn 0 -1 0
vn 0 -1 0
vn 0 -1 0
vn 0 -1 0
vn 0 -1 0
vn 0 -1 0
vn 0 -1 0
vn 0 -1 0
vn 0 -1 0
vn 0 -1 0
vn 0 -1 0
vn 0 -1 0
vn 0 -1 0
f 2071/2071/2071 2073/2073/2073 2074/2074/2074 2072/2072/2072
f 2075/2075/2075 2077/2077/2077 2078/2078/2078 2076/2076/2076
f 2079/2079/2079 2081/2081/2081 2082/2082/2082 2080/2080/2080
f 2083/2083/2083 2085/2085/2085 2086/2086/2086 2084/2084/2084
f 2087/2087/2087 2089/2089/2089 2090/2090/2090 2088/2088/2088
f 2089/2089/2089 2091/2091/2091 2092/2092/2092 2090/2090/2090
f 2091/2091/2091 2093/2093/2093 2094/2094/2094 2092/2092/2092
f 2093/2093/2093 2095/2095/2095 2096/2096/2096 2094/2094/2094
f 2095/2095/2095 2097/2097/2097 2098/2098/2098 2096/2096/2096
f 2097/2097/2097 2099/2099/2099 2100/2100/2100 2098/2098/2098
f 2099/2099/2099 2101/2101/2101 2102/2102/2102 2100/2100/2100
f 2101/2101/2101 2103/2103/2103 2104/2104/2104 2102/2102/2102
f 2103/2103/2103 2105/2105/2105 2106/2106/2106 2104/2104/2104
f 2105/2105/2105 2107/2107/2107 2108/2108/2108 2106/2106/2106
f 2107/2107/2107 2109/2109/2109 2110/2110/2110 2108/2108/2108
f 2109/2109/2109 2111/2111/2111 2112/2112/2112 2110/2110/2110
f 2111/2111/2111 2113/2113/2113 2114/2114/2114 2112/2112/2112
f 2113/2113/2113 2115/2115/2115 2116/2116/2116 2114/2114/2114
f 2115/2115/2115 2117/2117/2117 2118/2118/2118 2116/2116/2116
f 2117/2117/2117 2119/2119/2119 2120/2120/2120 2118/2118/2118
f 2121/2121/2121 2131/2131/2131 2122/2122/2122
f 2130/2130/2130 2122/2122/2122 2131/2131/2131
f 2122/2122/2122 2130/2130/2130 2129/2129/2129
f 2122/2122/2122 2129/2129/2129 2128/2128/2128
f 2128/2128/2128 2127/2127/2127 2122/2122/2122
f 2133/2133/2133 2132/2132/2132 2121/2121/2121
f 2131/2131/2131 2121/2121/2121 2132/2132/2132
f 2121/2121/2121 2135/2135/2135 2134/2134/2134
f 2121/2121/2121 2134/2134/2134 2133/2133/2133
f 2124/2124/2124 2135/2135/2135 2121/2121/2121
f 2123/2123/2123 2127/2127/2127 2126/2126/2126
f 2140/2140/2140 2123/2123/2123 2125/2125/2125
f 2126/2126/2126 2125/2125/2125 2123/2123/2123
f 2139/2139/2139 2123/2123/2123 2140/2140/2140
f 2123/2123/2123 2122/2122/2122 2127/2127/2127
f 2124/2124/2124 2137/2137/2137 2136/2136/2136
f 2124/2124/2124 2139/2139/2139 2138/2138/2138
f 2123/2123/2123 2139/2139/2139 2124/2124/2124
f 2137/2137/2137 2124/2124/2124 2138/2138/2138
f 2135/2135/2135 2124/2124/2124 2136/2136/2136
f 2141/2141/2141 2142/2142/2142 2151/2151/2151
f 2150/2150/2150 2151/2151/2151 2142/2142/2142
f 2142/2142/2142 2149/2149/2149 2150/2150/2150
f 2142/2142/2142 2148/2148/2148 2149/2149/2149
f 2148/2148/2148 2142/2142/2142 2147/2147/2147
f 2153/2153/2153 2141/2141/2141 2152/2152/2152
f 2151/2151/2151 2152/2152/2152 2141/2141/2141
f 2141/2141/2141 2154/2154/2154 2155/2155/2155
f 2141/2141/2141 2153/2153/2153 2154/2154/2154
f 2144/2144/2144 2141/2141/2141 2155/2155/2155
f 2143/2143/2143 2146/2146/2146 2147/2147/2147
f 2160/2160/2160 2145/2145/2145 2143/2143/2143
f 2146/2146/2146 2143/2143/2143 2145/2145/2145
f 2159/2159/2159 2160/2160/2160 2143/2143/2143
f 2143/2143/2143 2147/2147/2147 2142/2142/2142
f 2144/2144/2144 2156/2156/2156 2157/2157/2157
f 2144/2144/2144 2158/2158/2158 2159/2159/2159
f 2143/2143/2143 2144/2144/2144 2159/2159/2159
f 2157/2157/2157 2158/2158/2158 2144/2144/2144
f 2155/2155/2155 2156/2156/2156 2144/2144/2144
usemtl diffuse_Black
v 3858.597900390625 -92 -2269.02734375
v 3858.597900390625 -94 -2269.02734375
v 3796.129638671875 -92 -2166.56884765625
v 3796.129638671875 -94 -2166.56884765625
v 3796.129638671875 -92 -2166.56884765625
v 3796.129638671875 -94 -2166.56884765625
v 3693.671142578125 -92 -2229.036865234375
v 3693.671142578125 -94 -2229.036865234375
v 3693.671142578125 -92 -2229.036865234375
v 3693.671142578125 -94 -2229.036865234375
v 3756.139404296875 -92 -2331.495361328125
v 3756.139404296875 -94 -2331.495361328125
v 3756.139404296875 -92 -2331.495361328125
v 3756.139404296875 -94 -2331.495361328125
v 3858.597900390625 -92 -2269.02734375
v 3858.597900390625 -94 -2269.02734375
v 3726.134521484375 -92 -2249.031982421875
v 3726.134521484375 -94 -2249.031982421875
v 3729.64501953125 -92 -2230.62744140625
v 3729.64501953125 -94 -2230.62744140625
v 3740.779052734375 -92 -2213.6767578125
v 3740.779052734375 -94 -2213.6767578125
v 3757.729736328125 -92 -2202.542724609375
v 3757.729736328125 -94 -2202.542724609375
v 3776.134521484375 -92 -2199.031982421875
v 3776.134521484375 -94 -2199.031982421875
v 3794.539306640625 -92 -2202.542724609375
v 3794.539306640625 -94 -2202.542724609375
v 3811.48974609375 -92 -2213.6767578125
v 3811.48974609375 -94 -2213.6767578125
v 3822.6240234375 -92 -2230.62744140625
v 3822.6240234375 -94 -2230.62744140625
v 3826.134521484375 -92 -2249.031982421875
v 3826.134521484375 -94 -2249.031982421875
v 3822.6240234375 -92 -2267.436767578125
v 3822.6240234375 -94 -2267.436767578125
v 3811.48974609375 -92 -2284.387451171875
v 3811.48974609375 -94 -2284.387451171875
v 3794.539306640625 -92 -2295.521484375
v 3794.539306640625 -94 -2295.521484375
v 3776.134521484375 -92 -2299.031982421875
v 3776.134521484375 -94 -2299.031982421875
v 3757.729736328125 -92 -2295.521484375
v 3757.729736328125 -94 -2295.521484375
v 3740.779052734375 -92 -2284.387451171875
v 3740.779052734375 -94 -2284.387451171875
v 3729.64501953125 -92 -2267.436767578125
v 3729.64501953125 -94 -2267.436767578125
v 3726.134521484375 -92 -2249.031982421875
v 3726.134521484375 -94 -2249.031982421875
v 3858.597900390625 -92 -2269.02734375
v 3796.129638671875 -92 -2166.56884765625
v 3693.671142578125 -92 -2229.036865234375
v 3756.139404296875 -92 -2331.495361328125
v 3726.134521484375 -92 -2249.031982421875
v 3729.64501953125 -92 -2230.62744140625
v 3740.779052734375 -92 -2213.6767578125
v 3757.729736328125 -92 -2202.542724609375
v 3776.134521484375 -92 -2199.031982421875
v 3794.539306640625 -92 -2202.542724609375
v 3811.48974609375 -92 -2213.6767578125
v 3822.6240234375 -92 -2230.62744140625
v 3826.134521484375 -92 -2249.031982421875
v 3822.6240234375 -92 -2267.436767578125
v 3811.48974609375 -92 -2284.387451171875
v 3794.539306640625 -92 -2295.521484375
v 3776.134521484375 -92 -2299.031982421875
v 3757.729736328125 -92 -2295.521484375
v 3740.779052734375 -92 -2284.387451171875
v 3729.64501953125 -92 -2267.436767578125
v 3858.597900390625 -94 -2269.02734375
v 3796.129638671875 -94 -2166.56884765625
v 3693.671142578125 -94 -2229.036865234375
v 3756.139404296875 -94 -2331.495361328125
v 3726.134521484375 -94 -2249.031982421875
v 3729.64501953125 -94 -2230.62744140625
v 3740.779052734375 -94 -2213.6767578125
v 3757.729736328125 -94 -2202.542724609375
v 3776.134521484375 -94 -2199.031982421875
v 3794.539306640625 -94 -2202.542724609375
v 3811.48974609375 -94 -2213.6767578125
v 3822.6240234375 -94 -2230.62744140625
v 3826.134521484375 -94 -2249.031982421875
v 3822.6240234375 -94 -2267.436767578125
v 3811.48974609375 -94 -2284.387451171875
v 3794.539306640625 -94 -2295.521484375
v 3776.134521484375 -94 -2299.031982421875
v 3757.729736328125 -94 -2295.521484375
v 3740.779052734375 -94 -2284.387451171875
v 3729.64501953125 -94 -2267.436767578125
vt 0 0
vt 0 0.5041319727897644
vt 0.003143079811707139 0
vt 0.003143079811707139 0.5041319727897644
vt 0.003143079811707139 0
vt 0.003143079811707139 0.5041319727897644
vt 0.006286159623414278 0
vt 0.006286159623414278 0.5041319727897644
vt 0.006286159623414278 0
vt 0.006286159623414278 0.5041319727897644
vt 0.0094292396679520607 0
vt 0.0094292396679520607 0.5041319727897644
vt 0.0094292396679520607 0
vt 0.0094292396679520607 0.5041319727897644
vt 0.012572319246828556 0
vt 0.012572319246828556 0.5041319727897644
vt 0.012572319246828556 0
vt 0.012572319246828556 0.5041319727897644
vt 0.074286550283432007 0
vt 0.074286550283432007 0.5041319727897644
vt 0.13600078225135803 0
vt 0.13600078225135803 0.5041319727897644
vt 0.19771501421928406 0
vt 0.19771501421928406 0.5041319727897644
vt 0.25942924618721008 0
vt 0.25942924618721008 0.5041319727897644
vt 0.32114347815513611 0
vt 0.32114347815513611 0.5041319727897644
vt 0.38285771012306213 0
vt 0.38285771012306213 0.5041319727897644
vt 0.44457194209098816 0
vt 0.44457194209098816 0.5041319727897644
vt 0.5062861442565918 0
vt 0.5062861442565918 0.5041319727897644
vt 0.56800037622451782 0
vt 0.56800037622451782 0.5041319727897644
vt 0.62971460819244385 0
vt 0.62971460819244385 0.5041319727897644
vt 0.69142884016036987 0
vt 0.69142884016036987 0.5041319727897644
vt 0.7531430721282959 0
vt 0.7531430721282959 0.5041319727897644
vt 0.81485730409622192 0
vt 0.81485730409622192 0.5041319727897644
vt 0.87657153606414795 0
vt 0.87657153606414795 0.5041319727897644
vt 0.93828576803207397 0
vt 0.93828576803207397 0.5041319727897644
vt 1 0
vt 1 0.5041319727897644
vt 0.15148936212062836 1
vt 0.15148936212062836 0.50413250923156738
vt 0 0.50413250923156738
vt 0 1
vt 0.02185104601085186 0.64451104402542114
vt 0.037730053067207336 0.58712738752365112
vt 0.06087060272693634 0.5512731671333313
vt 0.086458183825016022 0.54845261573791504
vt 0.10860319435596466 0.57565712928771973
vt 0.12613409757614136 0.62763363122940063
vt 0.13708771765232086 0.70337921380996704
vt 0.1379493921995163 0.78713458776473999
vt 0.12963831424713135 0.85962146520614624
vt 0.11375930160284042 0.91700506210327148
vt 0.09061875194311142 0.95285934209823608
vt 0.065031178295612335 0.95567989349365234
vt 0.042886164039373398 0.92847532033920288
vt 0.025355253368616104 0.87649887800216675
vt 0.01440164539963007 0.80075329542160034
vt 0.013539963401854038 0.71699792146682739
vt 0.15148936212062836 0.50413250923156738
vt 0.15148936212062836 1
vt 0 1
vt 0 0.50413250923156738
vt 0.02185104601085186 0.85962146520614624
vt 0.037730053067207336 0.91700506210327148
vt 0.06087060272693634 0.95285934209823608
vt 0.086458183825016022 0.95567989349365234
vt 0.10860319435596466 0.92847532033920288
vt 0.12613409757614136 0.87649887800216675
vt 0.13708771765232086 0.80075329542160034
vt 0.1379493921995163 0.71699792146682739
vt 0.12963831424713135 0.64451104402542114
vt 0.11375930160284042 0.58712738752365112
vt 0.09061875194311142 0.5512731671333313
vt 0.065031178295612335 0.54845261573791504
vt 0.042886164039373398 0.57565712928771973
vt 0.025355253368616104 0.62763363122940063
vt 0.01440164539963007 0.70337921380996704
vt 0.013539963401854038 0.78713458776473999
vn 0.85382050275802612 0 0.52056753635406494
vn 0.85382050275802612 0 0.52056753635406494
vn 0.85382050275802612 0 0.52056753635406494
vn 0.85382050275802612 0 0.52056753635406494
vn -0.52056753635406494 0 0.85382050275802612
vn -0.52056753635406494 0 0.85382050275802612
vn -0.52056753635406494 0 0.85382050275802612
vn -0.52056753635406494 0 0.85382050275802612
vn -0.85382050275802612 0 -0.52056753635406494
vn -0.85382050275802612 0 -0.52056753635406494
vn -0.85382050275802612 0 -0.52056753635406494
vn -0.85382050275802612 0 -0.52056753635406494
vn 0.52056753635406494 0 -0.85382050275802612
vn 0.52056753635406494 0 -0.85382050275802612
vn 0.52056753635406494 0 -0.85382050275802612
vn 0.52056753635406494 0 -0.85382050275802612
vn 1 0 0
vn 1 0 0
vn 0.92978829145431519 0 -0.36809471249580383
vn 0.92978829145431519 0 -0.36809471249580383
vn 0.70710676908493042 0 -0.70710676908493042
vn 0.70710676908493042 0 -0.70710676908493042
vn 0.36809471249580383 0 -0.92978829145431519
vn 0.36809471249580383 0 -0.92978829145431519
vn 0 0 -1
vn 0 0 -1
vn -0.36809471249580383 0 -0.92978829145431519
vn -0.36809471249580383 0 -0.92978829145431519
vn -0.70710676908493042 0 -0.70710676908493042
vn -0.70710676908493042 0 -0.70710676908493042
vn -0.92978829145431519 0 -0.36809471249580383
vn -0.92978829145431519 0 -0.36809471249580383
vn -1 0 0
vn -1 0 0
vn -0.92978829145431519 0 0.36809471249580383
vn -0.92978829145431519 0 0.36809471249580383
vn -0.70710676908493042 0 0.70710676908493042
vn -0.70710676908493042 0 0.70710676908493042
vn -0.36809471249580383 0 0.92978829145431519
vn -0.36809471249580383 0 0.92978829145431519
vn 0 0 1
vn 0 0 1
vn 0.36809471249580383 0 0.92978829145431519
vn 0.36809471249580383 0 0.92978829145431519
vn 0.70710676908493042 0 0.70710676908493042
vn 0.70710676908493042 0 0.70710676908493042
vn 0.92978829145431519 0 0.36809471249580383
vn 0.92978829145431519 0 0.36809471249580383
vn 1 0 0
vn 1 0 0
vn 0 1 0
vn 0 1 0
vn 0 1 0
vn 0 1 0
vn 0 1 0
vn 0 1 0
vn 0 1 0
vn 0 1 0
vn 0 1 0
vn 0 1 0
vn 0 1 0
vn 0 1 0
vn 0 1 0
vn 0 1 0
vn 0 1 0
vn 0 1 0
vn 0 1 0
vn 0 1 0
vn 0 1 0
vn 0 1 0
vn 0 -1 0
vn 0 -1 0
vn 0 -1 0
vn 0 -1 0
vn 0 -1 0
vn 0 -1 0
vn 0 -1 0
vn 0 -1 0
vn 0 -1 0
vn 0 -1 0
vn 0 -1 0
vn 0 -1 0
vn 0 -1 0
vn 0 -1 0
vn 0 -1 0
vn 0 -1 0
vn 0 -1 0
vn 0 -1 0
vn 0 -1 0
vn 0 -1 0
f 2161/2161/2161 2163/2163/2163 2164/2164/2164 2162/2162/2162
f 2165/2165/2165 2167/2167/2167 2168/2168/2168 2166/2166/2166
f 2169/2169/2169 2171/2171/2171 2172/2172/2172 2170/2170/2170
f 2173/2173/2173 2175/2175/2175 2176/2176/2176 2174/2174/2174
f 2177/2177/2177 2179/2179/2179 2180/2180/2180 2178/2178/2178
f 2179/2179/2179 2181/2181/2181 2182/2182/2182 2180/2180/2180
f 2181/2181/2181 2183/2183/2183 2184/2184/2184 2182/2182/2182
f 2183/2183/2183 2185/2185/2185 2186/2186/2186 2184/2184/2184
f 2185/2185/2185 2187/2187/2187 2188/2188/2188 2186/2186/2186
f 2187/2187/2187 2189/2189/2189 2190/2190/2190 2188/2188/2188
f 2189/2189/2189 2191/2191/2191 2192/2192/2192 2190/2190/2190
f 2191/2191/2191 2193/2193/2193 2194/2194/2194 2192/2192/2192
f 2193/2193/2193 2195/2195/2195 2196/2196/2196 2194/2194/2194
f 2195/2195/2195 2197/2197/2197 2198/2198/2198 2196/2196/2196
f 2197/2197/2197 2199/2199/2199 2200/2200/2200 2198/2198/2198
f 2199/2199/2199 2201/2201/2201 2202/2202/2202 2200/2200/2200
f 2201/2201/2201 2203/2203/2203 2204/2204/2204 2202/2202/2202
f 2203/2203/2203 2205/2205/2205 2206/2206/2206 2204/2204/2204
f 2205/2205/2205 2207/2207/2207 2208/2208/2208 2206/2206/2206
f 2207/2207/2207 2209/2209/2209 2210/2210/2210 2208/2208/2208
f 2230/2230/2230 2229/2229/2229 2214/2214/2214
f 2228/2228/2228 2214/2214/2214 2229/2229/2229
f 2214/2214/2214 2228/2228/2228 2227/2227/2227
f 2214/2214/2214 2227/2227/2227 2226/2226/2226
f 2226/2226/2226 2211/2211/2211 2214/2214/2214
f 2215/2215/2215 2230/2230/2230 2213/2213/2213
f 2214/2214/2214 2213/2213/2213 2230/2230/2230
f 2213/2213/2213 2217/2217/2217 2216/2216/2216
f 2213/2213/2213 2216/2216/2216 2215/2215/2215
f 2218/2218/2218 2217/2217/2217 2213/2213/2213
f 2211/2211/2211 2225/2225/2225 2224/2224/2224
f 2222/2222/2222 2211/2211/2211 2223/2223/2223
f 2224/2224/2224 2223/2223/2223 2211/2211/2211
f 2212/2212/2212 2211/2211/2211 2222/2222/2222
f 2211/2211/2211 2226/2226/2226 2225/2225/2225
f 2212/2212/2212 2219/2219/2219 2218/2218/2218
f 2212/2212/2212 2221/2221/2221 2220/2220/2220
f 2222/2222/2222 2221/2221/2221 2212/2212/2212
f 2219/2219/2219 2212/2212/2212 2220/2220/2220
f 2213/2213/2213 2212/2212/2212 2218/2218/2218
f 2250/2250/2250 2234/2234/2234 2249/2249/2249
f 2248/2248/2248 2249/2249/2249 2234/2234/2234
f 2234/2234/2234 2247/2247/2247 2248/2248/2248
f 2234/2234/2234 2246/2246/2246 2247/2247/2247
f 2246/2246/2246 2234/2234/2234 2231/2231/2231
f 2235/2235/2235 2233/2233/2233 2250/2250/2250
f 2234/2234/2234 2250/2250/2250 2233/2233/2233
f 2233/2233/2233 2236/2236/2236 2237/2237/2237
f 2233/2233/2233 2235/2235/2235 2236/2236/2236
f 2238/2238/2238 2233/2233/2233 2237/2237/2237
f 2231/2231/2231 2244/2244/2244 2245/2245/2245
f 2242/2242/2242 2243/2243/2243 2231/2231/2231
f 2244/2244/2244 2231/2231/2231 2243/2243/2243
f 2232/2232/2232 2242/2242/2242 2231/2231/2231
f 2231/2231/2231 2245/2245/2245 2246/2246/2246
f 2232/2232/2232 2238/2238/2238 2239/2239/2239
f 2232/2232/2232 2240/2240/2240 2241/2241/2241
f 2242/2242/2242 2232/2232/2232 2241/2241/2241
f 2239/2239/2239 2240/2240/2240 2232/2232/2232
f 2233/2233/2233 2238/2238/2238 2232/2232/2232
usemtl diffuse_Black
v 3846.798095703125 -116 -2251.6103515625
v 3846.798095703125 -118 -2251.6103515625
v 3778.712890625 -116 -2178.368408203125
v 3778.712890625 -118 -2178.368408203125
v 3778.712890625 -116 -2178.368408203125
v 3778.712890625 -118 -2178.368408203125
v 3705.470947265625 -116 -2246.45361328125
v 3705.470947265625 -118 -2246.45361328125
v 3705.470947265625 -116 -2246.45361328125
v 3705.470947265625 -118 -2246.45361328125
v 3773.55615234375 -116 -2319.69580078125
v 3773.55615234375 -118 -2319.69580078125
v 3773.55615234375 -116 -2319.69580078125
v 3773.55615234375 -118 -2319.69580078125
v 3846.798095703125 -116 -2251.6103515625
v 3846.798095703125 -118 -2251.6103515625
v 3736.134521484375 -116 -2249.031982421875
v 3736.134521484375 -118 -2249.031982421875
v 3738.94287109375 -116 -2234.308349609375
v 3738.94287109375 -118 -2234.308349609375
v 3747.850341796875 -116 -2220.747802734375
v 3747.850341796875 -118 -2220.747802734375
v 3761.41064453125 -116 -2211.840576171875
v 3761.41064453125 -118 -2211.840576171875
v 3776.134521484375 -116 -2209.031982421875
v 3776.134521484375 -118 -2209.031982421875
v 3790.8583984375 -116 -2211.840576171875
v 3790.8583984375 -118 -2211.840576171875
v 3804.418701171875 -116 -2220.747802734375
v 3804.418701171875 -118 -2220.747802734375
v 3813.325927734375 -116 -2234.308349609375
v 3813.325927734375 -118 -2234.308349609375
v 3816.134521484375 -116 -2249.031982421875
v 3816.134521484375 -118 -2249.031982421875
v 3813.325927734375 -116 -2263.755859375
v 3813.325927734375 -118 -2263.755859375
v 3804.418701171875 -116 -2277.31640625
v 3804.418701171875 -118 -2277.31640625
v 3790.8583984375 -116 -2286.2236328125
v 3790.8583984375 -118 -2286.2236328125
v 3776.134521484375 -116 -2289.031982421875
v 3776.134521484375 -118 -2289.031982421875
v 3761.41064453125 -116 -2286.2236328125
v 3761.41064453125 -118 -2286.2236328125
v 3747.850341796875 -116 -2277.31640625
v 3747.850341796875 -118 -2277.31640625
v 3738.94287109375 -116 -2263.755859375
v 3738.94287109375 -118 -2263.755859375
v 3736.134521484375 -116 -2249.031982421875
v 3736.134521484375 -118 -2249.031982421875
v 3846.798095703125 -116 -2251.6103515625
v 3778.712890625 -116 -2178.368408203125
v 3705.470947265625 -116 -2246.45361328125
v 3773.55615234375 -116 -2319.69580078125
v 3736.134521484375 -116 -2249.031982421875
v 3738.94287109375 -116 -2234.308349609375
v 3747.850341796875 -116 -2220.747802734375
v 3761.41064453125 -116 -2211.840576171875
v 3776.134521484375 -116 -2209.031982421875
v 3790.8583984375 -116 -2211.840576171875
v 3804.418701171875 -116 -2220.747802734375
v 3813.325927734375 -116 -2234.308349609375
v 3816.134521484375 -116 -2249.031982421875
v 3813.325927734375 -116 -2263.755859375
v 3804.418701171875 -116 -2277.31640625
v 3790.8583984375 -116 -2286.2236328125
v 3776.134521484375 -116 -2289.031982421875
v 3761.41064453125 -116 -2286.2236328125
v 3747.850341796875 -116 -2277.31640625
v 3738.94287109375 -116 -2263.755859375
v 3846.798095703125 -118 -2251.6103515625
v 3778.712890625 -118 -2178.368408203125
v 3705.470947265625 -118 -2246.45361328125
v 3773.55615234375 -118 -2319.69580078125
v 3736.134521484375 -118 -2249.031982421875
v 3738.94287109375 -118 -2234.308349609375
v 3747.850341796875 -118 -2220.747802734375
v 3761.41064453125 -118 -2211.840576171875
v 3776.134521484375 -118 -2209.031982421875
v 3790.8583984375 -118 -2211.840576171875
v 3804.418701171875 -118 -2220.747802734375
v 3813.325927734375 -118 -2234.308349609375
v 3816.134521484375 -118 -2249.031982421875
v 3813.325927734375 -118 -2263.755859375
v 3804.418701171875 -118 -2277.31640625
v 3790.8583984375 -118 -2286.2236328125
v 3776.134521484375 -118 -2289.031982421875
v 3761.41064453125 -118 -2286.2236328125
v 3747.850341796875 -118 -2277.31640625
v 3738.94287109375 -118 -2263.755859375
vt 0 0
vt 0 0.50495022535324097
vt 0.0039165397174656391 0
vt 0.0039165397174656391 0.50495022535324097
vt 0.0039165397174656391 0
vt 0.0039165397174656391 0.50495022535324097
vt 0.0078330794349312782 0
vt 0.0078330794349312782 0.50495022535324097
vt 0.0078330794349312782 0
vt 0.0078330794349312782 0.50495022535324097
vt 0.011749619618058205 0
vt 0.011749619618058205 0.50495022535324097
vt 0.011749619618058205 0
vt 0.011749619618058205 0.50495022535324097
vt 0.015666158869862556 0
vt 0.015666158869862556 0.50495022535324097
vt 0.015666158869862556 0
vt 0.015666158869862556 0.50495022535324097
vt 0.077187024056911469 0
vt 0.077187024056911469 0.50495022535324097
vt 0.13870789110660553 0
vt 0.13870789110660553 0.50495022535324097
vt 0.20022875070571899 0
vt 0.20022875070571899 0.50495022535324097
vt 0.26174962520599365 0
vt 0.26174962520599365 0.50495022535324097
vt 0.32327046990394592 0
vt 0.32327046990394592 0.50495022535324097
vt 0.38479134440422058 0
vt 0.38479134440422058 0.50495022535324097
vt 0.44631221890449524 0
vt 0.44631221890449524 0.50495022535324097
vt 0.50783306360244751 0
vt 0.50783306360244751 0.50495022535324097
vt 0.56935393810272217 0
vt 0.56935393810272217 0.50495022535324097
vt 0.63087481260299683 0
vt 0.63087481260299683 0.50495022535324097
vt 0.69239568710327148 0
vt 0.69239568710327148 0.50495022535324097
vt 0.75391656160354614 0
vt 0.75391656160354614 0.50495022535324097
vt 0.81543737649917603 0
vt 0.81543737649917603 0.50495022535324097
vt 0.87695825099945068 0
vt 0.87695825099945068 0.50495022535324097
vt 0.93847912549972534 0
vt 0.93847912549972534 0.50495022535324097
vt 1 0
vt 1 0.50495022535324097
vt 0 0.50495076179504395
vt 0 1
vt 0.15391533076763153 1
vt 0.15391533076763153 0.50495076179504395
vt 0.1220499575138092 0.88729763031005859
vt 0.1034543514251709 0.93121761083602905
vt 0.079202607274055481 0.9503633975982666
vt 0.054581530392169952 0.93695336580276489
vt 0.035040199756622314 0.89750903844833374
vt 0.021385062485933304 0.83769863843917847
vt 0.015432476066052914 0.75969594717025757
vt 0.019601780921220779 0.68050539493560791
vt 0.031865369528532028 0.61765313148498535
vt 0.050460971891880035 0.57373309135437012
vt 0.074712716042995453 0.55458736419677734
vt 0.099333792924880981 0.56799739599227905
vt 0.11887512356042862 0.60744172334671021
vt 0.13253025710582733 0.66725212335586548
vt 0.13848285377025604 0.74525481462478638
vt 0.13431353867053986 0.82444536685943604
vt 0 1
vt 0 0.50495076179504395
vt 0.15391533076763153 0.50495076179504395
vt 0.15391533076763153 1
vt 0.1220499575138092 0.61765313148498535
vt 0.1034543514251709 0.57373309135437012
vt 0.079202607274055481 0.55458736419677734
vt 0.054581530392169952 0.56799739599227905
vt 0.035040199756622314 0.60744172334671021
vt 0.021385062485933304 0.66725212335586548
vt 0.015432476066052914 0.74525481462478638
vt 0.019601780921220779 0.82444536685943604
vt 0.031865369528532028 0.88729763031005859
vt 0.050460971891880035 0.93121761083602905
vt 0.074712716042995453 0.9503633975982666
vt 0.099333792924880981 0.93695336580276489
vt 0.11887512356042862 0.89750903844833374
vt 0.13253025710582733 0.83769863843917847
vt 0.13848285377025604 0.75969594717025757
vt 0.13431353867053986 0.68050539493560791
vn 0.73242044448852539 0 0.68085265159606934
vn 0.73242044448852539 0 0.68085265159606934
vn 0.73242044448852539 0 0.68085265159606934
vn 0.73242044448852539 0 0.68085265159606934
vn -0.68085265159606934 0 0.73242044448852539
vn -0.68085265159606934 0 0.73242044448852539
vn -0.68085265159606934 0 0.73242044448852539
vn -0.68085265159606934 0 0.73242044448852539
vn -0.73242044448852539 0 -0.68085265159606934
vn -0.73242044448852539 0 -0.68085265159606934
vn -0.73242044448852539 0 -0.68085265159606934
vn -0.73242044448852539 0 -0.68085265159606934
vn 0.68085265159606934 0 -0.73242044448852539
vn 0.68085265159606934 0 -0.73242044448852539
vn 0.68085265159606934 0 -0.73242044448852539
vn 0.68085265159606934 0 -0.73242044448852539
vn 1 0 0
vn 1 0 0
vn 0.92978829145431519 0 -0.36809471249580383
vn 0.92978829145431519 0 -0.36809471249580383
vn 0.70710676908493042 0 -0.70710676908493042
vn 0.70710676908493042 0 -0.70710676908493042
vn 0.36809471249580383 0 -0.92978829145431519
vn 0.36809471249580383 0 -0.92978829145431519
vn 0 0 -1
vn 0 0 -1
vn -0.36809471249580383 0 -0.92978829145431519
vn -0.36809471249580383 0 -0.92978829145431519
vn -0.70710676908493042 0 -0.70710676908493042
vn -0.70710676908493042 0 -0.70710676908493042
vn -0.92978829145431519 0 -0.36809471249580383
vn -0.92978829145431519 0 -0.36809471249580383
vn -1 0 0
vn -1 0 0
vn -0.92978829145431519 0 0.36809471249580383
vn -0.92978829145431519 0 0.36809471249580383
vn -0.70710676908493042 0 0.70710676908493042
vn -0.70710676908493042 0 0.70710676908493042
vn -0.36809471249580383 0 0.92978829145431519
vn -0.36809471249580383 0 0.92978829145431519
vn 0 0 1
vn 0 0 1
vn 0.36809471249580383 0 0.92978829145431519
vn 0.36809471249580383 0 0.92978829145431519
vn 0.70710676908493042 0 0.70710676908493042
vn 0.70710676908493042 0 0.70710676908493042
vn 0.92978829145431519 0 0.36809471249580383
vn 0.92978829145431519 0 0.36809471249580383
vn 1 0 0
vn 1 0 0
vn 0 1 0
vn 0 1 0
vn 0 1 0
vn 0 1 0
vn 0 1 0
vn 0 1 0
vn 0 1 0
vn 0 1 0
vn 0 1 0
vn 0 1 0
vn 0 1 0
vn 0 1 0
vn 0 1 0
vn 0 1 0
vn 0 1 0
vn 0 1 0
vn 0 1 0
vn 0 1 0
vn 0 1 0
vn 0 1 0
vn 0 -1 0
vn 0 -1 0
vn 0 -1 0
vn 0 -1 0
vn 0 -1 0
vn 0 -1 0
vn 0 -1 0
vn 0 -1 0
vn 0 -1 0
vn 0 -1 0
vn 0 -1 0
vn 0 -1 0
vn 0 -1 0
vn 0 -1 0
vn 0 -1 0
vn 0 -1 0
vn 0 -1 0
vn 0 -1 0
vn 0 -1 0
vn 0 -1 0
f 2251/2251/2251 2253/2253/2253 2254/2254/2254 2252/2252/2252
f 2255/2255/2255 2257/2257/2257 2258/2258/2258 2256/2256/2256
f 2259/2259/2259 2261/2261/2261 2262/2262/2262 2260/2260/2260
f 2263/2263/2263 2265/2265/2265 2266/2266/2266 2264/2264/2264
f 2267/2267/2267 2269/2269/2269 2270/2270/2270 2268/2268/2268
f 2269/2269/2269 2271/2271/2271 2272/2272/2272 2270/2270/2270
f 2271/2271/2271 2273/2273/2273 2274/2274/2274 2272/2272/2272
f 2273/2273/2273 2275/2275/2275 2276/2276/2276 2274/2274/2274
f 2275/2275/2275 2277/2277/2277 2278/2278/2278 2276/2276/2276
f 2277/2277/2277 2279/2279/2279 2280/2280/2280 2278/2278/2278
f 2279/2279/2279 2281/2281/2281 2282/2282/2282 2280/2280/2280
f 2281/2281/2281 2283/2283/2283 2284/2284/2284 2282/2282/2282
f 2283/2283/2283 2285/2285/2285 2286/2286/2286 2284/2284/2284
f 2285/2285/2285 2287/2287/2287 2288/2288/2288 2286/2286/2286
f 2287/2287/2287 2289/2289/2289 2290/2290/2290 2288/2288/2288
f 2289/2289/2289 2291/2291/2291 2292/2292/2292 2290/2290/2290
f 2291/2291/2291 2293/2293/2293 2294/2294/2294 2292/2292/2292
f 2293/2293/2293 2295/2295/2295 2296/2296/2296 2294/2294/2294
f 2295/2295/2295 2297/2297/2297 2298/2298/2298 2296/2296/2296
f 2297/2297/2297 2299/2299/2299 2300/2300/2300 2298/2298/2298
f 2301/2301/2301 2311/2311/2311 2302/2302/2302
f 2310/2310/2310 2302/2302/2302 2311/2311/2311
f 2302/2302/2302 2310/2310/2310 2309/2309/2309
f 2302/2302/2302 2309/2309/2309 2308/2308/2308
f 2308/2308/2308 2307/2307/2307 2302/2302/2302
f 2313/2313/2313 2312/2312/2312 2301/2301/2301
f 2311/2311/2311 2301/2301/2301 2312/2312/2312
f 2301/2301/2301 2315/2315/2315 2314/2314/2314
f 2301/2301/2301 2314/2314/2314 2313/2313/2313
f 2304/2304/2304 2315/2315/2315 2301/2301/2301
f 2303/2303/2303 2307/2307/2307 2306/2306/2306
f 2320/2320/2320 2303/2303/2303 2305/2305/2305
f 2306/2306/2306 2305/2305/2305 2303/2303/2303
f 2319/2319/2319 2303/2303/2303 2320/2320/2320
f 2303/2303/2303 2302/2302/2302 2307/2307/2307
f 2304/2304/2304 2317/2317/2317 2316/2316/2316
f 2304/2304/2304 2319/2319/2319 2318/2318/2318
f 2303/2303/2303 2319/2319/2319 2304/2304/2304
f 2317/2317/2317 2304/2304/2304 2318/2318/2318
f 2315/2315/2315 2304/2304/2304 2316/2316/2316
f 2321/2321/2321 2322/2322/2322 2331/2331/2331
f 2330/2330/2330 2331/2331/2331 2322/2322/2322
f 2322/2322/2322 2329/2329/2329 2330/2330/2330
f 2322/2322/2322 2328/2328/2328 2329/2329/2329
f 2328/2328/2328 2322/2322/2322 2327/2327/2327
f 2333/2333/2333 2321/2321/2321 2332/2332/2332
f 2331/2331/2331 2332/2332/2332 2321/2321/2321
f 2321/2321/2321 2334/2334/2334 2335/2335/2335
f 2321/2321/2321 2333/2333/2333 2334/2334/2334
f 2324/2324/2324 2321/2321/2321 2335/2335/2335
f 2323/2323/2323 2326/2326/2326 2327/2327/2327
f 2340/2340/2340 2325/2325/2325 2323/2323/2323
f 2326/2326/2326 2323/2323/2323 2325/2325/2325
f 2339/2339/2339 2340/2340/2340 2323/2323/2323
f 2323/2323/2323 2327/2327/2327 2322/2322/2322
f 2324/2324/2324 2336/2336/2336 2337/2337/2337
f 2324/2324/2324 2338/2338/2338 2339/2339/2339
f 2323/2323/2323 2324/2324/2324 2339/2339/2339
f 2337/2337/2337 2338/2338/2338 2324/2324/2324
f 2335/2335/2335 2336/2336/2336 2324/2324/2324
usemtl diffuse_Black
v 3839.560791015625 -128 -2243.824951171875
v 3839.560791015625 -130 -2243.824951171875
v 3770.92724609375 -128 -2185.60595703125
v 3770.92724609375 -130 -2185.60595703125
v 3770.92724609375 -128 -2185.60595703125
v 3770.92724609375 -130 -2185.60595703125
v 3712.708251953125 -128 -2254.2392578125
v 3712.708251953125 -130 -2254.2392578125
v 3712.708251953125 -128 -2254.2392578125
v 3712.708251953125 -130 -2254.2392578125
v 3781.341796875 -128 -2312.458251953125
v 3781.341796875 -130 -2312.458251953125
v 3781.341796875 -128 -2312.458251953125
v 3781.341796875 -130 -2312.458251953125
v 3839.560791015625 -128 -2243.824951171875
v 3839.560791015625 -130 -2243.824951171875
v 3741.134521484375 -128 -2249.031982421875
v 3741.134521484375 -130 -2249.031982421875
v 3743.592041015625 -128 -2236.148681640625
v 3743.592041015625 -130 -2236.148681640625
v 3751.3857421875 -128 -2224.283447265625
v 3751.3857421875 -130 -2224.283447265625
v 3763.251220703125 -128 -2216.489501953125
v 3763.251220703125 -130 -2216.489501953125
v 3776.134521484375 -128 -2214.031982421875
v 3776.134521484375 -130 -2214.031982421875
v 3789.017822265625 -128 -2216.489501953125
v 3789.017822265625 -130 -2216.489501953125
v 3800.88330078125 -128 -2224.283447265625
v 3800.88330078125 -130 -2224.283447265625
v 3808.677001953125 -128 -2236.148681640625
v 3808.677001953125 -130 -2236.148681640625
v 3811.134521484375 -128 -2249.031982421875
v 3811.134521484375 -130 -2249.031982421875
v 3808.677001953125 -128 -2261.915283203125
v 3808.677001953125 -130 -2261.915283203125
v 3800.88330078125 -128 -2273.78076171875
v 3800.88330078125 -130 -2273.78076171875
v 3789.017822265625 -128 -2281.57470703125
v 3789.017822265625 -130 -2281.57470703125
v 3776.134521484375 -128 -2284.031982421875
v 3776.134521484375 -130 -2284.031982421875
v 3763.251220703125 -128 -2281.57470703125
v 3763.251220703125 -130 -2281.57470703125
v 3751.3857421875 -128 -2273.78076171875
v 3751.3857421875 -130 -2273.78076171875
v 3743.592041015625 -128 -2261.915283203125
v 3743.592041015625 -130 -2261.915283203125
v 3741.134521484375 -128 -2249.031982421875
v 3741.134521484375 -130 -2249.031982421875
v 3839.560791015625 -128 -2243.824951171875
v 3770.92724609375 -128 -2185.60595703125
v 3712.708251953125 -128 -2254.2392578125
v 3781.341796875 -128 -2312.458251953125
v 3741.134521484375 -128 -2249.031982421875
v 3743.592041015625 -128 -2236.148681640625
v 3751.3857421875 -128 -2224.283447265625
v 3763.251220703125 -128 -2216.489501953125
v 3776.134521484375 -128 -2214.031982421875
v 3789.017822265625 -128 -2216.489501953125
v 3800.88330078125 -128 -2224.283447265625
v 3808.677001953125 -128 -2236.148681640625
v 3811.134521484375 -128 -2249.031982421875
v 3808.677001953125 -128 -2261.915283203125
v 3800.88330078125 -128 -2273.78076171875
v 3789.017822265625 -128 -2281.57470703125
v 3776.134521484375 -128 -2284.031982421875
v 3763.251220703125 -128 -2281.57470703125
v 3751.3857421875 -128 -2273.78076171875
v 3743.592041015625 -128 -2261.915283203125
v 3839.560791015625 -130 -2243.824951171875
v 3770.92724609375 -130 -2185.60595703125
v 3712.708251953125 -130 -2254.2392578125
v 3781.341796875 -130 -2312.458251953125
v 3741.134521484375 -130 -2249.031982421875
v 3743.592041015625 -130 -2236.148681640625
v 3751.3857421875 -130 -2224.283447265625
v 3763.251220703125 -130 -2216.489501953125
v 3776.134521484375 -130 -2214.031982421875
v 3789.017822265625 -130 -2216.489501953125
v 3800.88330078125 -130 -2224.283447265625
v 3808.677001953125 -130 -2236.148681640625
v 3811.134521484375 -130 -2249.031982421875
v 3808.677001953125 -130 -2261.915283203125
v 3800.88330078125 -130 -2273.78076171875
v 3789.017822265625 -130 -2281.57470703125
v 3776.134521484375 -130 -2284.031982421875
v 3763.251220703125 -130 -2281.57470703125
v 3751.3857421875 -130 -2273.78076171875
v 3743.592041015625 -130 -2261.915283203125
vt 0 0
vt 0 0.50549423694610596
vt 0.0044660503044724464 0
vt 0.0044660503044724464 0.50549423694610596
vt 0.0044660503044724464 0
vt 0.0044660503044724464 0.50549423694610596
vt 0.0089321006089448929 0
vt 0.0089321006089448929 0.50549423694610596
vt 0.0089321006089448929 0
vt 0.0089321006089448929 0.50549423694610596
vt 0.013398151844739914 0
vt 0.013398151844739914 0.50549423694610596
vt 0.013398151844739914 0
vt 0.013398151844739914 0.50549423694610596
vt 0.017864201217889786 0
vt 0.017864201217889786 0.50549423694610596
vt 0.017864201217889786 0
vt 0.017864201217889786 0.50549423694610596
vt 0.079247690737247467 0
vt 0.079247690737247467 0.50549423694610596
vt 0.14063118398189545 0
vt 0.14063118398189545 0.50549423694610596
vt 0.20201466977596283 0
vt 0.20201466977596283 0.50549423694610596
vt 0.26339814066886902 0
vt 0.26339814066886902 0.50549423694610596
vt 0.3247816264629364 0
vt 0.3247816264629364 0.50549423694610596
vt 0.38616511225700378 0
vt 0.38616511225700378 0.50549423694610596
vt 0.44754862785339355 0
vt 0.44754862785339355 0.50549423694610596
vt 0.50893211364746094 0
vt 0.50893211364746094 0.50549423694610596
vt 0.57031559944152832 0
vt 0.57031559944152832 0.50549423694610596
vt 0.6316990852355957 0
vt 0.6316990852355957 0.50549423694610596
vt 0.69308257102966309 0
vt 0.69308257102966309 0.50549423694610596
vt 0.75446605682373047 0
vt 0.75446605682373047 0.50549423694610596
vt 0.81584954261779785 0
vt 0.81584954261779785 0.50549423694610596
vt 0.87723302841186523 0
vt 0.87723302841186523 0.50549423694610596
vt 0.93861651420593262 0
vt 0.93861651420593262 0.50549423694610596
vt 1 0
vt 1 0.50549423694610596
vt 0 1
vt 0.15557627379894257 1
vt 0.15557627379894257 0.50549477338790894
vt 0 0.50549477338790894
vt 0.12392648309469223 0.62834787368774414
vt 0.13509327173233032 0.69106417894363403
vt 0.13808713853359222 0.76848262548446655
vt 0.13116084039211273 0.84331238269805908
vt 0.11692546308040619 0.89939993619918823
vt 0.097194284200668335 0.93489402532577515
vt 0.072837665677070618 0.94441014528274536
vt 0.049295481294393539 0.92239463329315186
vt 0.031649783253669739 0.87714689970016479
vt 0.020482992753386497 0.8144305944442749
vt 0.017489124089479446 0.73701208829879761
vt 0.024415422230958939 0.66218239068984985
vt 0.038650806993246078 0.6060948371887207
vt 0.058381989598274231 0.57060074806213379
vt 0.082738608121871948 0.56108462810516357
vt 0.10628078877925873 0.58310014009475708
vt 0 0.50549477338790894
vt 0.15557627379894257 0.50549477338790894
vt 0.15557627379894257 1
vt 0 1
vt 0.12392648309469223 0.87714689970016479
vt 0.13509327173233032 0.8144305944442749
vt 0.13808713853359222 0.73701208829879761
vt 0.13116084039211273 0.66218239068984985
vt 0.11692546308040619 0.6060948371887207
vt 0.097194284200668335 0.57060074806213379
vt 0.072837665677070618 0.56108462810516357
vt 0.049295481294393539 0.58310014009475708
vt 0.031649783253669739 0.62834787368774414
vt 0.020482992753386497 0.69106417894363403
vt 0.017489124089479446 0.76848262548446655
vt 0.024415422230958939 0.84331238269805908
vt 0.038650806993246078 0.89939993619918823
vt 0.058381989598274231 0.93489402532577515
vt 0.082738608121871948 0.94441014528274536
vt 0.10628078877925873 0.92239463329315186
vn 0.64687782526016235 0 0.76259362697601318
vn 0.64687782526016235 0 0.76259362697601318
vn 0.64687782526016235 0 0.76259362697601318
vn 0.64687782526016235 0 0.76259362697601318
vn -0.76259362697601318 0 0.64687782526016235
vn -0.76259362697601318 0 0.64687782526016235
vn -0.76259362697601318 0 0.64687782526016235
vn -0.76259362697601318 0 0.64687782526016235
vn -0.64687782526016235 0 -0.76259362697601318
vn -0.64687782526016235 0 -0.76259362697601318
vn -0.64687782526016235 0 -0.76259362697601318
vn -0.64687782526016235 0 -0.76259362697601318
vn 0.76259362697601318 0 -0.64687782526016235
vn 0.76259362697601318 0 -0.64687782526016235
vn 0.76259362697601318 0 -0.64687782526016235
vn 0.76259362697601318 0 -0.64687782526016235
vn 1 0 0
vn 1 0 0
vn 0.92978829145431519 0 -0.36809471249580383
vn 0.92978829145431519 0 -0.36809471249580383
vn 0.70710676908493042 0 -0.70710676908493042
vn 0.70710676908493042 0 -0.70710676908493042
vn 0.36809471249580383 0 -0.92978829145431519
vn 0.36809471249580383 0 -0.92978829145431519
vn 0 0 -1
vn 0 0 -1
vn -0.36809471249580383 0 -0.92978829145431519
vn -0.36809471249580383 0 -0.92978829145431519
vn -0.70710676908493042 0 -0.70710676908493042
vn -0.70710676908493042 0 -0.70710676908493042
vn -0.92978829145431519 0 -0.36809471249580383
vn -0.92978829145431519 0 -0.36809471249580383
vn -1 0 0
vn -1 0 0
vn -0.92978829145431519 0 0.36809471249580383
vn -0.92978829145431519 0 0.36809471249580383
vn -0.70710676908493042 0 0.70710676908493042
vn -0.70710676908493042 0 0.70710676908493042
vn -0.36809471249580383 0 0.92978829145431519
vn -0.36809471249580383 0 0.92978829145431519
vn 0 0 1
vn 0 0 1
vn 0.36809471249580383 0 0.92978829145431519
vn 0.36809471249580383 0 0.92978829145431519
vn 0.70710676908493042 0 0.70710676908493042
vn 0.70710676908493042 0 0.70710676908493042
vn 0.92978829145431519 0 0.36809471249580383
vn 0.92978829145431519 0 0.36809471249580383
vn 1 0 0
vn 1 0 0
vn 0 1 0
vn 0 1 0
vn 0 1 0
vn 0 1 0
vn 0 1 0
vn 0 1 0
vn 0 1 0
vn 0 1 0
vn 0 1 0
vn 0 1 0
vn 0 1 0
vn 0 1 0
vn 0 1 0
vn 0 1 0
vn 0 1 0
vn 0 1 0
vn 0 1 0
vn 0 1 0
vn 0 1 0
vn 0 1 0
vn 0 -1 0
vn 0 -1 0
vn 0 -1 0
vn 0 -1 0
vn 0 -1 0
vn 0 -1 0
vn 0 -1 0
vn 0 -1 0
vn 0 -1 0
vn 0 -1 0
vn 0 -1 0
vn 0 -1 0
vn 0 -1 0
vn 0 -1 0
vn 0 -1 0
vn 0 -1 0
vn 0 -1 0
vn 0 -1 0
vn 0 -1 0
vn 0 -1 0
f 2341/2341/2341 2343/2343/2343 2344/2344/2344 2342/2342/2342
f 2345/2345/2345 2347/2347/2347 2348/2348/2348 2346/2346/2346
f 2349/2349/2349 2351/2351/2351 2352/2352/2352 2350/2350/2350
f 2353/2353/2353 2355/2355/2355 2356/2356/2356 2354/2354/2354
f 2357/2357/2357 2359/2359/2359 2360/2360/2360 2358/2358/2358
f 2359/2359/2359 2361/2361/2361 2362/2362/2362 2360/2360/2360
f 2361/2361/2361 2363/2363/2363 2364/2364/2364 2362/2362/2362
f 2363/2363/2363 2365/2365/2365 2366/2366/2366 2364/2364/2364
f 2365/2365/2365 2367/2367/2367 2368/2368/2368 2366/2366/2366
f 2367/2367/2367 2369/2369/2369 2370/2370/2370 2368/2368/2368
f 2369/2369/2369 2371/2371/2371 2372/2372/2372 2370/2370/2370
f 2371/2371/2371 2373/2373/2373 2374/2374/2374 2372/2372/2372
f 2373/2373/2373 2375/2375/2375 2376/2376/2376 2374/2374/2374
f 2375/2375/2375 2377/2377/2377 2378/2378/2378 2376/2376/2376
f 2377/2377/2377 2379/2379/2379 2380/2380/2380 2378/2378/2378
f 2379/2379/2379 2381/2381/2381 2382/2382/2382 2380/2380/2380
f 2381/2381/2381 2383/2383/2383 2384/2384/2384 2382/2382/2382
f 2383/2383/2383 2385/2385/2385 2386/2386/2386 2384/2384/2384
f 2385/2385/2385 2387/2387/2387 2388/2388/2388 2386/2386/2386
f 2387/2387/2387 2389/2389/2389 2390/2390/2390 2388/2388/2388
f 2405/2405/2405 2404/2404/2404 2391/2391/2391
f 2403/2403/2403 2391/2391/2391 2404/2404/2404
f 2391/2391/2391 2403/2403/2403 2402/2402/2402
f 2391/2391/2391 2402/2402/2402 2401/2401/2401
f 2401/2401/2401 2392/2392/2392 2391/2391/2391
f 2406/2406/2406 2405/2405/2405 2394/2394/2394
f 2391/2391/2391 2394/2394/2394 2405/2405/2405
f 2394/2394/2394 2408/2408/2408 2407/2407/2407
f 2394/2394/2394 2407/2407/2407 2406/2406/2406
f 2409/2409/2409 2408/2408/2408 2394/2394/2394
f 2392/2392/2392 2400/2400/2400 2399/2399/2399
f 2397/2397/2397 2392/2392/2392 2398/2398/2398
f 2399/2399/2399 2398/2398/2398 2392/2392/2392
f 2393/2393/2393 2392/2392/2392 2397/2397/2397
f 2392/2392/2392 2401/2401/2401 2400/2400/2400
f 2393/2393/2393 2410/2410/2410 2409/2409/2409
f 2393/2393/2393 2396/2396/2396 2395/2395/2395
f 2397/2397/2397 2396/2396/2396 2393/2393/2393
f 2410/2410/2410 2393/2393/2393 2395/2395/2395
f 2394/2394/2394 2393/2393/2393 2409/2409/2409
f 2425/2425/2425 2411/2411/2411 2424/2424/2424
f 2423/2423/2423 2424/2424/2424 2411/2411/2411
f 2411/2411/2411 2422/2422/2422 2423/2423/2423
f 2411/2411/2411 2421/2421/2421 2422/2422/2422
f 2421/2421/2421 2411/2411/2411 2412/2412/2412
f 2426/2426/2426 2414/2414/2414 2425/2425/2425
f 2411/2411/2411 2425/2425/2425 2414/2414/2414
f 2414/2414/2414 2427/2427/2427 2428/2428/2428
f 2414/2414/2414 2426/2426/2426 2427/2427/2427
f 2429/2429/2429 2414/2414/2414 2428/2428/2428
f 2412/2412/2412 2419/2419/2419 2420/2420/2420
f 2417/2417/2417 2418/2418/2418 2412/2412/2412
f 2419/2419/2419 2412/2412/2412 2418/2418/2418
f 2413/2413/2413 2417/2417/2417 2412/2412/2412
f 2412/2412/2412 2420/2420/2420 2421/2421/2421
f 2413/2413/2413 2429/2429/2429 2430/2430/2430
f 2413/2413/2413 2415/2415/2415 2416/2416/2416
f 2417/2417/2417 2413/2413/2413 2416/2416/2416
f 2430/2430/2430 2415/2415/2415 2413/2413/2413
f 2414/2414/2414 2429/2429/2429 2413/2413/2413
usemtl diffuse_Black
v 3831.384521484375 -140 -2236.88916015625
v 3831.384521484375 -142 -2236.88916015625
v 3763.99169921875 -140 -2193.7822265625
v 3763.99169921875 -142 -2193.7822265625
v 3763.99169921875 -140 -2193.7822265625
v 3763.99169921875 -142 -2193.7822265625
v 3720.884521484375 -140 -2261.175048828125
v 3720.884521484375 -142 -2261.175048828125
v 3720.884521484375 -140 -2261.175048828125
v 3720.884521484375 -142 -2261.175048828125
v 3788.27734375 -140 -2304.281982421875
v 3788.27734375 -142 -2304.281982421875
v 3788.27734375 -140 -2304.281982421875
v 3788.27734375 -142 -2304.281982421875
v 3831.384521484375 -140 -2236.88916015625
v 3831.384521484375 -142 -2236.88916015625
v 3746.134521484375 -140 -2249.031982421875
v 3746.134521484375 -142 -2249.031982421875
v 3748.240966796875 -140 -2237.9892578125
v 3748.240966796875 -142 -2237.9892578125
v 3754.92138671875 -140 -2227.81884765625
v 3754.92138671875 -142 -2227.81884765625
v 3765.091552734375 -140 -2221.138427734375
v 3765.091552734375 -142 -2221.138427734375
v 3776.134521484375 -140 -2219.031982421875
v 3776.134521484375 -142 -2219.031982421875
v 3787.17724609375 -140 -2221.138427734375
v 3787.17724609375 -142 -2221.138427734375
v 3797.34765625 -140 -2227.81884765625
v 3797.34765625 -142 -2227.81884765625
v 3804.028076171875 -140 -2237.9892578125
v 3804.028076171875 -142 -2237.9892578125
v 3806.134521484375 -140 -2249.031982421875
v 3806.134521484375 -142 -2249.031982421875
v 3804.028076171875 -140 -2260.074951171875
v 3804.028076171875 -142 -2260.074951171875
v 3797.34765625 -140 -2270.245361328125
v 3797.34765625 -142 -2270.245361328125
v 3787.17724609375 -140 -2276.92578125
v 3787.17724609375 -142 -2276.92578125
v 3776.134521484375 -140 -2279.031982421875
v 3776.134521484375 -142 -2279.031982421875
v 3765.091552734375 -140 -2276.92578125
v 3765.091552734375 -142 -2276.92578125
v 3754.92138671875 -140 -2270.245361328125
v 3754.92138671875 -142 -2270.245361328125
v 3748.240966796875 -140 -2260.074951171875
v 3748.240966796875 -142 -2260.074951171875
v 3746.134521484375 -140 -2249.031982421875
v 3746.134521484375 -142 -2249.031982421875
v 3831.384521484375 -140 -2236.88916015625
v 3763.99169921875 -140 -2193.7822265625
v 3720.884521484375 -140 -2261.175048828125
v 3788.27734375 -140 -2304.281982421875
v 3746.134521484375 -140 -2249.031982421875
v 3748.240966796875 -140 -2237.9892578125
v 3754.92138671875 -140 -2227.81884765625
v 3765.091552734375 -140 -2221.138427734375
v 3776.134521484375 -140 -2219.031982421875
v 3787.17724609375 -140 -2221.138427734375
v 3797.34765625 -140 -2227.81884765625
v 3804.028076171875 -140 -2237.9892578125
v 3806.134521484375 -140 -2249.031982421875
v 3804.028076171875 -140 -2260.074951171875
v 3797.34765625 -140 -2270.245361328125
v 3787.17724609375 -140 -2276.92578125
v 3776.134521484375 -140 -2279.031982421875
v 3765.091552734375 -140 -2276.92578125
v 3754.92138671875 -140 -2270.245361328125
v 3748.240966796875 -140 -2260.074951171875
v 3831.384521484375 -142 -2236.88916015625
v 3763.99169921875 -142 -2193.7822265625
v 3720.884521484375 -142 -2261.175048828125
v 3788.27734375 -142 -2304.281982421875
v 3746.134521484375 -142 -2249.031982421875
v 3748.240966796875 -142 -2237.9892578125
v 3754.92138671875 -142 -2227.81884765625
v 3765.091552734375 -142 -2221.138427734375
v 3776.134521484375 -142 -2219.031982421875
v 3787.17724609375 -142 -2221.138427734375
v 3797.34765625 -142 -2227.81884765625
v 3804.028076171875 -142 -2237.9892578125
v 3806.134521484375 -142 -2249.031982421875
v 3804.028076171875 -142 -2260.074951171875
v 3797.34765625 -142 -2270.245361328125
v 3787.17724609375 -142 -2276.92578125
v 3776.134521484375 -142 -2279.031982421875
v 3765.091552734375 -142 -2276.92578125
v 3754.92138671875 -142 -2270.245361328125
v 3748.240966796875 -142 -2260.074951171875
vt 0 0
vt 0 0.50617259740829468
vt 0.0051949252374470234 0
vt 0.0051949252374470234 0.50617259740829468
vt 0.0051949252374470234 0
vt 0.0051949252374470234 0.50617259740829468
vt 0.010389850474894047 0
vt 0.010389850474894047 0.50617259740829468
vt 0.010389850474894047 0
vt 0.010389850474894047 0.50617259740829468
vt 0.015584775246679783 0
vt 0.015584775246679783 0.50617259740829468
vt 0.015584775246679783 0
vt 0.015584775246679783 0.50617259740829468
vt 0.020779700949788094 0
vt 0.020779700949788094 0.50617259740829468
vt 0.020779700949788094 0
vt 0.020779700949788094 0.50617259740829468
vt 0.081980966031551361 0
vt 0.081980966031551361 0.50617259740829468
vt 0.14318223297595978 0
vt 0.14318223297595978 0.50617259740829468
vt 0.20438350737094879 0
vt 0.20438350737094879 0.50617259740829468
vt 0.26558476686477661 0
vt 0.26558476686477661 0.50617259740829468
vt 0.32678604125976563 0
vt 0.32678604125976563 0.50617259740829468
vt 0.38798731565475464 0
vt 0.38798731565475464 0.50617259740829468
vt 0.44918859004974365 0
vt 0.44918859004974365 0.50617259740829468
vt 0.51038986444473267 0
vt 0.51038986444473267 0.50617259740829468
vt 0.57159113883972168 0
vt 0.57159113883972168 0.50617259740829468
vt 0.63279241323471069 0
vt 0.63279241323471069 0.50617259740829468
vt 0.69399362802505493 0
vt 0.69399362802505493 0.50617259740829468
vt 0.75519490242004395 0
vt 0.75519490242004395 0.50617259740829468
vt 0.81639617681503296 0
vt 0.81639617681503296 0.50617259740829468
vt 0.87759745121002197 0
vt 0.87759745121002197 0.50617259740829468
vt 0.93879872560501099 0
vt 0.93879872560501099 0.50617259740829468
vt 1 0
vt 1 0.50617259740829468
vt 0 1
vt 0.15770354866981506 1
vt 0.15770354866981506 0.50617307424545288
vt 0 0.50617307424545288
vt 0.12867088615894318 0.65330177545547485
vt 0.13690279424190521 0.71773123741149902
vt 0.13661204278469086 0.79283791780471802
vt 0.12681879103183746 0.86140483617782593
vt 0.1107180193066597 0.90908819437026978
vt 0.090142488479614258 0.93486529588699341
vt 0.066157184541225433 0.93395483493804932
vt 0.044260349124670029 0.90328866243362427
vt 0.029032666236162186 0.85287129878997803
vt 0.020800752565264702 0.78844183683395386
vt 0.021091505885124207 0.71333521604537964
vt 0.030884759500622749 0.64476823806762695
vt 0.046985525637865067 0.59708487987518311
vt 0.067561060190200806 0.57130777835845947
vt 0.09154636412858963 0.57221823930740356
vt 0.11344320327043533 0.60288447141647339
vt 0 0.50617307424545288
vt 0.15770354866981506 0.50617307424545288
vt 0.15770354866981506 1
vt 0 1
vt 0.12867088615894318 0.85287129878997803
vt 0.13690279424190521 0.78844183683395386
vt 0.13661204278469086 0.71333521604537964
vt 0.12681879103183746 0.64476823806762695
vt 0.1107180193066597 0.59708487987518311
vt 0.090142488479614258 0.57130777835845947
vt 0.066157184541225433 0.57221823930740356
vt 0.044260349124670029 0.60288447141647339
vt 0.029032666236162186 0.65330177545547485
vt 0.020800752565264702 0.71773123741149902
vt 0.021091505885124207 0.79283791780471802
vt 0.030884759500622749 0.86140483617782593
vt 0.046985525637865067 0.90908819437026978
vt 0.067561060190200806 0.93486529588699341
vt 0.09154636412858963 0.93395483493804932
vt 0.11344320327043533 0.90328866243362427
vn 0.5388379693031311 0 0.84240943193435669
vn 0.5388379693031311 0 0.84240943193435669
vn 0.5388379693031311 0 0.84240943193435669
vn 0.5388379693031311 0 0.84240943193435669
vn -0.84240943193435669 0 0.5388379693031311
vn -0.84240943193435669 0 0.5388379693031311
vn -0.84240943193435669 0 0.5388379693031311
vn -0.84240943193435669 0 0.5388379693031311
vn -0.5388379693031311 0 -0.84240943193435669
vn -0.5388379693031311 0 -0.84240943193435669
vn -0.5388379693031311 0 -0.84240943193435669
vn -0.5388379693031311 0 -0.84240943193435669
vn 0.84240943193435669 0 -0.5388379693031311
vn 0.84240943193435669 0 -0.5388379693031311
vn 0.84240943193435669 0 -0.5388379693031311
vn 0.84240943193435669 0 -0.5388379693031311
vn 1 0 0
vn 1 0 0
vn 0.92978829145431519 0 -0.36809471249580383
vn 0.92978829145431519 0 -0.36809471249580383
vn 0.70710676908493042 0 -0.70710676908493042
vn 0.70710676908493042 0 -0.70710676908493042
vn 0.36809471249580383 0 -0.92978829145431519
vn 0.36809471249580383 0 -0.92978829145431519
vn 0 0 -1
vn 0 0 -1
vn -0.36809471249580383 0 -0.92978829145431519
vn -0.36809471249580383 0 -0.92978829145431519
vn -0.70710676908493042 0 -0.70710676908493042
vn -0.70710676908493042 0 -0.70710676908493042
vn -0.92978829145431519 0 -0.36809471249580383
vn -0.92978829145431519 0 -0.36809471249580383
vn -1 0 0
vn -1 0 0
vn -0.92978829145431519 0 0.36809471249580383
vn -0.92978829145431519 0 0.36809471249580383
vn -0.70710676908493042 0 0.70710676908493042
vn -0.70710676908493042 0 0.70710676908493042
vn -0.36809471249580383 0 0.92978829145431519
vn -0.36809471249580383 0 0.92978829145431519
vn 0 0 1
vn 0 0 1
vn 0.36809471249580383 0 0.92978829145431519
vn 0.36809471249580383 0 0.92978829145431519
vn 0.70710676908493042 0 0.70710676908493042
vn 0.70710676908493042 0 0.70710676908493042
vn 0.92978829145431519 0 0.36809471249580383
vn 0.92978829145431519 0 0.36809471249580383
vn 1 0 0
vn 1 0 0
vn 0 1 0
vn 0 1 0
vn 0 1 0
vn 0 1 0
vn 0 1 0
vn 0 1 0
vn 0 1 0
vn 0 1 0
vn 0 1 0
vn 0 1 0
vn 0 1 0
vn 0 1 0
vn 0 1 0
vn 0 1 0
vn 0 1 0
vn 0 1 0
vn 0 1 0
vn 0 1 0
vn 0 1 0
vn 0 1 0
vn 0 -1 0
vn 0 -1 0
vn 0 -1 0
vn 0 -1 0
vn 0 -1 0
vn 0 -1 0
vn 0 -1 0
vn 0 -1 0
vn 0 -1 0
vn 0 -1 0
vn 0 -1 0
vn 0 -1 0
vn 0 -1 0
vn 0 -1 0
vn 0 -1 0
vn 0 -1 0
vn 0 -1 0
vn 0 -1 0
vn 0 -1 0
vn 0 -1 0
f 2431/2431/2431 2433/2433/2433 2434/2434/2434 2432/2432/2432
f 2435/2435/2435 2437/2437/2437 2438/2438/2438 2436/2436/2436
f 2439/2439/2439 2441/2441/2441 2442/2442/2442 2440/2440/2440
f 2443/2443/2443 2445/2445/2445 2446/2446/2446 2444/2444/2444
f 2447/2447/2447 2449/2449/2449 2450/2450/2450 2448/2448/2448
f 2449/2449/2449 2451/2451/2451 2452/2452/2452 2450/2450/2450
f 2451/2451/2451 2453/2453/2453 2454/2454/2454 2452/2452/2452
f 2453/2453/2453 2455/2455/2455 2456/2456/2456 2454/2454/2454
f 2455/2455/2455 2457/2457/2457 2458/2458/2458 2456/2456/2456
f 2457/2457/2457 2459/2459/2459 2460/2460/2460 2458/2458/2458
f 2459/2459/2459 2461/2461/2461 2462/2462/2462 2460/2460/2460
f 2461/2461/2461 2463/2463/2463 2464/2464/2464 2462/2462/2462
f 2463/2463/2463 2465/2465/2465 2466/2466/2466 2464/2464/2464
f 2465/2465/2465 2467/2467/2467 2468/2468/2468 2466/2466/2466
f 2467/2467/2467 2469/2469/2469 2470/2470/2470 2468/2468/2468
f 2469/2469/2469 2471/2471/2471 2472/2472/2472 2470/2470/2470
f 2471/2471/2471 2473/2473/2473 2474/2474/2474 2472/2472/2472
f 2473/2473/2473 2475/2475/2475 2476/2476/2476 2474/2474/2474
f 2475/2475/2475 2477/2477/2477 2478/2478/2478 2476/2476/2476
f 2477/2477/2477 2479/2479/2479 2480/2480/2480 2478/2478/2478
f 2484/2484/2484 2494/2494/2494 2481/2481/2481
f 2493/2493/2493 2481/2481/2481 2494/2494/2494
f 2481/2481/2481 2493/2493/2493 2492/2492/2492
f 2481/2481/2481 2492/2492/2492 2491/2491/2491
f 2491/2491/2491 2490/2490/2490 2481/2481/2481
f 2496/2496/2496 2495/2495/2495 2484/2484/2484
f 2494/2494/2494 2484/2484/2484 2495/2495/2495
f 2484/2484/2484 2498/2498/2498 2497/2497/2497
f 2484/2484/2484 2497/2497/2497 2496/2496/2496
f 2483/2483/2483 2498/2498/2498 2484/2484/2484
f 2482/2482/2482 2490/2490/2490 2489/2489/2489
f 2487/2487/2487 2482/2482/2482 2488/2488/2488
f 2489/2489/2489 2488/2488/2488 2482/2482/2482
f 2486/2486/2486 2482/2482/2482 2487/2487/2487
f 2482/2482/2482 2481/2481/2481 2490/2490/2490
f 2483/2483/2483 2500/2500/2500 2499/2499/2499
f 2483/2483/2483 2486/2486/2486 2485/2485/2485
f 2482/2482/2482 2486/2486/2486 2483/2483/2483
f 2500/2500/2500 2483/2483/2483 2485/2485/2485
f 2498/2498/2498 2483/2483/2483 2499/2499/2499
f 2504/2504/2504 2501/2501/2501 2514/2514/2514
f 2513/2513/2513 2514/2514/2514 2501/2501/2501
f 2501/2501/2501 2512/2512/2512 2513/2513/2513
f 2501/2501/2501 2511/2511/2511 2512/2512/2512
f 2511/2511/2511 2501/2501/2501 2510/2510/2510
f 2516/2516/2516 2504/2504/2504 2515/2515/2515
f 2514/2514/2514 2515/2515/2515 2504/2504/2504
f 2504/2504/2504 2517/2517/2517 2518/2518/2518
f 2504/2504/2504 2516/2516/2516 2517/2517/2517
f 2503/2503/2503 2504/2504/2504 2518/2518/2518
f 2502/2502/2502 2509/2509/2509 2510/2510/2510
f 2507/2507/2507 2508/2508/2508 2502/2502/2502
f 2509/2509/2509 2502/2502/2502 2508/2508/2508
f 2506/2506/2506 2507/2507/2507 2502/2502/2502
f 2502/2502/2502 2510/2510/2510 2501/2501/2501
f 2503/2503/2503 2519/2519/2519 2520/2520/2520
f 2503/2503/2503 2505/2505/2505 2506/2506/2506
f 2502/2502/2502 2503/2503/2503 2506/2506/2506
f 2520/2520/2520 2505/2505/2505 2503/2503/2503
f 2518/2518/2518 2519/2519/2519 2503/2503/2503
usemtl diffuse_Black
v 3822.248291015625 -152 -2231.04541015625
v 3822.248291015625 -154 -2231.04541015625
v 3758.147705078125 -152 -2202.918212890625
v 3758.147705078125 -154 -2202.918212890625
v 3758.147705078125 -152 -2202.918212890625
v 3758.147705078125 -154 -2202.918212890625
v 3730.020751953125 -152 -2267.018798828125
v 3730.020751953125 -154 -2267.018798828125
v 3730.020751953125 -152 -2267.018798828125
v 3730.020751953125 -154 -2267.018798828125
v 3794.12109375 -152 -2295.145751953125
v 3794.12109375 -154 -2295.145751953125
v 3794.12109375 -152 -2295.145751953125
v 3794.12109375 -154 -2295.145751953125
v 3822.248291015625 -152 -2231.04541015625
v 3822.248291015625 -154 -2231.04541015625
v 3751.134521484375 -152 -2249.031982421875
v 3751.134521484375 -154 -2249.031982421875
v 3752.889892578125 -152 -2239.82958984375
v 3752.889892578125 -154 -2239.82958984375
v 3758.456787109375 -152 -2231.3544921875
v 3758.456787109375 -154 -2231.3544921875
v 3766.93212890625 -152 -2225.787353515625
v 3766.93212890625 -154 -2225.787353515625
v 3776.134521484375 -152 -2224.031982421875
v 3776.134521484375 -154 -2224.031982421875
v 3785.3369140625 -152 -2225.787353515625
v 3785.3369140625 -154 -2225.787353515625
v 3793.812255859375 -152 -2231.3544921875
v 3793.812255859375 -154 -2231.3544921875
v 3799.379150390625 -152 -2239.82958984375
v 3799.379150390625 -154 -2239.82958984375
v 3801.134521484375 -152 -2249.031982421875
v 3801.134521484375 -154 -2249.031982421875
v 3799.379150390625 -152 -2258.234375
v 3799.379150390625 -154 -2258.234375
v 3793.812255859375 -152 -2266.709716796875
v 3793.812255859375 -154 -2266.709716796875
v 3785.3369140625 -152 -2272.27685546875
v 3785.3369140625 -154 -2272.27685546875
v 3776.134521484375 -152 -2274.031982421875
v 3776.134521484375 -154 -2274.031982421875
v 3766.93212890625 -152 -2272.27685546875
v 3766.93212890625 -154 -2272.27685546875
v 3758.456787109375 -152 -2266.709716796875
v 3758.456787109375 -154 -2266.709716796875
v 3752.889892578125 -152 -2258.234375
v 3752.889892578125 -154 -2258.234375
v 3751.134521484375 -152 -2249.031982421875
v 3751.134521484375 -154 -2249.031982421875
v 3822.248291015625 -152 -2231.04541015625
v 3758.147705078125 -152 -2202.918212890625
v 3730.020751953125 -152 -2267.018798828125
v 3794.12109375 -152 -2295.145751953125
v 3751.134521484375 -152 -2249.031982421875
v 3752.889892578125 -152 -2239.82958984375
v 3758.456787109375 -152 -2231.3544921875
v 3766.93212890625 -152 -2225.787353515625
v 3776.134521484375 -152 -2224.031982421875
v 3785.3369140625 -152 -2225.787353515625
v 3793.812255859375 -152 -2231.3544921875
v 3799.379150390625 -152 -2239.82958984375
v 3801.134521484375 -152 -2249.031982421875
v 3799.379150390625 -152 -2258.234375
v 3793.812255859375 -152 -2266.709716796875
v 3785.3369140625 -152 -2272.27685546875
v 3776.134521484375 -152 -2274.031982421875
v 3766.93212890625 -152 -2272.27685546875
v 3758.456787109375 -152 -2266.709716796875
v 3752.889892578125 -152 -2258.234375
v 3822.248291015625 -154 -2231.04541015625
v 3758.147705078125 -154 -2202.918212890625
v 3730.020751953125 -154 -2267.018798828125
v 3794.12109375 -154 -2295.145751953125
v 3751.134521484375 -154 -2249.031982421875
v 3752.889892578125 -154 -2239.82958984375
v 3758.456787109375 -154 -2231.3544921875
v 3766.93212890625 -154 -2225.787353515625
v 3776.134521484375 -154 -2224.031982421875
v 3785.3369140625 -154 -2225.787353515625
v 3793.812255859375 -154 -2231.3544921875
v 3799.379150390625 -154 -2239.82958984375
v 3801.134521484375 -154 -2249.031982421875
v 3799.379150390625 -154 -2258.234375
v 3793.812255859375 -154 -2266.709716796875
v 3785.3369140625 -154 -2272.27685546875
v 3776.134521484375 -154 -2274.031982421875
v 3766.93212890625 -154 -2272.27685546875
v 3758.456787109375 -154 -2266.709716796875
v 3752.889892578125 -154 -2258.234375
vt 0 0
vt 0 0.50704199075698853
vt 0.0062081096693873405 0
vt 0.0062081096693873405 0.50704199075698853
vt 0.0062081096693873405 0
vt 0.0062081096693873405 0.50704199075698853
vt 0.012416219338774681 0
vt 0.012416219338774681 0.50704199075698853
vt 0.012416219338774681 0
vt 0.012416219338774681 0.50704199075698853
vt 0.018624328076839447 0
vt 0.018624328076839447 0.50704199075698853
vt 0.018624328076839447 0
vt 0.018624328076839447 0.50704199075698853
vt 0.024832438677549362 0
vt 0.024832438677549362 0.50704199075698853
vt 0.024832438677549362 0
vt 0.024832438677549362 0.50704199075698853
vt 0.085780411958694458 0
vt 0.085780411958694458 0.50704199075698853
vt 0.14672838151454926 0
vt 0.14672838151454926 0.50704199075698853
vt 0.20767635107040405 0
vt 0.20767635107040405 0.50704199075698853
vt 0.26862433552742004 0
vt 0.26862433552742004 0.50704199075698853
vt 0.32957229018211365 0
vt 0.32957229018211365 0.50704199075698853
vt 0.39052027463912964 0
vt 0.39052027463912964 0.50704199075698853
vt 0.45146825909614563 0
vt 0.45146825909614563 0.50704199075698853
vt 0.51241624355316162 0
vt 0.51241624355316162 0.50704199075698853
vt 0.57336419820785522 0
vt 0.57336419820785522 0.50704199075698853
vt 0.63431215286254883 0
vt 0.63431215286254883 0.50704199075698853
vt 0.69526010751724243 0
vt 0.69526010751724243 0.50704199075698853
vt 0.75620812177658081 0
vt 0.75620812177658081 0.50704199075698853
vt 0.81715607643127441 0
vt 0.81715607643127441 0.50704199075698853
vt 0.87810403108596802 0
vt 0.87810403108596802 0.50704199075698853
vt 0.9390520453453064 0
vt 0.9390520453453064 0.50704199075698853
vt 1 0
vt 1 0.50704199075698853
vt 0.16052563488483429 0.5070425271987915
vt 0 0.5070425271987915
vt 0 1
vt 0.16052563488483429 1
vt 0.027764014899730682 0.82426333427429199
vt 0.022970501333475113 0.7599528431892395
vt 0.026851426810026169 0.6895449161529541
vt 0.03951939195394516 0.62966209650039673
vt 0.057226505130529404 0.59230291843414307
vt 0.078168459236621857 0.57758253812789917
vt 0.10109594464302063 0.58950042724609375
vt 0.12059604376554489 0.6284024715423584
vt 0.13276161253452301 0.68277913331985474
vt 0.13755513727664948 0.747089684009552
vt 0.13367420434951782 0.8174976110458374
vt 0.12100624293088913 0.87738037109375
vt 0.10329912602901459 0.91473960876464844
vt 0.082357175648212433 0.92945998907089233
vt 0.05942969024181366 0.91754204034805298
vt 0.039929591119289398 0.87864005565643311
vt 0.16052563488483429 1
vt 0 1
vt 0 0.5070425271987915
vt 0.16052563488483429 0.5070425271987915
vt 0.027764014899730682 0.68277913331985474
vt 0.022970501333475113 0.747089684009552
vt 0.026851426810026169 0.8174976110458374
vt 0.03951939195394516 0.87738037109375
vt 0.057226505130529404 0.91473960876464844
vt 0.078168459236621857 0.92945998907089233
vt 0.10109594464302063 0.91754204034805298
vt 0.12059604376554489 0.87864005565643311
vt 0.13276161253452301 0.82426333427429199
vt 0.13755513727664948 0.7599528431892395
vt 0.13367420434951782 0.6895449161529541
vt 0.12100624293088913 0.62966209650039673
vt 0.10329912602901459 0.59230291843414307
vt 0.082357175648212433 0.57758253812789917
vt 0.05942969024181366 0.58950042724609375
vt 0.039929591119289398 0.6284024715423584
vn 0.40181541442871094 0 0.91572070121765137
vn 0.40181541442871094 0 0.91572070121765137
vn 0.40181541442871094 0 0.91572070121765137
vn 0.40181541442871094 0 0.91572070121765137
vn -0.91572070121765137 0 0.40181541442871094
vn -0.91572070121765137 0 0.40181541442871094
vn -0.91572070121765137 0 0.40181541442871094
vn -0.91572070121765137 0 0.40181541442871094
vn -0.40181541442871094 0 -0.91572070121765137
vn -0.40181541442871094 0 -0.91572070121765137
vn -0.40181541442871094 0 -0.91572070121765137
vn -0.40181541442871094 0 -0.91572070121765137
vn 0.91572070121765137 0 -0.40181541442871094
vn 0.91572070121765137 0 -0.40181541442871094
vn 0.91572070121765137 0 -0.40181541442871094
vn 0.91572070121765137 0 -0.40181541442871094
vn 1 0 0
vn 1 0 0
vn 0.92978829145431519 0 -0.36809471249580383
vn 0.92978829145431519 0 -0.36809471249580383
vn 0.70710676908493042 0 -0.70710676908493042
vn 0.70710676908493042 0 -0.70710676908493042
vn 0.36809471249580383 0 -0.92978829145431519
vn 0.36809471249580383 0 -0.92978829145431519
vn 0 0 -1
vn 0 0 -1
vn -0.36809471249580383 0 -0.92978829145431519
vn -0.36809471249580383 0 -0.92978829145431519
vn -0.70710676908493042 0 -0.70710676908493042
vn -0.70710676908493042 0 -0.70710676908493042
vn -0.92978829145431519 0 -0.36809471249580383
vn -0.92978829145431519 0 -0.36809471249580383
vn -1 0 0
vn -1 0 0
vn -0.92978829145431519 0 0.36809471249580383
vn -0.92978829145431519 0 0.36809471249580383
vn -0.70710676908493042 0 0.70710676908493042
vn -0.70710676908493042 0 0.70710676908493042
vn -0.36809471249580383 0 0.92978829145431519
vn -0.36809471249580383 0 0.92978829145431519
vn 0 0 1
vn 0 0 1
vn 0.36809471249580383 0 0.92978829145431519
vn 0.36809471249580383 0 0.92978829145431519
vn 0.70710676908493042 0 0.70710676908493042
vn 0.70710676908493042 0 0.70710676908493042
vn 0.92978829145431519 0 0.36809471249580383
vn 0.92978829145431519 0 0.36809471249580383
vn 1 0 0
vn 1 0 0
vn 0 1 0
vn 0 1 0
vn 0 1 0
vn 0 1 0
vn 0 1 0
vn 0 1 0
vn 0 1 0
vn 0 1 0
vn 0 1 0
vn 0 1 0
vn 0 1 0
vn 0 1 0
vn 0 1 0
vn 0 1 0
vn 0 1 0
vn 0 1 0
vn 0 1 0
vn 0 1 0
vn 0 1 0
vn 0 1 0
vn 0 -1 0
vn 0 -1 0
vn 0 -1 0
vn 0 -1 0
vn 0 -1 0
vn 0 -1 0
vn 0 -1 0
vn 0 -1 0
vn 0 -1 0
vn 0 -1 0
vn 0 -1 0
vn 0 -1 0
vn 0 -1 0
vn 0 -1 0
vn 0 -1 0
vn 0 -1 0
vn 0 -1 0
vn 0 -1 0
vn 0 -1 0
vn 0 -1 0
f 2521/2521/2521 2523/2523/2523 2524/2524/2524 2522/2522/2522
f 2525/2525/2525 2527/2527/2527 2528/2528/2528 2526/2526/2526
f 2529/2529/2529 2531/2531/2531 2532/2532/2532 2530/2530/2530
f 2533/2533/2533 2535/2535/2535 2536/2536/2536 2534/2534/2534
f 2537/2537/2537 2539/2539/2539 2540/2540/2540 2538/2538/2538
f 2539/2539/2539 2541/2541/2541 2542/2542/2542 2540/2540/2540
f 2541/2541/2541 2543/2543/2543 2544/2544/2544 2542/2542/2542
f 2543/2543/2543 2545/2545/2545 2546/2546/2546 2544/2544/2544
f 2545/2545/2545 2547/2547/2547 2548/2548/2548 2546/2546/2546
f 2547/2547/2547 2549/2549/2549 2550/2550/2550 2548/2548/2548
f 2549/2549/2549 2551/2551/2551 2552/2552/2552 2550/2550/2550
f 2551/2551/2551 2553/2553/2553 2554/2554/2554 2552/2552/2552
f 2553/2553/2553 2555/2555/2555 2556/2556/2556 2554/2554/2554
f 2555/2555/2555 2557/2557/2557 2558/2558/2558 2556/2556/2556
f 2557/2557/2557 2559/2559/2559 2560/2560/2560 2558/2558/2558
f 2559/2559/2559 2561/2561/2561 2562/2562/2562 2560/2560/2560
f 2561/2561/2561 2563/2563/2563 2564/2564/2564 2562/2562/2562
f 2563/2563/2563 2565/2565/2565 2566/2566/2566 2564/2564/2564
f 2565/2565/2565 2567/2567/2567 2568/2568/2568 2566/2566/2566
f 2567/2567/2567 2569/2569/2569 2570/2570/2570 2568/2568/2568
f 2572/2572/2572 2576/2576/2576 2573/2573/2573
f 2575/2575/2575 2573/2573/2573 2576/2576/2576
f 2573/2573/2573 2575/2575/2575 2590/2590/2590
f 2573/2573/2573 2590/2590/2590 2589/2589/2589
f 2589/2589/2589 2588/2588/2588 2573/2573/2573
f 2578/2578/2578 2577/2577/2577 2572/2572/2572
f 2576/2576/2576 2572/2572/2572 2577/2577/2577
f 2572/2572/2572 2580/2580/2580 2579/2579/2579
f 2572/2572/2572 2579/2579/2579 2578/2578/2578
f 2571/2571/2571 2580/2580/2580 2572/2572/2572
f 2574/2574/2574 2588/2588/2588 2587/2587/2587
f 2585/2585/2585 2574/2574/2574 2586/2586/2586
f 2587/2587/2587 2586/2586/2586 2574/2574/2574
f 2584/2584/2584 2574/2574/2574 2585/2585/2585
f 2574/2574/2574 2573/2573/2573 2588/2588/2588
f 2571/2571/2571 2582/2582/2582 2581/2581/2581
f 2571/2571/2571 2584/2584/2584 2583/2583/2583
f 2574/2574/2574 2584/2584/2584 2571/2571/2571
f 2582/2582/2582 2571/2571/2571 2583/2583/2583
f 2580/2580/2580 2571/2571/2571 2581/2581/2581
f 2592/2592/2592 2593/2593/2593 2596/2596/2596
f 2595/2595/2595 2596/2596/2596 2593/2593/2593
f 2593/2593/2593 2610/2610/2610 2595/2595/2595
f 2593/2593/2593 2609/2609/2609 2610/2610/2610
f 2609/2609/2609 2593/2593/2593 2608/2608/2608
f 2598/2598/2598 2592/2592/2592 2597/2597/2597
f 2596/2596/2596 2597/2597/2597 2592/2592/2592
f 2592/2592/2592 2599/2599/2599 2600/2600/2600
f 2592/2592/2592 2598/2598/2598 2599/2599/2599
f 2591/2591/2591 2592/2592/2592 2600/2600/2600
f 2594/2594/2594 2607/2607/2607 2608/2608/2608
f 2605/2605/2605 2606/2606/2606 2594/2594/2594
f 2607/2607/2607 2594/2594/2594 2606/2606/2606
f 2604/2604/2604 2605/2605/2605 2594/2594/2594
f 2594/2594/2594 2608/2608/2608 2593/2593/2593
f 2591/2591/2591 2601/2601/2601 2602/2602/2602
f 2591/2591/2591 2603/2603/2603 2604/2604/2604
f 2594/2594/2594 2591/2591/2591 2604/2604/2604
f 2602/2602/2602 2603/2603/2603 2591/2591/2591
f 2600/2600/2600 2601/2601/2601 2591/2591/2591
usemtl diffuse_Black
v 3812.15625 -164 -2226.616943359375
v 3812.15625 -166 -2226.616943359375
v 3753.719482421875 -164 -2213.01025390625
v 3753.719482421875 -166 -2213.01025390625
v 3753.719482421875 -164 -2213.01025390625
v 3753.719482421875 -166 -2213.01025390625
v 3740.11279296875 -164 -2271.447021484375
v 3740.11279296875 -166 -2271.447021484375
v 3740.11279296875 -164 -2271.447021484375
v 3740.11279296875 -166 -2271.447021484375
v 3798.549560546875 -164 -2285.0537109375
v 3798.549560546875 -166 -2285.0537109375
v 3798.549560546875 -164 -2285.0537109375
v 3798.549560546875 -166 -2285.0537109375
v 3812.15625 -164 -2226.616943359375
v 3812.15625 -166 -2226.616943359375
v 3756.134521484375 -164 -2249.031982421875
v 3756.134521484375 -166 -2249.031982421875
v 3757.538818359375 -164 -2241.670166015625
v 3757.538818359375 -166 -2241.670166015625
v 3761.992431640625 -164 -2234.889892578125
v 3761.992431640625 -166 -2234.889892578125
v 3768.772705078125 -164 -2230.436279296875
v 3768.772705078125 -166 -2230.436279296875
v 3776.134521484375 -164 -2229.031982421875
v 3776.134521484375 -166 -2229.031982421875
v 3783.496337890625 -164 -2230.436279296875
v 3783.496337890625 -166 -2230.436279296875
v 3790.276611328125 -164 -2234.889892578125
v 3790.276611328125 -166 -2234.889892578125
v 3794.730224609375 -164 -2241.670166015625
v 3794.730224609375 -166 -2241.670166015625
v 3796.134521484375 -164 -2249.031982421875
v 3796.134521484375 -166 -2249.031982421875
v 3794.730224609375 -164 -2256.39404296875
v 3794.730224609375 -166 -2256.39404296875
v 3790.276611328125 -164 -2263.17431640625
v 3790.276611328125 -166 -2263.17431640625
v 3783.496337890625 -164 -2267.6279296875
v 3783.496337890625 -166 -2267.6279296875
v 3776.134521484375 -164 -2269.031982421875
v 3776.134521484375 -166 -2269.031982421875
v 3768.772705078125 -164 -2267.6279296875
v 3768.772705078125 -166 -2267.6279296875
v 3761.992431640625 -164 -2263.17431640625
v 3761.992431640625 -166 -2263.17431640625
v 3757.538818359375 -164 -2256.39404296875
v 3757.538818359375 -166 -2256.39404296875
v 3756.134521484375 -164 -2249.031982421875
v 3756.134521484375 -166 -2249.031982421875
v 3812.15625 -164 -2226.616943359375
v 3753.719482421875 -164 -2213.01025390625
v 3740.11279296875 -164 -2271.447021484375
v 3798.549560546875 -164 -2285.0537109375
v 3756.134521484375 -164 -2249.031982421875
v 3757.538818359375 -164 -2241.670166015625
v 3761.992431640625 -164 -2234.889892578125
v 3768.772705078125 -164 -2230.436279296875
v 3776.134521484375 -164 -2229.031982421875
v 3783.496337890625 -164 -2230.436279296875
v 3790.276611328125 -164 -2234.889892578125
v 3794.730224609375 -164 -2241.670166015625
v 3796.134521484375 -164 -2249.031982421875
v 3794.730224609375 -164 -2256.39404296875
v 3790.276611328125 -164 -2263.17431640625
v 3783.496337890625 -164 -2267.6279296875
v 3776.134521484375 -164 -2269.031982421875
v 3768.772705078125 -164 -2267.6279296875
v 3761.992431640625 -164 -2263.17431640625
v 3757.538818359375 -164 -2256.39404296875
v 3812.15625 -166 -2226.616943359375
v 3753.719482421875 -166 -2213.01025390625
v 3740.11279296875 -166 -2271.447021484375
v 3798.549560546875 -166 -2285.0537109375
v 3756.134521484375 -166 -2249.031982421875
v 3757.538818359375 -166 -2241.670166015625
v 3761.992431640625 -166 -2234.889892578125
v 3768.772705078125 -166 -2230.436279296875
v 3776.134521484375 -166 -2229.031982421875
v 3783.496337890625 -166 -2230.436279296875
v 3790.276611328125 -166 -2234.889892578125
v 3794.730224609375 -166 -2241.670166015625
v 3796.134521484375 -166 -2249.031982421875
v 3794.730224609375 -166 -2256.39404296875
v 3790.276611328125 -166 -2263.17431640625
v 3783.496337890625 -166 -2267.6279296875
v 3776.134521484375 -166 -2269.031982421875
v 3768.772705078125 -166 -2267.6279296875
v 3761.992431640625 -166 -2263.17431640625
v 3757.538818359375 -166 -2256.39404296875
vt 0 0
vt 0 0.50819647312164307
vt 0.0077122584916651249 0
vt 0.0077122584916651249 0.50819647312164307
vt 0.0077122584916651249 0
vt 0.0077122584916651249 0.50819647312164307
vt 0.01542451698333025 0
vt 0.01542451698333025 0.50819647312164307
vt 0.01542451698333025 0
vt 0.01542451698333025 0.50819647312164307
vt 0.023136775940656662 0
vt 0.023136775940656662 0.50819647312164307
vt 0.023136775940656662 0
vt 0.023136775940656662 0.50819647312164307
vt 0.0308490339666605 0
vt 0.0308490339666605 0.50819647312164307
vt 0.0308490339666605 0
vt 0.0308490339666605 0.50819647312164307
vt 0.091420970857143402 0
vt 0.091420970857143402 0.50819647312164307
vt 0.15199290215969086 0
vt 0.15199290215969086 0.50819647312164307
vt 0.21256484091281891 0
vt 0.21256484091281891 0.50819647312164307
vt 0.27313676476478577 0
vt 0.27313676476478577 0.50819647312164307
vt 0.33370870351791382 0
vt 0.33370870351791382 0.50819647312164307
vt 0.39428064227104187 0
vt 0.39428064227104187 0.50819647312164307
vt 0.45485258102416992 0
vt 0.45485258102416992 0.50819647312164307
vt 0.51542448997497559 0
vt 0.51542448997497559 0.50819647312164307
vt 0.57599645853042603 0
vt 0.57599645853042603 0.50819647312164307
vt 0.63656836748123169 0
vt 0.63656836748123169 0.50819647312164307
vt 0.69714033603668213 0
vt 0.69714033603668213 0.50819647312164307
vt 0.75771224498748779 0
vt 0.75771224498748779 0.50819647312164307
vt 0.81828421354293823 0
vt 0.81828421354293823 0.50819647312164307
vt 0.8788561224937439 0
vt 0.8788561224937439 0.50819647312164307
vt 0.93942809104919434 0
vt 0.93942809104919434 0.50819647312164307
vt 1 0
vt 1 0.50819647312164307
vt 0 1
vt 0.16444936394691467 1
vt 0.16444936394691467 0.50819694995880127
vt 0 0.50819694995880127
vt 0.13561296463012695 0.71692168712615967
vt 0.13644035160541534 0.77830314636230469
vt 0.12876608967781067 0.84070944786071777
vt 0.11343501508235931 0.88886690139770508
vt 0.094655886292457581 0.91376173496246338
vt 0.074131123721599579 0.91623610258102417
vt 0.053263653069734573 0.89328545331954956
vt 0.037160739302635193 0.84743624925613403
vt 0.02883639931678772 0.79127532243728638
vt 0.028009019792079926 0.72989386320114136
vt 0.035683277994394302 0.6674875020980835
vt 0.051014352589845657 0.61933004856109619
vt 0.069793477654457092 0.59443521499633789
vt 0.090318240225315094 0.5919608473777771
vt 0.1111857146024704 0.61491155624389648
vt 0.12728862464427948 0.66076070070266724
vt 0 0.50819694995880127
vt 0.16444936394691467 0.50819694995880127
vt 0.16444936394691467 1
vt 0 1
vt 0.13561296463012695 0.79127532243728638
vt 0.13644035160541534 0.72989386320114136
vt 0.12876608967781067 0.6674875020980835
vt 0.11343501508235931 0.61933004856109619
vt 0.094655886292457581 0.59443521499633789
vt 0.074131123721599579 0.5919608473777771
vt 0.053263653069734573 0.61491155624389648
vt 0.037160739302635193 0.66076070070266724
vt 0.02883639931678772 0.71692168712615967
vt 0.028009019792079926 0.77830314636230469
vt 0.035683277994394302 0.84070944786071777
vt 0.051014352589845657 0.88886690139770508
vt 0.069793477654457092 0.91376173496246338
vt 0.090318240225315094 0.91623610258102417
vt 0.1111857146024704 0.89328545331954956
vt 0.12728862464427948 0.84743624925613403
vn 0.22677867114543915 0 0.97394633293151855
vn 0.22677867114543915 0 0.97394633293151855
vn 0.22677867114543915 0 0.97394633293151855
vn 0.22677867114543915 0 0.97394633293151855
vn -0.97394633293151855 0 0.22677867114543915
vn -0.97394633293151855 0 0.22677867114543915
vn -0.97394633293151855 0 0.22677867114543915
vn -0.97394633293151855 0 0.22677867114543915
vn -0.22677867114543915 0 -0.97394633293151855
vn -0.22677867114543915 0 -0.97394633293151855
vn -0.22677867114543915 0 -0.97394633293151855
vn -0.22677867114543915 0 -0.97394633293151855
vn 0.97394633293151855 0 -0.22677867114543915
vn 0.97394633293151855 0 -0.22677867114543915
vn 0.97394633293151855 0 -0.22677867114543915
vn 0.97394633293151855 0 -0.22677867114543915
vn 1 0 0
vn 1 0 0
vn 0.92978829145431519 0 -0.36809471249580383
vn 0.92978829145431519 0 -0.36809471249580383
vn 0.70710676908493042 0 -0.70710676908493042
vn 0.70710676908493042 0 -0.70710676908493042
vn 0.36809471249580383 0 -0.92978829145431519
vn 0.36809471249580383 0 -0.92978829145431519
vn 0 0 -1
vn 0 0 -1
vn -0.36809471249580383 0 -0.92978829145431519
vn -0.36809471249580383 0 -0.92978829145431519
vn -0.70710676908493042 0 -0.70710676908493042
vn -0.70710676908493042 0 -0.70710676908493042
vn -0.92978829145431519 0 -0.36809471249580383
vn -0.92978829145431519 0 -0.36809471249580383
vn -1 0 0
vn -1 0 0
vn -0.92978829145431519 0 0.36809471249580383
vn -0.92978829145431519 0 0.36809471249580383
vn -0.70710676908493042 0 0.70710676908493042
vn -0.70710676908493042 0 0.70710676908493042
vn -0.36809471249580383 0 0.92978829145431519
vn -0.36809471249580383 0 0.92978829145431519
vn 0 0 1
vn 0 0 1
vn 0.36809471249580383 0 0.92978829145431519
vn 0.36809471249580383 0 0.92978829145431519
vn 0.70710676908493042 0 0.70710676908493042
vn 0.70710676908493042 0 0.70710676908493042
vn 0.92978829145431519 0 0.36809471249580383
vn 0.92978829145431519 0 0.36809471249580383
vn 1 0 0
vn 1 0 0
vn 0 1 0
vn 0 1 0
vn 0 1 0
vn 0 1 0
vn 0 1 0
vn 0 1 0
vn 0 1 0
vn 0 1 0
vn 0 1 0
vn 0 1 0
vn 0 1 0
vn 0 1 0
vn 0 1 0
vn 0 1 0
vn 0 1 0
vn 0 1 0
vn 0 1 0
vn 0 1 0
vn 0 1 0
vn 0 1 0
vn 0 -1 0
vn 0 -1 0
vn 0 -1 0
vn 0 -1 0
vn 0 -1 0
vn 0 -1 0
vn 0 -1 0
vn 0 -1 0
vn 0 -1 0
vn 0 -1 0
vn 0 -1 0
vn 0 -1 0
vn 0 -1 0
vn 0 -1 0
vn 0 -1 0
vn 0 -1 0
vn 0 -1 0
vn 0 -1 0
vn 0 -1 0
vn 0 -1 0
f 2611/2611/2611 2613/2613/2613 2614/2614/2614 2612/2612/2612
f 2615/2615/2615 2617/2617/2617 2618/2618/2618 2616/2616/2616
f 2619/2619/2619 2621/2621/2621 2622/2622/2622 2620/2620/2620
f 2623/2623/2623 2625/2625/2625 2626/2626/2626 2624/2624/2624
f 2627/2627/2627 2629/2629/2629 2630/2630/2630 2628/2628/2628
f 2629/2629/2629 2631/2631/2631 2632/2632/2632 2630/2630/2630
f 2631/2631/2631 2633/2633/2633 2634/2634/2634 2632/2632/2632
f 2633/2633/2633 2635/2635/2635 2636/2636/2636 2634/2634/2634
f 2635/2635/2635 2637/2637/2637 2638/2638/2638 2636/2636/2636
f 2637/2637/2637 2639/2639/2639 2640/2640/2640 2638/2638/2638
f 2639/2639/2639 2641/2641/2641 2642/2642/2642 2640/2640/2640
f 2641/2641/2641 2643/2643/2643 2644/2644/2644 2642/2642/2642
f 2643/2643/2643 2645/2645/2645 2646/2646/2646 2644/2644/2644
f 2645/2645/2645 2647/2647/2647 2648/2648/2648 2646/2646/2646
f 2647/2647/2647 2649/2649/2649 2650/2650/2650 2648/2648/2648
f 2649/2649/2649 2651/2651/2651 2652/2652/2652 2650/2650/2650
f 2651/2651/2651 2653/2653/2653 2654/2654/2654 2652/2652/2652
f 2653/2653/2653 2655/2655/2655 2656/2656/2656 2654/2654/2654
f 2655/2655/2655 2657/2657/2657 2658/2658/2658 2656/2656/2656
f 2657/2657/2657 2659/2659/2659 2660/2660/2660 2658/2658/2658
f 2674/2674/2674 2673/2673/2673 2661/2661/2661
f 2672/2672/2672 2661/2661/2661 2673/2673/2673
f 2661/2661/2661 2672/2672/2672 2671/2671/2671
f 2661/2661/2661 2671/2671/2671 2670/2670/2670
f 2670/2670/2670 2662/2662/2662 2661/2661/2661
f 2675/2675/2675 2674/2674/2674 2664/2664/2664
f 2661/2661/2661 2664/2664/2664 2674/2674/2674
f 2664/2664/2664 2677/2677/2677 2676/2676/2676
f 2664/2664/2664 2676/2676/2676 2675/2675/2675
f 2678/2678/2678 2677/2677/2677 2664/2664/2664
f 2662/2662/2662 2669/2669/2669 2668/2668/2668
f 2666/2666/2666 2662/2662/2662 2667/2667/2667
f 2668/2668/2668 2667/2667/2667 2662/2662/2662
f 2663/2663/2663 2662/2662/2662 2666/2666/2666
f 2662/2662/2662 2670/2670/2670 2669/2669/2669
f 2663/2663/2663 2679/2679/2679 2678/2678/2678
f 2663/2663/2663 2665/2665/2665 2680/2680/2680
f 2666/2666/2666 2665/2665/2665 2663/2663/2663
f 2679/2679/2679 2663/2663/2663 2680/2680/2680
f 2664/2664/2664 2663/2663/2663 2678/2678/2678
f 2694/2694/2694 2681/2681/2681 2693/2693/2693
f 2692/2692/2692 2693/2693/2693 2681/2681/2681
f 2681/2681/2681 2691/2691/2691 2692/2692/2692
f 2681/2681/2681 2690/2690/2690 2691/2691/2691
f 2690/2690/2690 2681/2681/2681 2682/2682/2682
f 2695/2695/2695 2684/2684/2684 2694/2694/2694
f 2681/2681/2681 2694/2694/2694 2684/2684/2684
f 2684/2684/2684 2696/2696/2696 2697/2697/2697
f 2684/2684/2684 2695/2695/2695 2696/2696/2696
f 2698/2698/2698 2684/2684/2684 2697/2697/2697
f 2682/2682/2682 2688/2688/2688 2689/2689/2689
f 2686/2686/2686 2687/2687/2687 2682/2682/2682
f 2688/2688/2688 2682/2682/2682 2687/2687/2687
f 2683/2683/2683 2686/2686/2686 2682/2682/2682
f 2682/2682/2682 2689/2689/2689 2690/2690/2690
f 2683/2683/2683 2698/2698/2698 2699/2699/2699
f 2683/2683/2683 2700/2700/2700 2685/2685/2685
f 2686/2686/2686 2683/2683/2683 2685/2685/2685
f 2699/2699/2699 2700/2700/2700 2683/2683/2683
f 2684/2684/2684 2698/2698/2698 2683/2683/2683
usemtl diffuse_Black
v 3801.15869140625 -176 -2224.056396484375
v 3801.15869140625 -178 -2224.056396484375
v 3751.15869140625 -176 -2224.0078125
v 3751.15869140625 -178 -2224.0078125
v 3751.15869140625 -176 -2224.0078125
v 3751.15869140625 -178 -2224.0078125
v 3751.1103515625 -176 -2274.0078125
v 3751.1103515625 -178 -2274.0078125
v 3751.1103515625 -176 -2274.0078125
v 3751.1103515625 -178 -2274.0078125
v 3801.1103515625 -176 -2274.056396484375
v 3801.1103515625 -178 -2274.056396484375
v 3801.1103515625 -176 -2274.056396484375
v 3801.1103515625 -178 -2274.056396484375
v 3801.15869140625 -176 -2224.056396484375
v 3801.15869140625 -178 -2224.056396484375
v 3761.134521484375 -176 -2249.031982421875
v 3761.134521484375 -178 -2249.031982421875
v 3762.187744140625 -176 -2243.5107421875
v 3762.187744140625 -178 -2243.5107421875
v 3765.52783203125 -176 -2238.425537109375
v 3765.52783203125 -178 -2238.425537109375
v 3770.613037109375 -176 -2235.085205078125
v 3770.613037109375 -178 -2235.085205078125
v 3776.134521484375 -176 -2234.031982421875
v 3776.134521484375 -178 -2234.031982421875
v 3781.656005859375 -176 -2235.085205078125
v 3781.656005859375 -178 -2235.085205078125
v 3786.7412109375 -176 -2238.425537109375
v 3786.7412109375 -178 -2238.425537109375
v 3790.081298828125 -176 -2243.5107421875
v 3790.081298828125 -178 -2243.5107421875
v 3791.134521484375 -176 -2249.031982421875
v 3791.134521484375 -178 -2249.031982421875
v 3790.081298828125 -176 -2254.553466796875
v 3790.081298828125 -178 -2254.553466796875
v 3786.7412109375 -176 -2259.638671875
v 3786.7412109375 -178 -2259.638671875
v 3781.656005859375 -176 -2262.97900390625
v 3781.656005859375 -178 -2262.97900390625
v 3776.134521484375 -176 -2264.031982421875
v 3776.134521484375 -178 -2264.031982421875
v 3770.613037109375 -176 -2262.97900390625
v 3770.613037109375 -178 -2262.97900390625
v 3765.52783203125 -176 -2259.638671875
v 3765.52783203125 -178 -2259.638671875
v 3762.187744140625 -176 -2254.553466796875
v 3762.187744140625 -178 -2254.553466796875
v 3761.134521484375 -176 -2249.031982421875
v 3761.134521484375 -178 -2249.031982421875
v 3801.15869140625 -176 -2224.056396484375
v 3751.15869140625 -176 -2224.0078125
v 3751.1103515625 -176 -2274.0078125
v 3801.1103515625 -176 -2274.056396484375
v 3761.134521484375 -176 -2249.031982421875
v 3762.187744140625 -176 -2243.5107421875
v 3765.52783203125 -176 -2238.425537109375
v 3770.613037109375 -176 -2235.085205078125
v 3776.134521484375 -176 -2234.031982421875
v 3781.656005859375 -176 -2235.085205078125
v 3786.7412109375 -176 -2238.425537109375
v 3790.081298828125 -176 -2243.5107421875
v 3791.134521484375 -176 -2249.031982421875
v 3790.081298828125 -176 -2254.553466796875
v 3786.7412109375 -176 -2259.638671875
v 3781.656005859375 -176 -2262.97900390625
v 3776.134521484375 -176 -2264.031982421875
v 3770.613037109375 -176 -2262.97900390625
v 3765.52783203125 -176 -2259.638671875
v 3762.187744140625 -176 -2254.553466796875
v 3801.15869140625 -178 -2224.056396484375
v 3751.15869140625 -178 -2224.0078125
v 3751.1103515625 -178 -2274.0078125
v 3801.1103515625 -178 -2274.056396484375
v 3761.134521484375 -178 -2249.031982421875
v 3762.187744140625 -178 -2243.5107421875
v 3765.52783203125 -178 -2238.425537109375
v 3770.613037109375 -178 -2235.085205078125
v 3776.134521484375 -178 -2234.031982421875
v 3781.656005859375 -178 -2235.085205078125
v 3786.7412109375 -178 -2238.425537109375
v 3790.081298828125 -178 -2243.5107421875
v 3791.134521484375 -178 -2249.031982421875
v 3790.081298828125 -178 -2254.553466796875
v 3786.7412109375 -178 -2259.638671875
v 3781.656005859375 -178 -2262.97900390625
v 3776.134521484375 -178 -2264.031982421875
v 3770.613037109375 -178 -2262.97900390625
v 3765.52783203125 -178 -2259.638671875
v 3762.187744140625 -178 -2254.553466796875
vt 0 0
vt 0 0.50979435443878174
vt 0.010178347118198872 0
vt 0.010178347118198872 0.50979435443878174
vt 0.010178347118198872 0
vt 0.010178347118198872 0.50979435443878174
vt 0.020356694236397743 0
vt 0.020356694236397743 0.50979435443878174
vt 0.020356694236397743 0
vt 0.020356694236397743 0.50979435443878174
vt 0.03053504042327404 0
vt 0.03053504042327404 0.50979435443878174
vt 0.03053504042327404 0
vt 0.03053504042327404 0.50979435443878174
vt 0.040713388472795486 0
vt 0.040713388472795486 0.50979435443878174
vt 0.040713388472795486 0
vt 0.040713388472795486 0.50979435443878174
vt 0.10066880285739899 0
vt 0.10066880285739899 0.50979435443878174
vt 0.16062422096729279 0
vt 0.16062422096729279 0.50979435443878174
vt 0.22057962417602539 0
vt 0.22057962417602539 0.50979435443878174
vt 0.28053504228591919 0
vt 0.28053504228591919 0.50979435443878174
vt 0.34049046039581299 0
vt 0.34049046039581299 0.50979435443878174
vt 0.40044587850570679 0
vt 0.40044587850570679 0.50979435443878174
vt 0.4604012668132782 0
vt 0.4604012668132782 0.50979435443878174
vt 0.52035671472549438 0
vt 0.52035671472549438 0.50979435443878174
vt 0.58031213283538818 0
vt 0.58031213283538818 0.50979435443878174
vt 0.64026749134063721 0
vt 0.64026749134063721 0.50979435443878174
vt 0.70022290945053101 0
vt 0.70022290945053101 0.50979435443878174
vt 0.7601783275604248 0
vt 0.7601783275604248 0.50979435443878174
vt 0.8201337456703186 0
vt 0.8201337456703186 0.50979435443878174
vt 0.8800891637802124 0
vt 0.8800891637802124 0.50979435443878174
vt 0.9400445818901062 0
vt 0.9400445818901062 0.50979435443878174
vt 1 0
vt 1 0.50979435443878174
vt 0.00016509419947396964 0.50979489088058472
vt 0 0.99952518939971924
vt 0.17027617990970612 1
vt 0.17044128477573395 0.51026970148086548
vt 0.085220642387866974 0.90181660652160645
vt 0.066417299211025238 0.89150112867355347
vt 0.049099590629339218 0.85878497362136841
vt 0.03772437572479248 0.80897760391235352
vt 0.034137759357690811 0.75489741563796997
vt 0.03772437572479248 0.7008172869682312
vt 0.049099590629339218 0.65100991725921631
vt 0.066417299211025238 0.61829370260238647
vt 0.085220642387866974 0.60797828435897827
vt 0.10402397811412811 0.61829370260238647
vt 0.12134169042110443 0.65100991725921631
vt 0.13271690905094147 0.7008172869682312
vt 0.13630351424217224 0.75489741563796997
vt 0.13271690905094147 0.80897760391235352
vt 0.12134169042110443 0.85878497362136841
vt 0.10402397811412811 0.89150112867355347
vt 0.00016509419947396964 1
vt 0 0.51026970148086548
vt 0.17027617990970612 0.50979489088058472
vt 0.17044128477573395 0.99952518939971924
vt 0.085220642387866974 0.60797828435897827
vt 0.066417299211025238 0.61829370260238647
vt 0.049099590629339218 0.65100991725921631
vt 0.03772437572479248 0.7008172869682312
vt 0.034137759357690811 0.75489741563796997
vt 0.03772437572479248 0.80897760391235352
vt 0.049099590629339218 0.85878497362136841
vt 0.066417299211025238 0.89150112867355347
vt 0.085220642387866974 0.90181660652160645
vt 0.10402397811412811 0.89150112867355347
vt 0.12134169042110443 0.85878497362136841
vt 0.13271690905094147 0.80897760391235352
vt 0.13630351424217224 0.75489741563796997
vt 0.13271690905094147 0.7008172869682312
vt 0.12134169042110443 0.65100991725921631
vt 0.10402397811412811 0.61829370260238647
vn 0.00096956669585779309 0 0.9999995231628418
vn 0.00096956669585779309 0 0.9999995231628418
vn 0.00096956669585779309 0 0.9999995231628418
vn 0.00096956669585779309 0 0.9999995231628418
vn -0.9999995231628418 0 0.00096956669585779309
vn -0.9999995231628418 0 0.00096956669585779309
vn -0.9999995231628418 0 0.00096956669585779309
vn -0.9999995231628418 0 0.00096956669585779309
vn -0.00096956669585779309 0 -0.9999995231628418
vn -0.00096956669585779309 0 -0.9999995231628418
vn -0.00096956669585779309 0 -0.9999995231628418
vn -0.00096956669585779309 0 -0.9999995231628418
vn 0.9999995231628418 0 -0.00096956669585779309
vn 0.9999995231628418 0 -0.00096956669585779309
vn 0.9999995231628418 0 -0.00096956669585779309
vn 0.9999995231628418 0 -0.00096956669585779309
vn 1 0 0
vn 1 0 0
vn 0.92978829145431519 0 -0.36809471249580383
vn 0.92978829145431519 0 -0.36809471249580383
vn 0.70710676908493042 0 -0.70710676908493042
vn 0.70710676908493042 0 -0.70710676908493042
vn 0.36809471249580383 0 -0.92978829145431519
vn 0.36809471249580383 0 -0.92978829145431519
vn 0 0 -1
vn 0 0 -1
vn -0.36809471249580383 0 -0.92978829145431519
vn -0.36809471249580383 0 -0.92978829145431519
vn -0.70710676908493042 0 -0.70710676908493042
vn -0.70710676908493042 0 -0.70710676908493042
vn -0.92978829145431519 0 -0.36809471249580383
vn -0.92978829145431519 0 -0.36809471249580383
vn -1 0 0
vn -1 0 0
vn -0.92978829145431519 0 0.36809471249580383
vn -0.92978829145431519 0 0.36809471249580383
vn -0.70710676908493042 0 0.70710676908493042
vn -0.70710676908493042 0 0.70710676908493042
vn -0.36809471249580383 0 0.92978829145431519
vn -0.36809471249580383 0 0.92978829145431519
vn 0 0 1
vn 0 0 1
vn 0.36809471249580383 0 0.92978829145431519
vn 0.36809471249580383 0 0.92978829145431519
vn 0.70710676908493042 0 0.70710676908493042
vn 0.70710676908493042 0 0.70710676908493042
vn 0.92978829145431519 0 0.36809471249580383
vn 0.92978829145431519 0 0.36809471249580383
vn 1 0 0
vn 1 0 0
vn 0 1 0
vn 0 1 0
vn 0 1 0
vn 0 1 0
vn 0 1 0
vn 0 1 0
vn 0 1 0
vn 0 1 0
vn 0 1 0
vn 0 1 0
vn 0 1 0
vn 0 1 0
vn 0 1 0
vn 0 1 0
vn 0 1 0
vn 0 1 0
vn 0 1 0
vn 0 1 0
vn 0 1 0
vn 0 1 0
vn 0 -1 0
vn 0 -1 0
vn 0 -1 0
vn 0 -1 0
vn 0 -1 0
vn 0 -1 0
vn 0 -1 0
vn 0 -1 0
vn 0 -1 0
vn 0 -1 0
vn 0 -1 0
vn 0 -1 0
vn 0 -1 0
vn 0 -1 0
vn 0 -1 0
vn 0 -1 0
vn 0 -1 0
vn 0 -1 0
vn 0 -1 0
vn 0 -1 0
f 2701/2701/2701 2703/2703/2703 2704/2704/2704 2702/2702/2702
f 2705/2705/2705 2707/2707/2707 2708/2708/2708 2706/2706/2706
f 2709/2709/2709 2711/2711/2711 2712/2712/2712 2710/2710/2710
f 2713/2713/2713 2715/2715/2715 2716/2716/2716 2714/2714/2714
f 2717/2717/2717 2719/2719/2719 2720/2720/2720 2718/2718/2718
f 2719/2719/2719 2721/2721/2721 2722/2722/2722 2720/2720/2720
f 2721/2721/2721 2723/2723/2723 2724/2724/2724 2722/2722/2722
f 2723/2723/2723 2725/2725/2725 2726/2726/2726 2724/2724/2724
f 2725/2725/2725 2727/2727/2727 2728/2728/2728 2726/2726/2726
f 2727/2727/2727 2729/2729/2729 2730/2730/2730 2728/2728/2728
f 2729/2729/2729 2731/2731/2731 2732/2732/2732 2730/2730/2730
f 2731/2731/2731 2733/2733/2733 2734/2734/2734 2732/2732/2732
f 2733/2733/2733 2735/2735/2735 2736/2736/2736 2734/2734/2734
f 2735/2735/2735 2737/2737/2737 2738/2738/2738 2736/2736/2736
f 2737/2737/2737 2739/2739/2739 2740/2740/2740 2738/2738/2738
f 2739/2739/2739 2741/2741/2741 2742/2742/2742 2740/2740/2740
f 2741/2741/2741 2743/2743/2743 2744/2744/2744 2742/2742/2742
f 2743/2743/2743 2745/2745/2745 2746/2746/2746 2744/2744/2744
f 2745/2745/2745 2747/2747/2747 2748/2748/2748 2746/2746/2746
f 2747/2747/2747 2749/2749/2749 2750/2750/2750 2748/2748/2748
f 2755/2755/2755 2770/2770/2770 2753/2753/2753
f 2769/2769/2769 2753/2753/2753 2770/2770/2770
f 2753/2753/2753 2769/2769/2769 2768/2768/2768
f 2753/2753/2753 2768/2768/2768 2767/2767/2767
f 2767/2767/2767 2754/2754/2754 2753/2753/2753
f 2756/2756/2756 2755/2755/2755 2752/2752/2752
f 2753/2753/2753 2752/2752/2752 2755/2755/2755
f 2752/2752/2752 2758/2758/2758 2757/2757/2757
f 2752/2752/2752 2757/2757/2757 2756/2756/2756
f 2759/2759/2759 2758/2758/2758 2752/2752/2752
f 2754/2754/2754 2766/2766/2766 2765/2765/2765
f 2763/2763/2763 2754/2754/2754 2764/2764/2764
f 2765/2765/2765 2764/2764/2764 2754/2754/2754
f 2751/2751/2751 2754/2754/2754 2763/2763/2763
f 2754/2754/2754 2767/2767/2767 2766/2766/2766
f 2751/2751/2751 2760/2760/2760 2759/2759/2759
f 2751/2751/2751 2762/2762/2762 2761/2761/2761
f 2763/2763/2763 2762/2762/2762 2751/2751/2751
f 2760/2760/2760 2751/2751/2751 2761/2761/2761
f 2752/2752/2752 2751/2751/2751 2759/2759/2759
f 2775/2775/2775 2773/2773/2773 2790/2790/2790
f 2789/2789/2789 2790/2790/2790 2773/2773/2773
f 2773/2773/2773 2788/2788/2788 2789/2789/2789
f 2773/2773/2773 2787/2787/2787 2788/2788/2788
f 2787/2787/2787 2773/2773/2773 2774/2774/2774
f 2776/2776/2776 2772/2772/2772 2775/2775/2775
f 2773/2773/2773 2775/2775/2775 2772/2772/2772
f 2772/2772/2772 2777/2777/2777 2778/2778/2778
f 2772/2772/2772 2776/2776/2776 2777/2777/2777
f 2779/2779/2779 2772/2772/2772 2778/2778/2778
f 2774/2774/2774 2785/2785/2785 2786/2786/2786
f 2783/2783/2783 2784/2784/2784 2774/2774/2774
f 2785/2785/2785 2774/2774/2774 2784/2784/2784
f 2771/2771/2771 2783/2783/2783 2774/2774/2774
f 2774/2774/2774 2786/2786/2786 2787/2787/2787
f 2771/2771/2771 2779/2779/2779 2780/2780/2780
f 2771/2771/2771 2781/2781/2781 2782/2782/2782
f 2783/2783/2783 2771/2771/2771 2782/2782/2782
f 2780/2780/2780 2781/2781/2781 2771/2771/2771
f 2772/2772/2772 2779/2779/2779 2771/2771/2771
